District,Road_Slot,Latitude,Longitude
Pontianak North,I,-0.0177428700135727,109.3425198933207
Pontianak North,I,-0.000289971364132,109.32383625302252
Pontianak North,I,-0.0061156960646148,109.33075715550036
Pontianak North,I,-0.00642811166557,109.33107321924774
Pontianak North,I,-0.0121335939705571,109.33636106172403
Pontianak North,I,0.0100656223178903,109.29538391506648
Pontianak North,I,0.0065165159984991,109.30447329712014
Pontianak North,I,0.0032725271886673,109.31386264593516
Pontianak North,I,0.0011951976755623,109.31998575059364
Pontianak North,I,0.0117156058852595,109.29137574870089
Pontianak North,I,-0.0154417943276542,109.361881141192
Pontianak North,I,-0.0162082222778521,109.35720301912974
Pontianak North,I,-0.0185078146262073,109.3509229769192
Pontianak North,I,-0.0182912904912769,109.3451850869362
Pontianak North,I,-0.0178663244716731,109.3428748330482
Pontianak North,I,-0.0147635657994733,109.36318359862172
Pontianak North,I,-0.0095499802027276,109.3634200256889
Pontianak North,I,-0.0027496290070958,109.36380218217292
Pontianak North,I,0.0021752575587352,109.3642131697948
Pontianak North,I,0.0017616473975456,109.36416832861704
Pontianak North,I,0.012304198891051,109.36500962021844
Pontianak North,I,0.0152661193326635,109.36951798668495
Pontianak North,I,-0.0156097089560732,109.3635547796754
Pontianak North,I,-0.0149512733560378,109.36515320685372
Pontianak North,I,-0.0152947593433505,109.36835619331578
Pontianak North,I,-0.0154689138953072,109.3741877375869
Pontianak North,I,-0.0146652762941466,109.37628832541296
Pontianak East,I,-0.0251224444067024,109.36238083960534
Pontianak East,I,-0.0229867409887592,109.3626950534182
Pontianak East,I,-0.024273287216351,109.3625740846266
Pontianak East,I,-0.0248121945667107,109.36246838653524
Pontianak East,I,-0.0157153156251572,109.36280087157888
Pontianak East,I,-0.0342110649691982,109.35672797579517
Pontianak East,I,-0.0339767764661118,109.35709774066414
Pontianak East,I,-0.0335776516424062,109.3577425759827
Pontianak East,I,-0.0309103892563025,109.36049032248016
Pontianak East,I,-0.0282845776046651,109.36149515525295
Pontianak East,I,-0.0347382618507083,109.35593358056708
Pontianak South,I,-0.0392680428542887,109.34825275109982
Pontianak South,I,-0.0377122278244003,109.35048001288764
Pontianak South,I,-0.0398214120946125,109.3483358967458
Pontianak South,I,-0.0438710246644368,109.35221197745844
Pontianak South,I,-0.039304854575254,109.34789514870536
Pontianak South,I,-0.0370524335350803,109.34684645420752
Pontianak South,I,-0.0339406687507602,109.3461526356887
Pontianak South,I,-0.0298577916812345,109.3445426151218
Pontianak South,I,-0.0272841478228782,109.34295418737692
Pontianak South,I,-0.040856955631226,109.3462155589768
Pontianak South,I,-0.0415641535446853,109.34520210859095
Pontianak South,I,-0.0457993523398515,109.34256720099526
Pontianak South,I,-0.0508333555915939,109.3457665859812
Pontianak South,I,-0.0452463988076426,109.34109265222504
Pontianak South,I,-0.0415683583186331,109.337935858843
Pontianak South,I,-0.0386358384489013,109.3355380659364
Pontianak South,I,-0.0365550522496194,109.33385844893438
Pontianak City,I,-0.0260101772099827,109.34222541142124
Pontianak City,I,-0.0236940671547528,109.34033575462
Pontianak City,I,-0.0248239310909823,109.3413084135443
Pontianak City,I,-0.0198200806541717,109.33548095925464
Pontianak City,I,-0.018193943927592,109.33343623866696
Pontianak City,I,-0.0342621490942188,109.33191272888236
Pontianak City,I,-0.0337961358709504,109.33162069275582
Pontianak City,I,-0.0321082490699878,109.33057162396813
Pontianak City,I,-0.0290731823279146,109.32867522270564
Pontianak City,I,-0.0281710285669331,109.3281986182924
Pontianak City,I,-0.0258394792758465,109.32678948796088
Pontianak City,I,-0.0197788937692601,109.32643910435804
Pontianak City,I,-0.0357368925322236,109.33253879421667
Pontianak City,I,-0.037460857622364,109.33048964532956
Pontianak City,I,-0.0387954887498622,109.32905398479208
Pontianak City,I,-0.0404236380905424,109.32715302794594
Pontianak City,I,-0.0421138350261531,109.32522937611571
Pontianak City,I,-0.0435807347458585,109.32363497012018
Pontianak City,I,-0.0447286688391651,109.32245766038504
Pontianak City,I,-0.0496491203967635,109.31759221025494
Pontianak City,I,-0.0510400492641455,109.31617633167608
Pontianak City,I,-0.0548810520516697,109.31228454329786
Pontianak City,I,-0.0593315295445024,109.3078706875922
Pontianak City,I,-0.0626220754854478,109.30458852683743
Pontianak West,I,-0.0181946899023549,109.33126704554132
Pontianak West,I,-0.0186002395824285,109.32930200703218
Pontianak West,I,-0.0195961665240259,109.32374520833676
Pontianak West,I,-0.0204549167740225,109.31933279834573
Pontianak West,I,-0.0211884726776775,109.31604789189524
Pontianak West,I,-0.0221901291234661,109.31247140292632
Pontianak West,I,-0.0230493450996039,109.30993037306102
Pontianak West,I,-0.023338611489567,109.30478159545947
Pontianak West,I,-0.0237218962012453,109.3040306997414
Pontianak West,I,-0.0264302610402509,109.30014653601356
Pontianak West,I,-0.0284891206813923,109.29664629186055
Pontianak West,I,-0.0310503334690364,109.2939199296895
Pontianak West,I,-0.0375337072990789,109.2871833677122
Pontianak West,I,-0.0407668128146522,109.2836912265012
Pontianak West,I,-0.0159479517332832,109.330696715416
Pontianak West,I,-0.0110604017636903,109.3233804435472
Pontianak West,I,-0.0083547018146234,109.31981081717514
Pontianak West,I,-0.0060348555235026,109.31567478204528
Pontianak West,I,-0.0067072740814944,109.31044569414804
Pontianak West,I,-0.004956359053178,109.30284173000216
Pontianak West,I,-0.006887690854331,109.29166193447313
Pontianak West,I,-0.0055451931392766,109.2870373153198
Pontianak Southeast,I,-0.0521977001877976,109.3467861562218
Pontianak Southeast,I,-0.0594586089406567,109.35279107813268
Pontianak Southeast,I,-0.06202225432952,109.35508382381802
Pontianak Southeast,I,-0.0655898568483996,109.35813052799628
Pontianak Southeast,I,-0.0660056578392776,109.35850460250758
Pontianak Southeast,I,-0.0458188678741902,109.35383546424453
Pontianak Southeast,I,-0.0492490475346536,109.35677494492865
Pontianak Southeast,I,-0.0503673114147093,109.35798934931609
Pontianak Southeast,I,-0.051105221564057,109.35890892499604
Pontianak Southeast,I,-0.0536509943395982,109.36160275032822
Pontianak Southeast,I,-0.0570649672789435,109.36384285329515
Pontianak Southeast,I,-0.0595762358089057,109.36556720600524
Pontianak North,II,0.0134429825102063,109.29199201401168
Pontianak North,II,0.0108532367498936,109.29484576687102
Pontianak North,II,0.0132176410530192,109.2956036767599
Pontianak North,II,0.0138045692264948,109.2957828983955
Pontianak North,II,0.0182172074391827,109.29695715579524
Pontianak North,II,0.0220843467534679,109.29806821844562
Pontianak North,II,0.0105008250242861,109.29856224361984
Pontianak North,II,0.0079130889049168,109.2998288044362
Pontianak North,II,0.0131330345550049,109.3019773555524
Pontianak North,II,0.0196165493170538,109.30479875549732
Pontianak North,II,0.0210046559233867,109.30541724785576
Pontianak North,II,0.0244711264816837,109.30642152010076
Pontianak North,II,0.0076314959491162,109.30143350402636
Pontianak North,II,0.0055720135400124,109.30170927024962
Pontianak North,II,0.0052484864089454,109.3020183381619
Pontianak North,II,0.0074974936174433,109.30223402648096
Pontianak North,II,0.0062548615944866,109.30715856871664
Pontianak North,II,0.0124874517363937,109.30885778080906
Pontianak North,II,0.0066637420491038,109.3077405482804
Pontianak North,II,0.0123071790544904,109.30942420480406
Pontianak North,II,0.0059378035473978,109.30921585664728
Pontianak North,II,0.0117200622064527,109.31082609945
Pontianak North,II,0.0087946856898187,109.3106614827867
Pontianak North,II,0.0066129663614014,109.31138826152528
Pontianak North,II,0.010428088094367,109.31113245712147
Pontianak North,II,0.0153898306312411,109.31069846435484
Pontianak North,II,0.0169603847341442,109.31056744156994
Pontianak North,II,0.0201268457954164,109.3107695551044
Pontianak North,II,0.0206923437065268,109.31087524691402
Pontianak North,II,0.0306855367926171,109.31131284940784
Pontianak North,II,0.0055280505776395,109.31209004681376
Pontianak North,II,0.0099869303980633,109.31444494256156
Pontianak North,II,0.0072174085741944,109.3132496825624
Pontianak North,II,0.0100909287520794,109.31567197021036
Pontianak North,II,0.0058666350627415,109.31436700332002
Pontianak North,II,0.0091916502607726,109.31575135667318
Pontianak North,II,0.0056397179423027,109.3150013719747
Pontianak North,II,0.0089268774740603,109.31646663979176
Pontianak North,II,0.0056103427225597,109.31539848812857
Pontianak North,II,0.0058345259253924,109.31558828072228
Pontianak North,II,0.0100690629166818,109.31716124843852
Pontianak North,II,0.0055262721525637,109.3155892523805
Pontianak North,II,0.0040842096905388,109.31513329148645
Pontianak North,II,0.0053282428694316,109.31592220394894
Pontianak North,II,0.0086708184724738,109.31715688806088
Pontianak North,II,0.0049871181141464,109.31641023355957
Pontianak North,II,0.0034416786846128,109.31892008579916
Pontianak North,II,0.0039841824950268,109.3192074299938
Pontianak North,II,0.0093344624751685,109.32406815658317
Pontianak North,II,0.0199973846274033,109.32436347621784
Pontianak North,II,0.0223164939367668,109.32422799916176
Pontianak North,II,0.0245834969175136,109.32716473911468
Pontianak North,II,0.0249639508828554,109.33053375332004
Pontianak North,II,0.0238576374266126,109.34125057117674
Pontianak North,II,0.0208304735831781,109.35258865670149
Pontianak North,II,0.0161564128451602,109.36476416993744
Pontianak North,II,0.0033684362941247,109.32022261302632
Pontianak North,II,0.0016573737137373,109.3197177922282
Pontianak North,II,0.0046330087768158,109.3226159894889
Pontianak North,II,0.0015140618852552,109.31991421869832
Pontianak North,II,0.0015120502291378,109.32008655062752
Pontianak North,II,0.0020763912801217,109.32133048280384
Pontianak North,II,0.0043658684241541,109.32350075862142
Pontianak North,II,0.0061044799429927,109.32507758012852
Pontianak North,II,0.0090128461613561,109.32543873697074
Pontianak North,II,0.0141819028819624,109.3260950770818
Pontianak North,II,0.0034760294430221,109.32340223605456
Pontianak North,II,0.0006420061545708,109.32401725510984
Pontianak North,II,0.0039622122238262,109.3266893538758
Pontianak North,II,-0.0011651755325365,109.3232328378732
Pontianak North,II,-1.93383497339e-05,109.32555670675184
Pontianak North,II,-0.0011411677719264,109.32543419205552
Pontianak North,II,0.0015731483788538,109.32854662540348
Pontianak North,II,-0.0028853969059051,109.32853004958402
Pontianak North,II,0.00059024395435,109.3304091129723
Pontianak North,II,0.004683516630034,109.33257355596513
Pontianak North,II,0.0044962055660597,109.33255394629404
Pontianak North,II,0.0044101171437423,109.34569107431156
Pontianak North,II,0.0025159895922576,109.35395640883702
Pontianak North,II,0.0014483993722011,109.3624631315402
Pontianak North,II,-0.0003026034171223,109.33075066291882
Pontianak North,II,-0.0045962999943247,109.32971681135112
Pontianak North,II,-0.0013515439570854,109.3321293846804
Pontianak North,II,-0.00327086583827,109.33152734531372
Pontianak North,II,-0.00344537739763,109.33239339519524
Pontianak North,II,-0.0032178849374185,109.33180557957338
Pontianak North,II,-0.0063312320052132,109.3325501595122
Pontianak North,II,-0.0068219769725836,109.33248732837926
Pontianak North,II,-0.0085751848059652,109.33163478215847
Pontianak North,II,-0.0084673232056322,109.33208102682582
Pontianak North,II,-0.0072192653170578,109.3330798145952
Pontianak North,II,-0.0081005315400544,109.33321532394936
Pontianak North,II,-0.0029264422374571,109.3340746269566
Pontianak North,II,0.0224714037028679,109.33348234365393
Pontianak North,II,0.0083311821273296,109.33393164976955
Pontianak North,II,0.0134806004551819,109.33374857219408
Pontianak North,II,0.0149241795117441,109.3336829288948
Pontianak North,II,0.0168660118193339,109.33363811007848
Pontianak North,II,0.0189830259612117,109.33358561751686
Pontianak North,II,-0.002555835148319,109.3341715189744
Pontianak North,II,-0.0066937399543437,109.33661991883967
Pontianak North,II,-0.0078604969569089,109.3360207868278
Pontianak North,II,-0.0079444925625032,109.33647061106048
Pontianak North,II,-0.0097887522681654,109.3352981165728
Pontianak North,II,-0.0083907800944885,109.3389067606444
Pontianak North,II,-0.0094772342461399,109.33635571160336
Pontianak North,II,-0.0111409865379787,109.33702496426068
Pontianak North,II,-0.0116082369564598,109.33708684671493
Pontianak North,II,-0.0087439305299886,109.33901929804402
Pontianak North,II,-0.006267856838451,109.3424029659542
Pontianak North,II,-0.0034630336004519,109.3426851729265
Pontianak North,II,0.0042973543882862,109.34332601166
Pontianak North,II,0.0052984812658299,109.34308877830952
Pontianak North,II,0.0086606636049675,109.34172092991678
Pontianak North,II,0.0102109351177471,109.3411422625659
Pontianak North,II,0.0116019985838369,109.34073938275628
Pontianak North,II,0.023295703328804,109.34159468646774
Pontianak North,II,-0.0118078767750176,109.33837640488042
Pontianak North,II,-0.0116225905538295,109.33932734512376
Pontianak North,II,-0.0114659466101605,109.33966977159731
Pontianak North,II,-0.0080959671427353,109.34374949691323
Pontianak North,II,-0.012319066790372,109.33979320207077
Pontianak North,II,-0.0099965839411592,109.3427198099464
Pontianak North,II,-0.0138707708074363,109.33853540309322
Pontianak North,II,-0.0108811948899862,109.34231648942946
Pontianak North,II,-0.0149991939904981,109.33995139314496
Pontianak North,II,-0.0111349968591984,109.34296325286589
Pontianak North,II,-0.0149476817520416,109.3410722195382
Pontianak North,II,-0.0138783464210696,109.34270276983564
Pontianak North,II,-0.0133765433108516,109.3434026388906
Pontianak North,II,-0.0165639386910301,109.3421773263632
Pontianak North,II,-0.0173841191046211,109.34266871431151
Pontianak North,II,-0.0126808933108528,109.34429982985904
Pontianak North,II,-0.0068832945782317,109.34644083827666
Pontianak North,II,0.0019504481536408,109.3515399532577
Pontianak North,II,0.002764938845533,109.35204744107148
Pontianak North,II,-0.0191371494770714,109.34231600672238
Pontianak North,II,-0.0177420422118017,109.34359042050887
Pontianak North,II,-0.0140983969377735,109.34548863965227
Pontianak North,II,-0.0108560855602794,109.346990805073
Pontianak North,II,-0.0192916431635433,109.34314811773402
Pontianak North,II,-0.0143671811773483,109.34583841161351
Pontianak North,II,-0.020250339050737,109.34519785280648
Pontianak North,II,-0.0166375850025483,109.3462676193446
Pontianak North,II,-0.0204482532067333,109.34588301447693
Pontianak North,II,-0.0168591687183205,109.34672195730488
Pontianak North,II,-0.0172310981417945,109.34699565875808
Pontianak North,II,-0.0172191046171274,109.34788938591436
Pontianak North,II,-0.0169729810849248,109.3480109168623
Pontianak North,II,-0.0156782070368793,109.34862961144192
Pontianak North,II,-0.0107501576801336,109.35136423894468
Pontianak North,II,-0.0131641167860915,109.34965889426712
Pontianak North,II,-0.0206562384433701,109.34941747387435
Pontianak North,II,-0.0180333649070305,109.34987648855405
Pontianak North,II,-0.0205617571645682,109.3503311239608
Pontianak North,II,-0.016622778814283,109.35113606864104
Pontianak North,II,-0.0204699690803645,109.35104471876116
Pontianak North,II,-0.016066716306819,109.35164192564076
Pontianak North,II,-0.0174350072189267,109.35232685175224
Pontianak North,II,-0.0193956337881501,109.3520898497574
Pontianak North,II,-0.0188378435407515,109.35241152361424
Pontianak North,II,-0.0199622015437108,109.35254820151276
Pontianak North,II,-0.0210128409111068,109.34796867493104
Pontianak North,II,-0.0202916857999067,109.34489214548348
Pontianak North,II,-0.0193273274186615,109.34301635412788
Pontianak North,II,-0.0142010515049305,109.3534711575676
Pontianak North,II,-0.0155171913010082,109.35321003913948
Pontianak North,II,-0.0164214059621264,109.35353062558175
Pontianak North,II,-0.0159562010029524,109.35398742726122
Pontianak North,II,-0.0191624932898897,109.3537303319876
Pontianak North,II,-0.0186475737336357,109.3540473134996
Pontianak North,II,-0.0159926392047538,109.35439601367568
Pontianak North,II,-0.0167109278336557,109.35485466704772
Pontianak North,II,-0.0091924732377313,109.35545804512546
Pontianak North,II,-0.0029234617095007,109.3562864942874
Pontianak North,II,-0.0030436422997963,109.35626852250884
Pontianak North,II,0.0047097073148095,109.35723451305196
Pontianak North,II,0.0141935923498003,109.35844309865482
Pontianak North,II,0.0182918933474275,109.3592518636904
Pontianak North,II,-0.0157482860874891,109.35517243638851
Pontianak North,II,-0.0157138286022469,109.35541147964956
Pontianak North,II,-0.0156853772620128,109.35583653345115
Pontianak North,II,-0.0170320492826879,109.3562172859733
Pontianak North,II,-0.0147022898385196,109.35648752484023
Pontianak North,II,-0.0192020817296817,109.35691084507567
Pontianak North,II,-0.0163580399698651,109.3574028775128
Pontianak North,II,-0.0145631621739783,109.35777705839315
Pontianak North,II,-0.0177361742261579,109.35783923773164
Pontianak North,II,-0.0144153274701022,109.35823032612156
Pontianak North,II,-0.0188693119031353,109.35842172000088
Pontianak North,II,-0.0146458929631509,109.3588895030758
Pontianak North,II,-0.012698898477646,109.36005547731902
Pontianak North,II,-0.009980807809348,109.36038341463971
Pontianak North,II,-0.0082914092797278,109.36063038964464
Pontianak North,II,-0.0069923026209242,109.3608266288242
Pontianak North,II,-0.0037619149791833,109.3612396279866
Pontianak North,II,-0.0130591560609212,109.35942274207068
Pontianak North,II,-0.017948332309024,109.36005935627318
Pontianak North,II,-0.0131082474358047,109.36004653499477
Pontianak North,II,-0.014080335883622,109.3609561708754
Pontianak North,II,-0.0167461374067504,109.36226156727668
Pontianak North,II,-0.012974179077127,109.36200767361146
Pontianak North,II,-0.0145169149242946,109.3621482270483
Pontianak North,II,-0.0137785607785207,109.36214866258986
Pontianak North,II,-0.0128711186620582,109.36031030683212
Pontianak North,II,-0.0123860932907768,109.36099247086152
Pontianak North,II,-0.0148199139558306,109.36465158978064
Pontianak North,II,-0.0122760471772734,109.36268739089664
Pontianak North,II,-0.0116121793030316,109.36043335238188
Pontianak North,II,-0.0110193953580055,109.36417976349824
Pontianak North,II,-0.0101557984035749,109.360653346021
Pontianak North,II,-0.0094097134019807,109.36429942395291
Pontianak North,II,-0.0092887246192804,109.36107609996928
Pontianak North,II,-0.0092233546724749,109.36418308433277
Pontianak North,II,-0.0086193584898183,109.3608351019458
Pontianak North,II,-0.0084164542536215,109.36240255894832
Pontianak North,II,-0.0081140157876219,109.36434832792978
Pontianak North,II,-0.0080067549116664,109.36087450974884
Pontianak North,II,-0.0075849657942206,109.3614271838377
Pontianak North,II,-0.0065586098659938,109.36102194102088
Pontianak North,II,-0.0060071257971835,109.36418763916733
Pontianak North,II,-0.0046643978143212,109.36397740627493
Pontianak North,II,-0.0047275376632543,109.36810787674364
Pontianak North,II,-0.0040363799926532,109.36128753841297
Pontianak North,II,-0.0036807776049813,109.36152131662328
Pontianak North,II,-0.0028779060961518,109.36146088792772
Pontianak North,II,-0.0025360912160713,109.36155221356996
Pontianak North,II,-0.0021317895580857,109.36210201156976
Pontianak North,II,0.0003991445135909,109.36197026993352
Pontianak North,II,0.0043210240109225,109.36260487373016
Pontianak North,II,0.0009979108307853,109.36446697509716
Pontianak North,II,0.0005950048503321,109.37044060417084
Pontianak North,II,0.0072088795151629,109.36011240758144
Pontianak North,II,0.019460476709437,109.36814756904936
Pontianak North,II,-0.0177514193915906,109.36418155390146
Pontianak North,II,-0.0131711961974324,109.36502726808932
Pontianak North,II,-0.0131313858381524,109.36558876232225
Pontianak North,II,-0.0180330194975325,109.36485788712363
Pontianak North,II,-0.0135081205130898,109.3658242906448
Pontianak North,II,-0.0134521375224494,109.36617209690662
Pontianak North,II,-0.0142440162037424,109.36651617258882
Pontianak North,II,-0.0125981045280949,109.36746533859376
Pontianak North,II,-0.0123054286995399,109.3683538858437
Pontianak North,II,-0.0184912550609048,109.3670280325522
Pontianak North,II,-0.0119483177536765,109.3685635646572
Pontianak North,II,-0.0149823670788883,109.36820620757057
Pontianak North,II,-0.0123342072406473,109.36957845546164
Pontianak North,II,-0.013147714964355,109.37000643950324
Pontianak North,II,-0.013409006852498,109.37008978329428
Pontianak North,II,-0.0123220525648951,109.37081188551176
Pontianak North,II,-0.0152965055034419,109.3712080606946
Pontianak North,II,-0.0101020338274846,109.37205953614476
Pontianak North,II,-0.0176782655899571,109.37050602692766
Pontianak North,II,-0.013987124196743,109.37203837007576
Pontianak North,II,-0.0181731965657101,109.3718708277651
Pontianak North,II,-0.0136080905200276,109.37394641902227
Pontianak North,II,-0.0152993656964859,109.37353312091048
Pontianak North,II,-0.0124120720234646,109.3759855729556
Pontianak North,II,-0.0194731356496535,109.3721780002612
Pontianak North,II,-0.0142840023453715,109.37653889819208
Pontianak North,II,-0.0080397023757382,109.37529601525831
Pontianak North,II,-0.0061621957018719,109.37494699002931
Pontianak North,II,-0.0053354534185788,109.37478886908484
Pontianak North,II,0.000346923997158,109.37254421358188
Pontianak North,II,-0.001439016384694,109.37148550138848
Pontianak East,II,-0.0256178924139587,109.36188739086056
Pontianak East,II,-0.0257464077778309,109.35827656021124
Pontianak East,II,-0.0253167695018359,109.35333571945075
Pontianak East,II,-0.0250303439837214,109.35264829812756
Pontianak East,II,-0.0262992420011616,109.35021532738598
Pontianak East,II,-0.0255656279867879,109.36343468635155
Pontianak East,II,-0.0255097265051128,109.36735507556342
Pontianak East,II,-0.0256119122840178,109.37334997530613
Pontianak East,II,-0.026070244268526,109.37768360392673
Pontianak East,II,-0.0295908608547877,109.38243985964873
Pontianak East,II,-0.0344168057796654,109.35577332386784
Pontianak East,II,-0.0319557565231292,109.35403109613242
Pontianak East,II,-0.030427783718985,109.35270244734735
Pontianak East,II,-0.029213557367899,109.35175228946558
Pontianak East,II,-0.02644773042383,109.35011358869536
Pontianak East,II,-0.0348590697740163,109.35620562319902
Pontianak East,II,-0.0371844193415627,109.358407225672
Pontianak East,II,-0.038631390226151,109.35964129889264
Pontianak East,II,-0.0424159859656203,109.36349111950042
Pontianak East,II,-0.0451306932192482,109.36607890014658
Pontianak East,II,-0.0494134634699869,109.36963691363331
Pontianak East,II,-0.0586261239404486,109.37657837514044
Pontianak South,II,-0.0377271058471469,109.34987383930212
Pontianak South,II,-0.0383978879413732,109.35073103789784
Pontianak South,II,-0.0416285286023839,109.34757062452375
Pontianak South,II,-0.0417674903574631,109.34788027497989
Pontianak South,II,-0.0395833911328619,109.3506698231946
Pontianak South,II,-0.0394447869864889,109.35134830089828
Pontianak South,II,-0.0420604167624183,109.34817022074525
Pontianak South,II,-0.0402955433749117,109.35074539335665
Pontianak South,II,-0.0398364738556113,109.35219897953256
Pontianak South,II,-0.0408226512358131,109.35198501903652
Pontianak South,II,-0.040402916002582,109.35270226620052
Pontianak South,II,-0.0410429396063423,109.35323034749106
Pontianak South,II,-0.0438189570257793,109.35092412881497
Pontianak South,II,-0.0442889632089185,109.35144976215112
Pontianak South,II,-0.0421756061914556,109.3541954658663
Pontianak South,II,-0.0374276565431901,109.35016144960568
Pontianak South,II,-0.0374222977500637,109.34935886241256
Pontianak South,II,-0.0377836120509405,109.34774000090177
Pontianak South,II,-0.0387985608770046,109.34533507115052
Pontianak South,II,-0.036643032652738,109.34942999819503
Pontianak South,II,-0.037868603330819,109.34520143798284
Pontianak South,II,-0.0366680882710439,109.34619045477233
Pontianak South,II,-0.0360695894736496,109.34737666793562
Pontianak South,II,-0.0359720033726719,109.34702809562586
Pontianak South,II,-0.0356817693515279,109.34727595305984
Pontianak South,II,-0.0372295089097863,109.34322298188302
Pontianak South,II,-0.0344580976109353,109.34865697762184
Pontianak South,II,-0.0348776074717792,109.3456814232996
Pontianak South,II,-0.0340801015856684,109.3484202321487
Pontianak South,II,-0.0351490548369373,109.34585605655622
Pontianak South,II,-0.0363897703353248,109.34286422491802
Pontianak South,II,-0.0337901869739292,109.3483890906656
Pontianak South,II,-0.0337261027979683,109.34718961397
Pontianak South,II,-0.0346874123940475,109.344567927237
Pontianak South,II,-0.034357116648662,109.34444480066128
Pontianak South,II,-0.0334432191979245,109.34670785641649
Pontianak South,II,-0.033066628291285,109.34695820481812
Pontianak South,II,-0.0340203457141346,109.3443485192263
Pontianak South,II,-0.0329200424782081,109.34633406841432
Pontianak South,II,-0.0318880627282942,109.3471803053586
Pontianak South,II,-0.0326576789774044,109.34553158380322
Pontianak South,II,-0.034760479076586,109.34197037304084
Pontianak South,II,-0.0313971292387356,109.3448767832776
Pontianak South,II,-0.0313605954492944,109.34676972378573
Pontianak South,II,-0.0309189044486881,109.34665489826372
Pontianak South,II,-0.0305628378063523,109.3463759142189
Pontianak South,II,-0.0310421171542775,109.34496355303855
Pontianak South,II,-0.0332649154196187,109.34094238011716
Pontianak South,II,-0.0314613374647258,109.34283854631846
Pontianak South,II,-0.0296336934579757,109.3459398590997
Pontianak South,II,-0.0296822575141189,109.3451573885425
Pontianak South,II,-0.0301337129635465,109.34314331299704
Pontianak South,II,-0.0293212536638768,109.34502100244886
Pontianak South,II,-0.0289832953744209,109.34451205328833
Pontianak South,II,-0.0302439408500247,109.34119555385192
Pontianak South,II,-0.0308662495489792,109.3400821943084
Pontianak South,II,-0.0278356042085477,109.34499514902444
Pontianak South,II,-0.0290590236543626,109.34202489644844
Pontianak South,II,-0.0272203120161144,109.34476579988907
Pontianak South,II,-0.0284193334897393,109.3422223134005
Pontianak South,II,-0.0273469337068503,109.34275171147596
Pontianak South,II,-0.0302931852764564,109.33829886164207
Pontianak South,II,-0.0312489704893892,109.3370966609069
Pontianak South,II,-0.0338976768534603,109.33433411497064
Pontianak South,II,-0.0263832831910891,109.34434461852165
Pontianak South,II,-0.0409662682913014,109.34767125743578
Pontianak South,II,-0.0400693177602267,109.34667710942216
Pontianak South,II,-0.0398911968354446,109.34572934871352
Pontianak South,II,-0.0412404838508779,109.34776675240116
Pontianak South,II,-0.0414660586696366,109.34580500857638
Pontianak South,II,-0.0425535898209941,109.34551882210069
Pontianak South,II,-0.0444564097472427,109.346051016381
Pontianak South,II,-0.0461454825160812,109.34820732468988
Pontianak South,II,-0.0430418988310241,109.3507366247374
Pontianak South,II,-0.0410593904711251,109.34516047062696
Pontianak South,II,-0.036443246318939,109.34228222202518
Pontianak South,II,-0.0353076458267578,109.3418334664952
Pontianak South,II,-0.033149017579098,109.34064908024108
Pontianak South,II,-0.0298279048207484,109.33921101393469
Pontianak South,II,-0.0405760188306498,109.34390958762484
Pontianak South,II,-0.0408952953428468,109.34367412649424
Pontianak South,II,-0.0421775429366556,109.344933628678
Pontianak South,II,-0.0411003133640186,109.34351244869735
Pontianak South,II,-0.0416583856913005,109.34330288089816
Pontianak South,II,-0.0420186931713339,109.34305989994486
Pontianak South,II,-0.0434785030180398,109.34415896928284
Pontianak South,II,-0.0465038718025938,109.34794881904229
Pontianak South,II,-0.0439721601262249,109.34398351472572
Pontianak South,II,-0.0469630712661909,109.3477292166307
Pontianak South,II,-0.0430066759456032,109.34262982874668
Pontianak South,II,-0.0456833121961873,109.34532813723176
Pontianak South,II,-0.0427683329544468,109.3422979044085
Pontianak South,II,-0.04913611195194,109.34746375969743
Pontianak South,II,-0.0499077050887815,109.3455096481766
Pontianak South,II,-0.0463764637028559,109.34822839072724
Pontianak South,II,-0.0494798039310699,109.34282249209892
Pontianak South,II,-0.0480264814612007,109.34121577876384
Pontianak South,II,-0.0498398585726544,109.33643763486288
Pontianak South,II,-0.0487476557532319,109.33488960026853
Pontianak South,II,-0.0464905870968312,109.33290920358684
Pontianak South,II,-0.0436482370859322,109.33134078673446
Pontianak South,II,-0.0410042930972464,109.32971931195118
Pontianak South,II,-0.0401401692396976,109.32931075702736
Pontianak South,II,-0.042464313284542,109.34256766539492
Pontianak South,II,-0.0453595171250925,109.33570515561736
Pontianak South,II,-0.0466494173471473,109.33406750225711
Pontianak South,II,-0.0397413805090855,109.33760478170508
Pontianak South,II,-0.0420372811590732,109.3346085099572
Pontianak South,II,-0.0389361096110249,109.33720584383342
Pontianak South,II,-0.0401358626395793,109.33905055140544
Pontianak South,II,-0.0377294141647314,109.33924125522996
Pontianak South,II,-0.0404315104613521,109.3338628073299
Pontianak South,II,-0.0375393115203943,109.33596311569669
Pontianak South,II,-0.0381343530056148,109.33378772128924
Pontianak South,II,-0.0346608434894392,109.33598289250033
Pontianak South,II,-0.0369354726767118,109.33194156624918
Pontianak South,II,-0.0380766622764161,109.33186773456822
Pontianak South,II,-0.0425945392084934,109.33446427403794
Pontianak South,II,-0.0422817452707627,109.32727791281071
Pontianak South,II,-0.0444641382118458,109.32873861156668
Pontianak South,II,-0.0431923922395125,109.32469329962623
Pontianak South,II,-0.0449948534678666,109.3247045738791
Pontianak South,II,-0.0461162005739538,109.32428232494702
Pontianak South,II,-0.0468972745427239,109.32395748018538
Pontianak South,II,-0.047294866838382,109.3225608752518
Pontianak South,II,-0.0471499868538386,109.32089917468666
Pontianak South,II,-0.0487330648227192,109.3208412351201
Pontianak South,II,-0.0499926127962525,109.32118244807909
Pontianak South,II,-0.0505607899904439,109.32065432317722
Pontianak South,II,-0.0508419861271385,109.32010686832233
Pontianak South,II,-0.0505762237563317,109.31911677430246
Pontianak South,II,-0.0508141810654252,109.31889820252292
Pontianak South,II,-0.0514370077990937,109.31911558421524
Pontianak South,II,-0.0519259635172992,109.31917208729394
Pontianak South,II,-0.0512616894578923,109.3177204176998
Pontianak South,II,-0.0518903456094677,109.3174453539377
Pontianak South,II,-0.0517046446413792,109.31688868823257
Pontianak South,II,-0.0531332544431846,109.31820348372598
Pontianak South,II,-0.05363011402735,109.31778804234176
Pontianak South,II,-0.0537656264320745,109.31713711289734
Pontianak South,II,-0.0543440631267059,109.31755871986624
Pontianak South,II,-0.0544040099509568,109.31705579887344
Pontianak South,II,-0.0535147937243399,109.31492533889444
Pontianak South,II,-0.0538263352904596,109.3147198412132
Pontianak South,II,-0.0553679083928002,109.31650896661232
Pontianak South,II,-0.0550311522227384,109.3150587307562
Pontianak South,II,-0.0552412987391788,109.3145288458162
Pontianak South,II,-0.0559292230345708,109.31490576653138
Pontianak South,II,-0.0558455771262565,109.31348481615144
Pontianak South,II,-0.0570366822037193,109.31478050082325
Pontianak South,II,-0.0574272996265586,109.31484790571557
Pontianak South,II,-0.056007330867591,109.31169093827155
Pontianak South,II,-0.0564320688498843,109.31156221278437
Pontianak South,II,-0.0582135437932542,109.31380862693348
Pontianak South,II,-0.0583643866893731,109.31365789895015
Pontianak South,II,-0.0579705388920637,109.312176785958
Pontianak South,II,-0.0592612877441717,109.31315257583952
Pontianak South,II,-0.0587463361682432,109.30949169354469
Pontianak South,II,-0.0595085940145495,109.3086495001876
Pontianak South,II,-0.0611598884009038,109.31005198989324
Pontianak South,II,-0.060702021818858,109.30705764781968
Pontianak South,II,-0.061014773714045,109.30672008067228
Pontianak South,II,-0.0631615069443631,109.3078545531689
Pontianak South,II,-0.0641057748272985,109.30946262260495
Pontianak South,II,-0.0624394895199564,109.30530506585544
Pontianak South,II,-0.063931191695802,109.3072391428997
Pontianak South,II,-0.0645571196683444,109.30558170724106
Pontianak South,II,-0.0659366113167898,109.30769978727568
Pontianak City,II,-0.0279570826265346,109.34141952817949
Pontianak City,II,-0.0291584281368849,109.33955266574416
Pontianak City,II,-0.029443548894793,109.33535811779836
Pontianak City,II,-0.0279514710921699,109.3336238961829
Pontianak City,II,-0.0263597701128479,109.34401498022804
Pontianak City,II,-0.0273928290168358,109.3408831700514
Pontianak City,II,-0.0256679624197934,109.3435922165378
Pontianak City,II,-0.0272427867153743,109.3397863797564
Pontianak City,II,-0.0251301365727417,109.34297269097692
Pontianak City,II,-0.0253571637467718,109.34247721060636
Pontianak City,II,-0.0266211275542203,109.3393905448279
Pontianak City,II,-0.0246820766948147,109.3424176307504
Pontianak City,II,-0.0254381375044753,109.34049032863456
Pontianak City,II,-0.0239085572113169,109.34213811933436
Pontianak City,II,-0.0257577329635354,109.34408761980946
Pontianak City,II,-0.0256450488706391,109.33854571718106
Pontianak City,II,-0.0236708373287602,109.34194454583516
Pontianak City,II,-0.024848067107231,109.33884936199011
Pontianak City,II,-0.0243727920838582,109.3387537992036
Pontianak City,II,-0.0229464241737782,109.34061605744444
Pontianak City,II,-0.0242578608632165,109.33769632290571
Pontianak City,II,-0.0221649360203662,109.3402052813501
Pontianak City,II,-0.020705331370148,109.3369152603864
Pontianak City,II,-0.0223172601012456,109.33418149448352
Pontianak City,II,-0.023712880334173,109.33325533272784
Pontianak City,II,-0.0208824083907529,109.33400598008222
Pontianak City,II,-0.0194293897234721,109.33396413781152
Pontianak City,II,-0.0199440447905874,109.33304434013046
Pontianak City,II,-0.0209495482689757,109.3314967248841
Pontianak City,II,-0.0185276595548697,109.33256445978247
Pontianak City,II,-0.0187868740860373,109.32974933530292
Pontianak City,II,-0.0201606841139747,109.32604768478964
Pontianak City,II,-0.0202981740651233,109.3257902631892
Pontianak City,II,-0.0198032666433751,109.32514770436204
Pontianak City,II,-0.0202024758970166,109.32487580558109
Pontianak City,II,-0.0204504701287891,109.32459825959172
Pontianak City,II,-0.0205686970284364,109.32415944083542
Pontianak City,II,-0.0205898265027556,109.32386143445744
Pontianak City,II,-0.0209576858515461,109.3237538667472
Pontianak City,II,-0.0215971920511438,109.32331239329928
Pontianak City,II,-0.0204479187709124,109.3221692947781
Pontianak City,II,-0.0219830688642021,109.32218218944506
Pontianak City,II,-0.0213798116267102,109.32152855841916
Pontianak City,II,-0.0228869144509689,109.32020446661176
Pontianak City,II,-0.0220916011911655,109.31852099699952
Pontianak City,II,-0.0226100724233684,109.31736461063846
Pontianak City,II,-0.0243923883562722,109.31709742568567
Pontianak City,II,-0.0218109895150438,109.31618242998832
Pontianak City,II,-0.0238881849262055,109.31621393216518
Pontianak City,II,-0.0238011569572722,109.31583698616424
Pontianak City,II,-0.0244416873049808,109.31492162818002
Pontianak City,II,-0.0238522741047326,109.3141508747921
Pontianak City,II,-0.0242145239821297,109.3132904231009
Pontianak City,II,-0.0240553484189409,109.31225846305936
Pontianak City,II,-0.0232434292719695,109.3112868562092
Pontianak City,II,-0.0241372079874583,109.3111024038731
Pontianak City,II,-0.0244006866055801,109.310744427237
Pontianak City,II,-0.0274607076298231,109.30844222506632
Pontianak City,II,-0.0248237374654543,109.3106258156315
Pontianak City,II,-0.0259236241916516,109.31074128518404
Pontianak City,II,-0.0259419425974463,109.310557013199
Pontianak City,II,-0.026114844996945,109.3102912787917
Pontianak City,II,-0.0246084141711187,109.30767642991472
Pontianak City,II,-0.0250088139854461,109.3076040784608
Pontianak City,II,-0.026488924692094,109.3072455049145
Pontianak City,II,-0.0277882860449329,109.30680766023276
Pontianak City,II,-0.027351663922146,109.30632430866066
Pontianak City,II,-0.026944929598834,109.30521244708476
Pontianak City,II,-0.0320586908609723,109.29976620900972
Pontianak City,II,-0.030634180661484,109.29835689450408
Pontianak City,II,-0.0350837590003509,109.32920533529078
Pontianak City,II,-0.0344513678351589,109.3292231910654
Pontianak City,II,-0.0339981305033417,109.32852176352868
Pontianak City,II,-0.0316031608917815,109.32978859310587
Pontianak City,II,-0.0307325197956897,109.33047255563798
Pontianak City,II,-0.0322992288964719,109.3280494217682
Pontianak City,II,-0.0313465979418652,109.32823242178796
Pontianak City,II,-0.0307764986978323,109.32743968634634
Pontianak City,II,-0.0299722329589535,109.32773300722478
Pontianak City,II,-0.0279203075896417,109.32974371967155
Pontianak City,II,-0.03019945213994,109.32671576069494
Pontianak City,II,-0.0296617202214362,109.32638480503616
Pontianak City,II,-0.0275999440952624,109.32871821230394
Pontianak City,II,-0.0272979403873354,109.32879930160112
Pontianak City,II,-0.0289154920444505,109.32609200082264
Pontianak City,II,-0.0311605434802629,109.32465835194844
Pontianak City,II,-0.0321316641322229,109.32313275056312
Pontianak City,II,-0.0338120181649824,109.3208562004474
Pontianak City,II,-0.0351928503416178,109.31924638329326
Pontianak City,II,-0.0371190030689605,109.31727006822186
Pontianak City,II,-0.0394704757179819,109.3151765383252
Pontianak City,II,-0.0431086548630255,109.31205785283036
Pontianak City,II,-0.0461228435537161,109.30957471536836
Pontianak City,II,-0.0488251361841833,109.30752811024304
Pontianak City,II,-0.0523000842886376,109.30583676774113
Pontianak City,II,-0.0542153092207619,109.30446403840654
Pontianak City,II,-0.0255877645139911,109.32872342118006
Pontianak City,II,-0.0276639898767885,109.32457090068424
Pontianak City,II,-0.0250135135286683,109.32693212316248
Pontianak City,II,-0.0244634805203129,109.32738909318113
Pontianak City,II,-0.0239815121911848,109.3282126304561
Pontianak City,II,-0.0248748840415057,109.32543725086808
Pontianak City,II,-0.0236727015273908,109.32765599029943
Pontianak City,II,-0.0236709378177238,109.32633853377456
Pontianak City,II,-0.0250087897459936,109.32342674867505
Pontianak City,II,-0.0227487602697528,109.32761909828936
Pontianak City,II,-0.0231411453067716,109.32423051160806
Pontianak City,II,-0.0213972341738227,109.32748749888992
Pontianak City,II,-0.0214799517365951,109.32543076918527
Pontianak City,II,-0.0211885048712775,109.32537907043084
Pontianak City,II,-0.0218939414753581,109.3231331007738
Pontianak City,II,-0.0354978883263818,109.33251778229562
Pontianak City,II,-0.0350016683264329,109.3317764893141
Pontianak City,II,-0.0322869278228156,109.3269326215681
Pontianak City,II,-0.0366231025483759,109.32963353535337
Pontianak City,II,-0.0249902882344064,109.32238772718117
Pontianak City,II,-0.0289633693996274,109.32488028241605
Pontianak City,II,-0.0380485682125202,109.32918661412224
Pontianak City,II,-0.0377263022543078,109.32865546169027
Pontianak City,II,-0.0382342218980248,109.32807259689334
Pontianak City,II,-0.0343703862878571,109.32409774679915
Pontianak City,II,-0.0388562566212129,109.32756983027588
Pontianak City,II,-0.0228838274773535,109.31822475104812
Pontianak City,II,-0.0258510096216914,109.31908964871884
Pontianak City,II,-0.028730262854857,109.3204933251534
Pontianak City,II,-0.0298993649083141,109.32137434918504
Pontianak City,II,-0.0303007616525705,109.32164050584716
Pontianak City,II,-0.0376749835222612,109.3245735934436
Pontianak City,II,-0.0409627119580027,109.32531251935885
Pontianak City,II,-0.0422352530873263,109.32391433615231
Pontianak City,II,-0.0409725118146926,109.32277156353427
Pontianak City,II,-0.039195457659677,109.32132558815884
Pontianak City,II,-0.0380060284754307,109.32042200020469
Pontianak City,II,-0.0368559834767597,109.31948048789047
Pontianak City,II,-0.0349369379217715,109.31783594104463
Pontianak City,II,-0.0339938907159397,109.31689029398686
Pontianak City,II,-0.0318229723752087,109.31565708158789
Pontianak City,II,-0.028967418213995,109.31567589852048
Pontianak City,II,-0.0240363635044529,109.31540602925652
Pontianak City,II,-0.0446634885960728,109.3214903295551
Pontianak City,II,-0.042439457731853,109.31499293697652
Pontianak City,II,-0.046540481357911,109.31788418417592
Pontianak City,II,-0.0402873547321617,109.31271830281922
Pontianak City,II,-0.0379475599871047,109.30993385886867
Pontianak City,II,-0.0361461894449687,109.30764352468891
Pontianak City,II,-0.0324560923156271,109.30545069216558
Pontianak City,II,-0.0280353575918383,109.30431766981346
Pontianak City,II,-0.0477708229929973,109.31774287678752
Pontianak City,II,-0.0494022345623315,109.31660531918683
Pontianak City,II,-0.0490766217849747,109.31467087392464
Pontianak City,II,-0.0468930906411408,109.3120784401874
Pontianak City,II,-0.0509238925891434,109.31504699787628
Pontianak City,II,-0.0515128665014459,109.31438915599662
Pontianak City,II,-0.0517040442184674,109.31268009892824
Pontianak City,II,-0.0531372335765481,109.30987700076392
Pontianak City,II,-0.0515031365821892,109.30719204180711
Pontianak City,II,-0.0544459499451244,109.30924995812876
Pontianak City,II,-0.0556248243771363,109.30893612118236
Pontianak City,II,-0.0560125144633359,109.3086096880352
Pontianak City,II,-0.0562877880916263,109.308381790567
Pontianak City,II,-0.0542623718576085,109.30564993472429
Pontianak City,II,-0.0574936330997339,109.30888024463532
Pontianak City,II,-0.0573496710312739,109.30755355550636
Pontianak City,II,-0.0579465788699508,109.30774756980436
Pontianak City,II,-0.0582285958651639,109.30736933188412
Pontianak City,II,-0.0585799774042756,109.30732737115312
Pontianak City,II,-0.0575027368624399,109.3049980515746
Pontianak City,II,-0.055088893975464,109.3026974448982
Pontianak City,II,-0.0532423368262794,109.30101165518413
Pontianak City,II,-0.0490335180893331,109.29715495178829
Pontianak City,II,-0.0457562091056787,109.29416948655243
Pontianak City,II,-0.0434015373933485,109.29200636206016
Pontianak City,II,-0.0401189764251789,109.28909847827327
Pontianak City,II,-0.0605271519530036,109.3057420762974
Pontianak City,II,-0.0604808787090027,109.3049838268855
Pontianak City,II,-0.060223048578711,109.30395212435526
Pontianak City,II,-0.0612809460396613,109.30454783881628
Pontianak City,II,-0.0604250119778009,109.30370499561693
Pontianak City,II,-0.0616090714931413,109.30429336171431
Pontianak City,II,-0.0619122940802681,109.30423786132464
Pontianak City,II,-0.0616198899692984,109.3034589369008
Pontianak City,II,-0.0615484927940968,109.30306913180708
Pontianak City,II,-0.0617392236984508,109.30286433451064
Pontianak West,II,-0.0178934658192176,109.33057069595176
Pontianak West,II,-0.0174060687539576,109.32963380381324
Pontianak West,II,-0.017405601935474,109.32847592186106
Pontianak West,II,-0.0172250723612632,109.32818900847568
Pontianak West,II,-0.0173515927511417,109.32780866989938
Pontianak West,II,-0.0168806018386558,109.32768849945631
Pontianak West,II,-0.0160671002925522,109.32794020992644
Pontianak West,II,-0.0179039992275638,109.32708141465784
Pontianak West,II,-0.0174843622538292,109.32663761393287
Pontianak West,II,-0.0176030424033321,109.3264105803073
Pontianak West,II,-0.0186177052984083,109.32624943456344
Pontianak West,II,-0.0178151223692055,109.32575197320354
Pontianak West,II,-0.0157088111816422,109.32378942757212
Pontianak West,II,-0.0187748875188844,109.32381535376383
Pontianak West,II,-0.0184352102843766,109.32335417578518
Pontianak West,II,-0.0176520337601777,109.32300003238797
Pontianak West,II,-0.0183305942693765,109.32283306392688
Pontianak West,II,-0.0158412153230342,109.32210592553562
Pontianak West,II,-0.0192069314706167,109.32217980644664
Pontianak West,II,-0.0178584289630024,109.3216370524474
Pontianak West,II,-0.0188011293071586,109.32145409787164
Pontianak West,II,-0.0187914200895089,109.3210109186354
Pontianak West,II,-0.0186373071681023,109.32050368741884
Pontianak West,II,-0.0196049153238654,109.32011087272596
Pontianak West,II,-0.0184745890585307,109.31992689370364
Pontianak West,II,-0.0185639110978047,109.3195388882558
Pontianak West,II,-0.0157733272309507,109.31910808276024
Pontianak West,II,-0.0187649301953876,109.31925045444548
Pontianak West,II,-0.0170606842644472,109.31898576631706
Pontianak West,II,-0.0201741221154756,109.31907543485494
Pontianak West,II,-0.0182851156087339,109.31876953647875
Pontianak West,II,-0.0188234539687767,109.3186473491002
Pontianak West,II,-0.0199663959702456,109.3185116796124
Pontianak West,II,-0.0183470355693281,109.31829268163878
Pontianak West,II,-0.0198577616868106,109.31813469221726
Pontianak West,II,-0.016423933035463,109.31747977089968
Pontianak West,II,-0.0176673013886341,109.31724298906995
Pontianak West,II,-0.0162978986264775,109.31673050675658
Pontianak West,II,-0.019355811020992,109.3172449530688
Pontianak West,II,-0.018969631642441,109.31713543619514
Pontianak West,II,-0.0179577478690243,109.3164019993595
Pontianak West,II,-0.0174792686907454,109.31621345219236
Pontianak West,II,-0.0197717918513219,109.31659325369743
Pontianak West,II,-0.0206305879756164,109.31634759434232
Pontianak West,II,-0.018944469544864,109.3157823626297
Pontianak West,II,-0.0190417636774866,109.3150725801233
Pontianak West,II,-0.0171193881831048,109.31441844735286
Pontianak West,II,-0.019032831614697,109.31483697489068
Pontianak West,II,-0.019599695424735,109.3145877086994
Pontianak West,II,-0.0211431661522165,109.31470789602768
Pontianak West,II,-0.0194294962171575,109.3126554864754
Pontianak West,II,-0.0177570202095216,109.3121678065527
Pontianak West,II,-0.0213616934160445,109.31292541166064
Pontianak West,II,-0.0196193598566903,109.31235410492224
Pontianak West,II,-0.0211963260291138,109.3118358058412
Pontianak West,II,-0.0183061156764482,109.31091198387628
Pontianak West,II,-0.0218115341167275,109.31153862826788
Pontianak West,II,-0.0197819941225149,109.31077667656746
Pontianak West,II,-0.0219237496678393,109.31122407315064
Pontianak West,II,-0.0189771989403743,109.31007922164082
Pontianak West,II,-0.0203896703906467,109.31032932508914
Pontianak West,II,-0.0191832802823099,109.30985943993495
Pontianak West,II,-0.0218869871565941,109.3104361281738
Pontianak West,II,-0.0216449207159491,109.30995845397482
Pontianak West,II,-0.0201933584164129,109.30908095517252
Pontianak West,II,-0.0225953025740726,109.30960914989976
Pontianak West,II,-0.0217127741809648,109.30926885696265
Pontianak West,II,-0.0228136256681342,109.30931293767276
Pontianak West,II,-0.0216325382078923,109.30885483258264
Pontianak West,II,-0.0228367767361122,109.3090448873569
Pontianak West,II,-0.0194061493172244,109.30774085313888
Pontianak West,II,-0.019701932915159,109.30752604687584
Pontianak West,II,-0.0191349080155987,109.30731149269997
Pontianak West,II,-0.0241963835829858,109.30722589339196
Pontianak West,II,-0.025315248518782,109.3046990654798
Pontianak West,II,-0.0259849355153608,109.30317020552884
Pontianak West,II,-0.0287311925083448,109.29859862555423
Pontianak West,II,-0.030438720299137,109.2961868621047
Pontianak West,II,-0.0314797145387014,109.29474984640088
Pontianak West,II,-0.0327790578928068,109.29318589872534
Pontianak West,II,-0.0344528355651935,109.2913654902701
Pontianak West,II,-0.0353851375998599,109.29041961304954
Pontianak West,II,-0.0375716981293084,109.28823055425956
Pontianak West,II,-0.0221188637443437,109.30807496571254
Pontianak West,II,-0.0206519193364329,109.3075423044214
Pontianak West,II,-0.0226172095373501,109.30788057072957
Pontianak West,II,-0.0203497864659258,109.30705612080745
Pontianak West,II,-0.0204397788388281,109.3067042462813
Pontianak West,II,-0.019958493712336,109.30608505502036
Pontianak West,II,-0.0223014883983568,109.3064890845434
Pontianak West,II,-0.023901434113518,109.30660926498471
Pontianak West,II,-0.0211328899148199,109.3056172425446
Pontianak West,II,-0.0224969709736976,109.30577254228324
Pontianak West,II,-0.0219293710064038,109.3051397595052
Pontianak West,II,-0.0210755491764281,109.30427353733046
Pontianak West,II,-0.0208549653417199,109.30362863995644
Pontianak West,II,-0.0247068302016204,109.30467257760336
Pontianak West,II,-0.023017508987328,109.30397943294872
Pontianak West,II,-0.0224365090573947,109.30355060056354
Pontianak West,II,-0.0234892563714887,109.30349940838752
Pontianak West,II,-0.0228402342597292,109.30300756445553
Pontianak West,II,-0.0251272487980292,109.30380216100164
Pontianak West,II,-0.0233173342313597,109.30289859819035
Pontianak West,II,-0.0228574471733785,109.30218815529018
Pontianak West,II,-0.0226203013993763,109.30093895880002
Pontianak West,II,-0.0242550525126159,109.30038091360984
Pontianak West,II,-0.0240507314974966,109.29978366936014
Pontianak West,II,-0.0269956180694804,109.30087251571454
Pontianak West,II,-0.0258737143934477,109.30029541672718
Pontianak West,II,-0.0237864594907982,109.29863502187216
Pontianak West,II,-0.0253576210222555,109.2993439665641
Pontianak West,II,-0.0254897128641436,109.2990436599129
Pontianak West,II,-0.0251912126114578,109.29854039394364
Pontianak West,II,-0.0251211280527253,109.2982617375983
Pontianak West,II,-0.0252854338365189,109.2979095356134
Pontianak West,II,-0.0251465933345273,109.29743834431756
Pontianak West,II,-0.0257344331031536,109.29737125583912
Pontianak West,II,-0.0271359535813277,109.29792087806996
Pontianak West,II,-0.0277496616932094,109.296493578154
Pontianak West,II,-0.0292456007201054,109.29709804670206
Pontianak West,II,-0.0275595564730429,109.29592845631788
Pontianak West,II,-0.0294946003380494,109.29636793488716
Pontianak West,II,-0.0272605752719921,109.29431065539188
Pontianak West,II,-0.0279448784275232,109.294318601975
Pontianak West,II,-0.0296742601653213,109.2946395777165
Pontianak West,II,-0.0287270124882979,109.29367598437707
Pontianak West,II,-0.0278569950731912,109.29282015570976
Pontianak West,II,-0.0298400940700842,109.2934001714161
Pontianak West,II,-0.029171825256821,109.29258786869684
Pontianak West,II,-0.0294234011288151,109.29249506221008
Pontianak West,II,-0.0308412388832846,109.29313294024756
Pontianak West,II,-0.0313457220484916,109.2923171430748
Pontianak West,II,-0.0304228935115219,109.28946471061327
Pontianak West,II,-0.0326915449421963,109.29097781544448
Pontianak West,II,-0.0332870640947597,109.29091157180952
Pontianak West,II,-0.033548588148166,109.28980210535752
Pontianak West,II,-0.0325496759651193,109.28858546226986
Pontianak West,II,-0.0351613842557097,109.2904390027437
Pontianak West,II,-0.0338284120391361,109.28872367263943
Pontianak West,II,-0.0328355031037648,109.28670440438708
Pontianak West,II,-0.0342335437722897,109.287038977177
Pontianak West,II,-0.0354908912009521,109.2869413376458
Pontianak West,II,-0.0368096752582727,109.2867108610042
Pontianak West,II,-0.0367142577679209,109.28569126676152
Pontianak West,II,-0.0350223933260129,109.28409111429384
Pontianak West,II,-0.0389977145580462,109.28605432472985
Pontianak West,II,-0.0377569778323314,109.28517957162384
Pontianak West,II,-0.0364327622703843,109.28428003161918
Pontianak West,II,-0.0355216095503627,109.28368614196263
Pontianak West,II,-0.0319068781613409,109.28111687483
Pontianak West,II,-0.0364501004147228,109.2835001775085
Pontianak West,II,-0.0379160702471442,109.28412634197988
Pontianak West,II,-0.0369172621705477,109.28282122026545
Pontianak West,II,-0.0377375142541345,109.28293390805224
Pontianak West,II,-0.0379973267851528,109.2822570296072
Pontianak West,II,-0.0414788443917753,109.2839590926804
Pontianak West,II,-0.0395852720718714,109.28218005704912
Pontianak West,II,-0.0419699517694081,109.2835384365988
Pontianak West,II,-0.0402715313878405,109.28169717803408
Pontianak West,II,-0.0424648129793506,109.28257786918398
Pontianak West,II,-0.0401179436243817,109.2807020045252
Pontianak West,II,-0.0172864882430231,109.33083497252612
Pontianak West,II,-0.0174192041077423,109.33036719166924
Pontianak West,II,-0.0168989110615531,109.33301503356972
Pontianak West,II,-0.0179377141345701,109.32997896469064
Pontianak West,II,-0.0170660010618476,109.32990925855098
Pontianak West,II,-0.0167860999455977,109.32954266472308
Pontianak West,II,-0.0153446208825783,109.33056778635437
Pontianak West,II,-0.0165050574567034,109.32880586504
Pontianak West,II,-0.0158940769459225,109.32873238680716
Pontianak West,II,-0.0152150411956096,109.32860350877708
Pontianak West,II,-0.0152432275087842,109.32836053618144
Pontianak West,II,-0.0171552237708595,109.32695554945944
Pontianak West,II,-0.0149512454237578,109.3281764991326
Pontianak West,II,-0.0145172418393759,109.3278418696831
Pontianak West,II,-0.0143682145741051,109.32765508251312
Pontianak West,II,-0.0157146914152204,109.32649295679346
Pontianak West,II,-0.0146421699604539,109.32584092523186
Pontianak West,II,-0.015763260968787,109.32470025928598
Pontianak West,II,-0.0152306584359672,109.32658436101715
Pontianak West,II,-0.0163182999844286,109.32587667112286
Pontianak West,II,-0.0147383421990141,109.32600039255324
Pontianak West,II,-0.0148518382508933,109.32529611774372
Pontianak West,II,-0.0155302396682636,109.32461882700544
Pontianak West,II,-0.0129638606076638,109.32557922385676
Pontianak West,II,-0.0131738579989635,109.32490779755356
Pontianak West,II,-0.0126151070731275,109.32485294913204
Pontianak West,II,-0.0154706431483333,109.32214202289258
Pontianak West,II,-0.0137174433667422,109.3235693813369
Pontianak West,II,-0.0112847749145283,109.3254112056845
Pontianak West,II,-0.0110264796050872,109.32512617237433
Pontianak West,II,-0.0141838025721101,109.32192869029431
Pontianak West,II,-0.0113102382041836,109.32450419306171
Pontianak West,II,-0.01106509702927,109.32442469266792
Pontianak West,II,-0.013282565396646,109.32222993619811
Pontianak West,II,-0.0101868196678937,109.32430547089923
Pontianak West,II,-0.0133286799177117,109.32132575991554
Pontianak West,II,-0.012940861289611,109.32191161878804
Pontianak West,II,-0.0102616638382495,109.32391854984424
Pontianak West,II,-0.0114991988971553,109.32249749240822
Pontianak West,II,-0.0098373934575559,109.32386873767244
Pontianak West,II,-0.0109868898606063,109.32239557825882
Pontianak West,II,-0.0095017200962034,109.32359277869362
Pontianak West,II,-0.0117856345694578,109.3212133667376
Pontianak West,II,-0.0092132468974571,109.32322599116355
Pontianak West,II,-0.0104754785290134,109.32191529338245
Pontianak West,II,-0.0111506456785074,109.32098807206758
Pontianak West,II,-0.0088405750838325,109.32275133022974
Pontianak West,II,-0.0088805831030595,109.32234893211545
Pontianak West,II,-0.0101252395306111,109.3212687558861
Pontianak West,II,-0.0108150330629504,109.32046062223236
Pontianak West,II,-0.0086057986799558,109.3220301431259
Pontianak West,II,-0.0098601529310361,109.32085129216487
Pontianak West,II,-0.00830259952367,109.32191911251591
Pontianak West,II,-0.009453555337149,109.32080496760268
Pontianak West,II,-0.0110767042354452,109.31922304687689
Pontianak West,II,-0.0103114821038809,109.31922085486391
Pontianak West,II,-0.0104320771149173,109.31829496062518
Pontianak West,II,-0.0071915898539913,109.3206136913043
Pontianak West,II,-0.008888817236189,109.31905255187856
Pontianak West,II,-0.0080412348556194,109.31796823172029
Pontianak West,II,-0.0058319507696387,109.3189931591692
Pontianak West,II,-0.0074690154913028,109.31795332566412
Pontianak West,II,-0.0058330996539645,109.31869560550116
Pontianak West,II,-0.006696516444145,109.31650587403134
Pontianak West,II,-0.0047601470580013,109.31713667079065
Pontianak West,II,-0.007601771063746,109.31551783181143
Pontianak West,II,-0.0046130145409959,109.316917848263
Pontianak West,II,-0.0048459086791139,109.31645177933616
Pontianak West,II,-0.0102061580180603,109.31344041428645
Pontianak West,II,-0.012019266951975,109.31415281487992
Pontianak West,II,-0.0143695738582297,109.31559257319805
Pontianak West,II,-0.016190257798381,109.3159706082287
Pontianak West,II,-0.0167218990602133,109.31373534811785
Pontianak West,II,-0.0179032621864064,109.30917447042997
Pontianak West,II,-0.0190479649296777,109.30669327592672
Pontianak West,II,-0.0203684258472814,109.3035896904339
Pontianak West,II,-0.0226290698256809,109.2986618479888
Pontianak West,II,-0.0267578348877026,109.29283231642272
Pontianak West,II,-0.0301063800297821,109.28890496051646
Pontianak West,II,-0.0315237298495058,109.28721584926188
Pontianak West,II,-0.0333599864615889,109.28554280652766
Pontianak West,II,-0.0366105603290202,109.28222317769794
Pontianak West,II,-0.0054025880010508,109.3154367950852
Pontianak West,II,-0.0065659884229931,109.3147357615896
Pontianak West,II,-0.0076901792964805,109.31371700977974
Pontianak West,II,-0.0074716567155357,109.31348772557206
Pontianak West,II,-0.0070131206792469,109.3134523107074
Pontianak West,II,-0.0036830681948919,109.31502943682028
Pontianak West,II,-0.0068294386631502,109.3131279709788
Pontianak West,II,-0.0031632694230319,109.31487755013023
Pontianak West,II,-0.0070551325305668,109.31270659711204
Pontianak West,II,-0.0054428530607229,109.31305648786652
Pontianak West,II,-0.003022560619634,109.31411054749638
Pontianak West,II,-0.0031835736024934,109.31353099854628
Pontianak West,II,-0.0074469243751051,109.31209415610564
Pontianak West,II,-0.0056880280383299,109.31228614286223
Pontianak West,II,-0.0085833997820159,109.31148877771798
Pontianak West,II,-0.0026466476051856,109.31289879206363
Pontianak West,II,-0.0029956738842702,109.3123303587298
Pontianak West,II,-0.0075570391318104,109.31053275331249
Pontianak West,II,-0.0088542368089211,109.31017205362232
Pontianak West,II,-0.0098999028837967,109.30986621019404
Pontianak West,II,-0.0135294923010463,109.3091116458226
Pontianak West,II,-0.0159161548751079,109.30892166457802
Pontianak West,II,-0.007846411213603,109.3100995938574
Pontianak West,II,-0.0045514474383515,109.31072398181772
Pontianak West,II,-0.0021371811709614,109.31149449511236
Pontianak West,II,-0.0077123052999153,109.30979766932931
Pontianak West,II,-0.0069627627432547,109.30919209359776
Pontianak West,II,-0.0036827628981171,109.31010574320358
Pontianak West,II,-0.0020641154144222,109.31056290147922
Pontianak West,II,-0.0068851607441627,109.30878458762317
Pontianak West,II,-0.0040371493030186,109.30933218625692
Pontianak West,II,-0.0024545760722504,109.30960011582114
Pontianak West,II,-0.0064981046353324,109.30823675700168
Pontianak West,II,-0.0042403801571948,109.30857157728472
Pontianak West,II,-0.0072181478087767,109.30762802859267
Pontianak West,II,-0.0019163210766322,109.30867679387885
Pontianak West,II,-0.0086539345335186,109.30676032298396
Pontianak West,II,-0.0093681326781429,109.3065468372764
Pontianak West,II,-0.0115267490394465,109.30568366712542
Pontianak West,II,-0.0027874737829338,109.30807359625656
Pontianak West,II,-0.0071341715584224,109.30683555599131
Pontianak West,II,-0.0037291852003016,109.30751956412225
Pontianak West,II,-0.0068556524719831,109.3066155034642
Pontianak West,II,-0.004231675174623,109.30693147521411
Pontianak West,II,-0.003187837128665,109.30724741721264
Pontianak West,II,-0.0067817550606853,109.30618725186656
Pontianak West,II,-0.0031020909560535,109.30691645503629
Pontianak West,II,-0.0064161933604486,109.30577091232772
Pontianak West,II,-0.0048349741915378,109.30614022388046
Pontianak West,II,-0.0071084013120991,109.30531384041872
Pontianak West,II,-0.0053109509455116,109.3050813608107
Pontianak West,II,-0.0056918863571533,109.304738829372
Pontianak West,II,-0.0017827110696108,109.30523922256698
Pontianak West,II,-0.0041314408801046,109.30402231782496
Pontianak West,II,-0.0055764702114356,109.30366396869208
Pontianak West,II,-0.009859879554817,109.303538848128
Pontianak West,II,-0.0040182453699565,109.30374229317822
Pontianak West,II,-0.0053286972848588,109.30223523017754
Pontianak West,II,-0.0020739899090234,109.3018587585248
Pontianak West,II,-0.0016663803229527,109.30150393202084
Pontianak West,II,-0.0061552321774377,109.30145578715276
Pontianak West,II,-0.006171863922159,109.30104828248892
Pontianak West,II,-0.0018881311611742,109.30110585344764
Pontianak West,II,-0.007863239815016,109.30113005618166
Pontianak West,II,-0.0060002895174294,109.298629008065
Pontianak West,II,-0.0025810602815002,109.29901150432406
Pontianak West,II,-0.0085699361516562,109.29847852622228
Pontianak West,II,-0.0093345711748867,109.296936172524
Pontianak West,II,-0.0117441509502444,109.29791423735814
Pontianak West,II,-0.0147616572531347,109.29828656929983
Pontianak West,II,-0.0207863528159689,109.2967122138992
Pontianak West,II,-0.0235704365268609,109.2959532555323
Pontianak West,II,-0.0068793455262364,109.2958330991894
Pontianak West,II,-0.0061204269293925,109.29556215089976
Pontianak West,II,-0.0041588303045404,109.29389473473582
Pontianak West,II,-0.0099189801918588,109.29351065437277
Pontianak West,II,-0.0079981416819524,109.29251935053036
Pontianak West,II,-0.0099324424422903,109.29170013280302
Pontianak West,II,-0.0056241512071306,109.29235845337938
Pontianak West,II,-0.0015346193451226,109.2925574211275
Pontianak West,II,-0.007715596308658,109.29213046942556
Pontianak West,II,-0.0081429764225583,109.29179179033753
Pontianak West,II,-0.0050037530800318,109.29191482410128
Pontianak West,II,-0.0065992455769872,109.29151020496629
Pontianak West,II,-0.0077794052473681,109.2915033643107
Pontianak West,II,-0.0059274689656771,109.29113544679788
Pontianak West,II,-0.0074660863786413,109.29109929610576
Pontianak West,II,-0.0105103336666922,109.2909753150301
Pontianak West,II,-0.0046205727921085,109.29087806473036
Pontianak West,II,-0.0060288742237664,109.29041179977789
Pontianak West,II,-0.0076308941599017,109.29000911050149
Pontianak West,II,-0.0035940376269923,109.28991915611604
Pontianak West,II,-0.0051737283877171,109.2895406763001
Pontianak West,II,-0.0044331231452092,109.28922220032672
Pontianak West,II,-0.006762631969111,109.28857376298244
Pontianak West,II,-0.0035269678913358,109.28877120263918
Pontianak West,II,-0.0013651839820001,109.28904154886916
Pontianak West,II,-0.0082188593023422,109.28811711327708
Pontianak West,II,-0.0030196302168378,109.28826516482086
Pontianak West,II,-0.003102832887619,109.28797114735796
Pontianak West,II,-0.0064038260121495,109.28733210362296
Pontianak West,II,-0.0039193711169673,109.28761199960994
Pontianak West,II,-0.0032259811305021,109.28722088921596
Pontianak West,II,-0.0044482424028888,109.2868111197972
Pontianak West,II,0.0009442170709027,109.28724768796404
Pontianak Southeast,II,-0.0507477034161541,109.34754250256316
Pontianak Southeast,II,-0.0498567370607368,109.34811492339182
Pontianak Southeast,II,-0.0477904384152002,109.34943719454702
Pontianak Southeast,II,-0.0460703897290685,109.35098297975397
Pontianak Southeast,II,-0.0450283589147626,109.35198089411932
Pontianak Southeast,II,-0.0532292088221713,109.34543302791356
Pontianak Southeast,II,-0.0561890455586884,109.34284550987098
Pontianak Southeast,II,-0.05842292015278,109.34091938549874
Pontianak Southeast,II,-0.05995360814946,109.33958105017405
Pontianak Southeast,II,-0.0625067014451725,109.3373060697717
Pontianak Southeast,II,-0.0628802829216463,109.33698521730489
Pontianak Southeast,II,-0.0638864107241406,109.33612708396964
Pontianak Southeast,II,-0.0515549941907937,109.34846391661316
Pontianak Southeast,II,-0.0506688844376457,109.34908057687318
Pontianak Southeast,II,-0.0486710471026752,109.35047182750787
Pontianak Southeast,II,-0.0476141142857543,109.35169586042888
Pontianak Southeast,II,-0.0457429229243042,109.35325487912984
Pontianak Southeast,II,-0.0537065306121991,109.35068661961856
Pontianak Southeast,II,-0.0526050224100149,109.35145470777287
Pontianak Southeast,II,-0.051230564730664,109.35235942235693
Pontianak Southeast,II,-0.0503600749905921,109.35294170475171
Pontianak Southeast,II,-0.0491430808861797,109.35386347531254
Pontianak Southeast,II,-0.0568413488864409,109.34834805774156
Pontianak Southeast,II,-0.0580284543710879,109.34762000334364
Pontianak Southeast,II,-0.0587280432488311,109.3454673938815
Pontianak Southeast,II,-0.0613735267082955,109.3445814306704
Pontianak Southeast,II,-0.0630513406109561,109.34653032615464
Pontianak Southeast,II,-0.0575608127617468,109.35232737673532
Pontianak Southeast,II,-0.0556293169511442,109.35353675226142
Pontianak Southeast,II,-0.0530995706459089,109.35530038542734
Pontianak Southeast,II,-0.0517885463735128,109.35664828686554
Pontianak Southeast,II,-0.0507363287138694,109.35738816408734
Pontianak Southeast,II,-0.0603915445132798,109.35038288333132
Pontianak Southeast,II,-0.0617695764326685,109.34946262947638
Pontianak Southeast,II,-0.0653169860390596,109.34648635880212
Pontianak Southeast,II,-0.0665525795429015,109.34529131726995
Pontianak Southeast,II,-0.0689612420740999,109.34301141547698
Pontianak Southeast,II,-0.0731581441488848,109.33895040987638
Pontianak Southeast,II,-0.0791305054226469,109.33310022789829
Pontianak Southeast,II,-0.0593280682885172,109.35494060887493
Pontianak Southeast,II,-0.05770975253707,109.35628925045584
Pontianak Southeast,II,-0.0553662874555994,109.35813236743816
Pontianak Southeast,II,-0.0545985662038302,109.35861407023896
Pontianak Southeast,II,-0.0534598703045511,109.36005315086646
Pontianak Southeast,II,-0.0631137202467753,109.35294213152132
Pontianak Southeast,II,-0.0643364891375593,109.3540756354964
Pontianak Southeast,II,-0.0623199298120631,109.35708639486069
Pontianak Southeast,II,-0.0605859853452232,109.35814283734396
Pontianak Southeast,II,-0.0582640980525717,109.35977531482554
Pontianak Southeast,II,-0.056364696180974,109.36116413051036
Pontianak Southeast,II,-0.055483763723083,109.36204876056266
Pontianak Southeast,II,-0.0660952776568768,109.35489538033283
Pontianak Southeast,II,-0.0687129339210206,109.35347073897182
Pontianak Southeast,II,-0.0730463452712626,109.35107184694289
Pontianak Southeast,II,-0.0791851232114736,109.34767757605066
Pontianak Southeast,II,-0.081560903787658,109.34634585857326
Pontianak Southeast,II,-0.0867151019124857,109.34320470312132
Pontianak Southeast,II,-0.0871531500239237,109.34294999616716
Pontianak Southeast,II,-0.0630554888755308,109.36455071271092
Pontianak Southeast,II,-0.0601993417845123,109.3657186285104
Pontianak Southeast,II,-0.0728686068320605,109.35925690474006
Pontianak Southeast,II,-0.0753145278732537,109.35776614569342
Pontianak Southeast,II,-0.0805269801122001,109.35461842241118
Pontianak Southeast,II,-0.0825477354310232,109.3531590608314
Pontianak Southeast,II,-0.0840435665738097,109.35212153208948
Pontianak Southeast,II,-0.0887035625538977,109.3491015942288
Pontianak Southeast,II,-0.0904819601717121,109.34797150296698
Pontianak Southeast,II,-0.0429091678367879,109.3536680050471
Pontianak Southeast,II,-0.0442568308321214,109.35344988477485
Pontianak Southeast,II,-0.0452947445790102,109.352595469898
Pontianak Southeast,II,-0.0437779621211202,109.3553099572536
Pontianak Southeast,II,-0.0450956627300582,109.35417598303836
Pontianak Southeast,II,-0.0454021320933813,109.3554566871139
Pontianak Southeast,II,-0.0447194700345771,109.35660480803811
Pontianak Southeast,II,-0.0467067012015348,109.3552207325847
Pontianak Southeast,II,-0.047042697260833,109.35562375156177
Pontianak Southeast,II,-0.0474787848129987,109.3557880473519
Pontianak Southeast,II,-0.04784007292501,109.35667993995098
Pontianak Southeast,II,-0.0502505148807926,109.35552290930076
Pontianak Southeast,II,-0.0479283042953935,109.35743559534934
Pontianak Southeast,II,-0.0497481542255854,109.35647987881434
Pontianak Southeast,II,-0.0488437579740945,109.35726227747062
Pontianak Southeast,II,-0.0483185958540195,109.35824410203296
Pontianak Southeast,II,-0.0481290967671326,109.35897775023736
Pontianak Southeast,II,-0.0476352371669109,109.35980367579448
Pontianak Southeast,II,-0.0490954492076694,109.35901618533175
Pontianak Southeast,II,-0.0484047217215542,109.35994700518616
Pontianak Southeast,II,-0.0489567244165343,109.36013785366934
Pontianak Southeast,II,-0.0491996696379877,109.36069328671364
Pontianak Southeast,II,-0.0495532907208884,109.36101153520391
Pontianak Southeast,II,-0.0521203216690571,109.35915373897764
Pontianak Southeast,II,-0.0496757707852362,109.3612989533176
Pontianak Southeast,II,-0.049692247303279,109.3618230179578
Pontianak Southeast,II,-0.0530191712912919,109.35917411744116
Pontianak Southeast,II,-0.0499837870079318,109.3618570938043
Pontianak Southeast,II,-0.0507397627998009,109.36157299622312
Pontianak Southeast,II,-0.0506090527095774,109.36222901902735
Pontianak Southeast,II,-0.05139890406229,109.3618526479438
Pontianak Southeast,II,-0.0515002774157901,109.36219212550384
Pontianak Southeast,II,-0.0521402240580657,109.36286092926836
Pontianak Southeast,II,-0.0529273798815639,109.36258425478992
Pontianak Southeast,II,-0.0531339438420882,109.36281016139014
Pontianak Southeast,II,-0.0528782863779733,109.36386905991807
Pontianak Southeast,II,-0.0537458887385357,109.36464327581838
Pontianak Southeast,II,-0.0541165997749436,109.36494254950404
Pontianak Southeast,II,-0.0552988238818563,109.36361458408372
Pontianak Southeast,II,-0.0547864412690906,109.36518454109458
Pontianak Southeast,II,-0.0552470935946342,109.3653695224428
Pontianak Southeast,II,-0.0571300012386444,109.363219451407
Pontianak Southeast,II,-0.0570822667945422,109.3640473536546
Pontianak Southeast,II,-0.0582578132053912,109.363685324661
Pontianak Southeast,II,-0.0566207518768065,109.3661491240386
Pontianak Southeast,II,-0.0570043815566362,109.36631084039368
Pontianak Southeast,II,-0.057470539779268,109.36654735321366
Pontianak North,III,0.0109716487295927,109.29536187328073
Pontianak North,III,0.0111902487588251,109.2950299499152
Pontianak North,III,0.0115438707968719,109.2954849119891
Pontianak North,III,0.0122390554787183,109.29780075087002
Pontianak North,III,0.0125551427827079,109.2980697095929
Pontianak North,III,0.0145070960279774,109.29695981449458
Pontianak North,III,0.0152167099559996,109.29899992401658
Pontianak North,III,0.0172533593164496,109.29784187657408
Pontianak North,III,0.0181174691872039,109.30029118266758
Pontianak North,III,0.0102822941028965,109.29636468641066
Pontianak North,III,0.0116459797098234,109.29588043177588
Pontianak North,III,0.0120234268510315,109.29777224268048
Pontianak North,III,0.0075244677921967,109.30383144934748
Pontianak North,III,0.008703715809159,109.30246013701182
Pontianak North,III,0.0103979960338947,109.29875792786596
Pontianak North,III,0.0092554760526822,109.30221711694134
Pontianak North,III,0.011819960340768,109.2977824773444
Pontianak North,III,0.0120366836009525,109.29799543281068
Pontianak North,III,0.0123330757232824,109.29824917133136
Pontianak North,III,0.0125333086818416,109.29819203217112
Pontianak North,III,0.0123443538538636,109.29992819965148
Pontianak North,III,0.0139873616242467,109.29931608810855
Pontianak North,III,0.0145580454557566,109.30603129824006
Pontianak North,III,0.0221272694325471,109.30222148577032
Pontianak North,III,0.0098434359364573,109.31315472280566
Pontianak North,III,0.0087475985622558,109.31161018426602
Pontianak North,III,0.0110904113502297,109.31325911493464
Pontianak North,III,0.0105374572367299,109.31183717360068
Pontianak North,III,0.0112969976753459,109.31183359736929
Pontianak North,III,0.0116106355191665,109.31312454060686
Pontianak North,III,0.0123820632801284,109.31023894616462
Pontianak North,III,0.0165444094701157,109.30953736810692
Pontianak North,III,0.0161612855651957,109.31181314633928
Pontianak North,III,0.0148893662348466,109.31699445837944
Pontianak North,III,0.0041332259057346,109.31894895493468
Pontianak North,III,0.0063171294192672,109.31416502601446
Pontianak North,III,0.0039442266527739,109.321177633525
Pontianak North,III,0.005248710130383,109.32024639816346
Pontianak North,III,0.0047280386496862,109.32180581069466
Pontianak North,III,0.0069537656974328,109.31981586459736
Pontianak North,III,0.0041811522733482,109.32284799048756
Pontianak North,III,0.0069653762375926,109.32067901021055
Pontianak North,III,0.0045165468579506,109.32315781802828
Pontianak North,III,0.004953088744223,109.32401826202792
Pontianak North,III,0.0068866124975586,109.32194100301834
Pontianak North,III,0.0090441607056017,109.31721282243092
Pontianak North,III,0.0086107340184719,109.32088046887564
Pontianak North,III,0.0083855648934827,109.3231966151635
Pontianak North,III,0.0096444362766259,109.32365644487996
Pontianak North,III,0.0087310875283502,109.3244694268596
Pontianak North,III,0.0105550059723875,109.3253348739564
Pontianak North,III,0.0130914092254016,109.32368094349178
Pontianak North,III,0.0130455523048639,109.32335456303534
Pontianak North,III,0.0129122562746436,109.32272882957396
Pontianak North,III,0.009925008594363,109.32242796694892
Pontianak North,III,0.0099147090131581,109.32276663783944
Pontianak North,III,0.0099401982426286,109.32381331688292
Pontianak North,III,0.0132142229000637,109.32550293609572
Pontianak North,III,0.0143637546035944,109.32599802469812
Pontianak North,III,0.0150412597524107,109.32537011942092
Pontianak North,III,0.0166811771918993,109.32373497495291
Pontianak North,III,0.0174884419973481,109.323819404384
Pontianak North,III,0.0254284756961991,109.32604609439574
Pontianak North,III,0.0277317422418942,109.32712146801634
Pontianak North,III,0.0249971862166796,109.32851072682028
Pontianak North,III,0.0310103339670295,109.3283807009068
Pontianak North,III,0.0342924875465501,109.32798083202589
Pontianak North,III,0.0247213510397433,109.34177697554016
Pontianak North,III,0.0239424914596027,109.3444644092663
Pontianak North,III,0.0215221001697495,109.3559750079583
Pontianak North,III,0.0192414139110761,109.35763563989862
Pontianak North,III,0.015315480709045,109.35562380729792
Pontianak North,III,0.0175812505515039,109.36415264549194
Pontianak North,III,0.0225831907776553,109.36548924773764
Pontianak North,III,0.0054557706379974,109.32535179947008
Pontianak North,III,0.0002348774954281,109.32620105333396
Pontianak North,III,0.003281672233828,109.32435185528016
Pontianak North,III,0.0046167903961278,109.3250741667175
Pontianak North,III,0.0027184213039158,109.32342470434384
Pontianak North,III,0.004894100451408,109.32478411705382
Pontianak North,III,0.0036179423565996,109.32457997944336
Pontianak North,III,0.0041506861879275,109.32517167937996
Pontianak North,III,-0.0017282816062485,109.32868388134072
Pontianak North,III,0.0008133563532099,109.3296886069997
Pontianak North,III,0.0056353612198485,109.32626825889471
Pontianak North,III,1.83410391307e-05,109.33059006645168
Pontianak North,III,-0.0027158928174969,109.33393348960604
Pontianak North,III,0.0008123461401014,109.3312813278512
Pontianak North,III,0.0018629217364218,109.33062553292852
Pontianak North,III,0.0053657312777558,109.32835363083362
Pontianak North,III,0.0094719411251829,109.32573652496644
Pontianak North,III,0.0026615345675936,109.33161659758936
Pontianak North,III,0.0069154963832679,109.32879125424424
Pontianak North,III,0.0114727110183734,109.32587687416652
Pontianak North,III,0.0031418909131258,109.34536591957206
Pontianak North,III,0.0057782298239777,109.34675678038415
Pontianak North,III,0.0021138724932042,109.34878563564467
Pontianak North,III,0.0032622793642725,109.352360172651
Pontianak North,III,0.0091308182003578,109.35445635180508
Pontianak North,III,0.0019674724763511,109.36117401431856
Pontianak North,III,0.0060387772482103,109.36180577356338
Pontianak North,III,0.0057879940762026,109.36213532835131
Pontianak North,III,0.0017575283903081,109.36191771612935
Pontianak North,III,0.0059581105655806,109.36253935758155
Pontianak North,III,-0.0071833114559118,109.33430882868228
Pontianak North,III,-0.0062807338864261,109.33284517996802
Pontianak North,III,-0.0056983211084305,109.33219701465816
Pontianak North,III,-0.0060545757172988,109.33568100696152
Pontianak North,III,-0.0050599371680865,109.33199993992896
Pontianak North,III,-0.0051434037493109,109.33574906230484
Pontianak North,III,-0.0040655506668154,109.33228276806466
Pontianak North,III,-0.0041480403030879,109.33360636123872
Pontianak North,III,-0.0030753744820538,109.33475577283647
Pontianak North,III,-0.0074904968174735,109.33653532704136
Pontianak North,III,0.0197391442190051,109.33065264470272
Pontianak North,III,0.0194946029717656,109.33651606603657
Pontianak North,III,0.0175852329067183,109.33385664036962
Pontianak North,III,0.0127279201922598,109.33348193996471
Pontianak North,III,0.0127165136815277,109.32916299421048
Pontianak North,III,0.0045581729985063,109.3344808524234
Pontianak North,III,0.004160749430498,109.3358084047306
Pontianak North,III,0.0036289566914285,109.33457978059845
Pontianak North,III,0.0003761141239997,109.33300753395343
Pontianak North,III,-0.0100808147896996,109.33851750344289
Pontianak North,III,-0.0109423692367978,109.33968389144988
Pontianak North,III,-0.0089319559093828,109.33800391125251
Pontianak North,III,-0.0105601846175101,109.34081570399636
Pontianak North,III,-0.0066154051055565,109.33847410600048
Pontianak North,III,-0.0065802576088741,109.33919082184138
Pontianak North,III,-0.0100606968224403,109.34147509916347
Pontianak North,III,-0.0063575322686086,109.3396016461267
Pontianak North,III,-0.0099259117327878,109.34197852082129
Pontianak North,III,-0.0062926098587718,109.3400185191655
Pontianak North,III,-0.0094032246136392,109.34233250499211
Pontianak North,III,-0.005161976983195,109.34020003030513
Pontianak North,III,-0.0055799813101604,109.3406951958078
Pontianak North,III,-0.0052706938984329,109.34122479529697
Pontianak North,III,-0.0083681528742733,109.34321266363008
Pontianak North,III,-0.0077486527812798,109.34369370207796
Pontianak North,III,-0.006568505977413,109.3441931808986
Pontianak North,III,-0.0059329274579972,109.34448511464828
Pontianak North,III,-0.0054834355784914,109.34465411033167
Pontianak North,III,-0.0051507332517757,109.34481991210804
Pontianak North,III,-0.0043552957763379,109.34475777210906
Pontianak North,III,-0.0033372555868058,109.34204807009648
Pontianak North,III,-0.0040976154967605,109.34487783638112
Pontianak North,III,-0.0036747161371762,109.34025038455412
Pontianak North,III,-0.0037827549120125,109.34539323067142
Pontianak North,III,-0.0026443377422332,109.34111768777116
Pontianak North,III,-0.0033981978945585,109.34555052559864
Pontianak North,III,-0.0026734918141543,109.34488863466734
Pontianak North,III,-0.002429500812111,109.34589791021136
Pontianak North,III,-0.0007121073628965,109.34221357842854
Pontianak North,III,-0.0013302505155925,109.34655669025275
Pontianak North,III,-0.0003394695063113,109.3406806815732
Pontianak North,III,-0.0001887858579699,109.34693474044523
Pontianak North,III,0.0009204774882386,109.34184141360473
Pontianak North,III,0.0006313877127849,109.3457563270161
Pontianak North,III,0.0012944961836311,109.3427274925939
Pontianak North,III,0.0005046538568238,109.34757126978884
Pontianak North,III,0.00098065879368,109.34767849921909
Pontianak North,III,0.0090807273272855,109.34050529622112
Pontianak North,III,0.008672302012206,109.34039421638276
Pontianak North,III,0.0074826273011861,109.34184059921658
Pontianak North,III,0.007781745918509,109.33630309289238
Pontianak North,III,0.0070094741942708,109.33927070532472
Pontianak North,III,0.0064263342635515,109.34514014026814
Pontianak North,III,0.0060230709778551,109.34356770530802
Pontianak North,III,-0.0133536996406719,109.33991324128532
Pontianak North,III,-0.0142651750583974,109.34166049248618
Pontianak North,III,-0.0136492317748443,109.3422618713108
Pontianak North,III,-0.0126050829840121,109.34079897512696
Pontianak North,III,-0.0134287678704946,109.34166166114582
Pontianak North,III,-0.0138698947661542,109.34293136316572
Pontianak North,III,-0.0118071285476587,109.34146251137388
Pontianak North,III,-0.0131533889010754,109.34333443879537
Pontianak North,III,-0.0116204165864751,109.34190184141316
Pontianak North,III,-0.0163387658093732,109.34244047697462
Pontianak North,III,-0.0156942123395125,109.34221150484662
Pontianak North,III,-0.0160250544800072,109.3440518960078
Pontianak North,III,-0.0149166774546716,109.34278628549342
Pontianak North,III,-0.015240414605245,109.343865105107
Pontianak North,III,-0.0149049675024968,109.34411482889172
Pontianak North,III,-0.012868101681103,109.34337169536694
Pontianak North,III,-0.0136381785554317,109.34565647867836
Pontianak North,III,-0.0129889508944356,109.34564692534492
Pontianak North,III,-0.0126602566967245,109.34593283636156
Pontianak North,III,-0.0110043465290275,109.34318849623943
Pontianak North,III,-0.0121567973359378,109.34610502234368
Pontianak North,III,-0.0118785617067146,109.34629150083992
Pontianak North,III,-0.0115558110032419,109.3465949802979
Pontianak North,III,-0.0098691410165739,109.34378912388225
Pontianak North,III,-0.0110499366280113,109.34646853057664
Pontianak North,III,-0.0107134777394212,109.34657478192638
Pontianak North,III,-0.009484026081459,109.3439556527954
Pontianak North,III,-0.0102879886101214,109.34674131117384
Pontianak North,III,-0.0090115470221566,109.34417155559866
Pontianak North,III,-0.0085824091082252,109.34434061886284
Pontianak North,III,-0.009768829286681,109.34692355669108
Pontianak North,III,-0.0082643537168829,109.3444432592092
Pontianak North,III,-0.0091364716187983,109.34717683405174
Pontianak North,III,-0.0088373224144882,109.34729231719564
Pontianak North,III,-0.0074907211108384,109.3441245052771
Pontianak North,III,-0.0063841904059939,109.34491064749687
Pontianak North,III,-0.0059696077756435,109.34485983245062
Pontianak North,III,-0.0057596535204767,109.3449161945454
Pontianak North,III,-0.0071000970588453,109.34744317129226
Pontianak North,III,-0.0054637414154743,109.34503748111176
Pontianak North,III,-0.0051988607078472,109.34521734261664
Pontianak North,III,-0.006664219095119,109.34809180968304
Pontianak North,III,-0.0035268196799048,109.34581774600044
Pontianak North,III,-0.0062292505865772,109.35073193291652
Pontianak North,III,-0.002789463677836,109.34617187979453
Pontianak North,III,-0.0024425984779385,109.34654133250407
Pontianak North,III,-0.0027044278655229,109.34797283341712
Pontianak North,III,-0.0042793056331107,109.35088040693896
Pontianak North,III,-0.0015383176229509,109.34674913057448
Pontianak North,III,-0.0012477163126881,109.3468822838564
Pontianak North,III,-0.0039882927000156,109.35180048719695
Pontianak North,III,-0.0008130659423724,109.34713666171218
Pontianak North,III,-0.0003912638567238,109.34735345177232
Pontianak North,III,-0.0026767525492326,109.3512006405169
Pontianak North,III,-0.000358096792081,109.3480143581529
Pontianak North,III,-0.003200690431891,109.3530325828385
Pontianak North,III,0.0002714104146442,109.34762692752552
Pontianak North,III,0.0005778762737466,109.34790442201675
Pontianak North,III,0.0009215982169203,109.34807118447804
Pontianak North,III,0.0014664391840259,109.34839782450346
Pontianak North,III,-0.0008906505384107,109.35303271149937
Pontianak North,III,-0.0004298798412857,109.35305586133562
Pontianak North,III,0.0019789559215204,109.34882645280506
Pontianak North,III,0.0019555152767863,109.34962674470891
Pontianak North,III,0.0005674845104744,109.35202621305376
Pontianak North,III,0.000385264389074,109.3532216004709
Pontianak North,III,0.002424795429454,109.3504545401701
Pontianak North,III,0.0020636398552273,109.35028198118822
Pontianak North,III,-0.0158952533889276,109.34523523296096
Pontianak North,III,-0.0172804276197824,109.34833266869528
Pontianak North,III,-0.0153399701289123,109.35036685545543
Pontianak North,III,-0.014900887581821,109.35232484040202
Pontianak North,III,-0.0144167503177012,109.3509944651048
Pontianak North,III,-0.0138975170226883,109.3512274749507
Pontianak North,III,-0.0135387234853603,109.35123080571836
Pontianak North,III,-0.0120177688177588,109.34873288620068
Pontianak North,III,-0.0110456496363052,109.3483633583657
Pontianak North,III,-0.0129693370613904,109.3521988262796
Pontianak North,III,-0.0101523717216821,109.34810381393456
Pontianak North,III,-0.0128303023632156,109.35232438159105
Pontianak North,III,-0.0097412433293467,109.34831762238262
Pontianak North,III,-0.0088961245499594,109.34889155494017
Pontianak North,III,-0.0119519429917203,109.35330863755276
Pontianak North,III,-0.0086654738571533,109.35036078989572
Pontianak North,III,-0.0077268190305798,109.35004410507848
Pontianak North,III,-0.0069819507892108,109.35137614192448
Pontianak North,III,-0.0063025375165735,109.3514452429549
Pontianak North,III,-0.0060339569122666,109.35247707609962
Pontianak North,III,-0.0048780977139303,109.35219757356948
Pontianak North,III,-0.0048868135088995,109.3528585795732
Pontianak North,III,-0.0042110270154375,109.35258918633416
Pontianak North,III,-0.0038742088136055,109.35285800123852
Pontianak North,III,-0.0035343622652971,109.35305793284036
Pontianak North,III,-0.0177214666347442,109.3509365491599
Pontianak North,III,-0.0199573554193082,109.35177841034114
Pontianak North,III,-0.0134250419521832,109.35245808156546
Pontianak North,III,-0.0129324569667562,109.35245967669714
Pontianak North,III,-0.0153719440376002,109.35329283448384
Pontianak North,III,-0.0155132726496705,109.35599441521455
Pontianak North,III,-0.0145223498754339,109.35379860597996
Pontianak North,III,-0.0151034086150954,109.35607604309148
Pontianak North,III,-0.0148067314863393,109.35608556792546
Pontianak North,III,-0.0141773144854881,109.35370285708876
Pontianak North,III,-0.0141397201203689,109.35595623772883
Pontianak North,III,-0.0136606264317763,109.35593759403562
Pontianak North,III,-0.0131227397998337,109.3558490775721
Pontianak North,III,-0.0121250900535941,109.35354668381602
Pontianak North,III,-0.0127443889342917,109.35538727030249
Pontianak North,III,-0.0128606979482196,109.35958269546622
Pontianak North,III,-0.0119546859948353,109.35445794908942
Pontianak North,III,-0.0111634736100543,109.35365425331116
Pontianak North,III,-0.0108363077064874,109.35381931447586
Pontianak North,III,-0.0117445106171384,109.35567410765805
Pontianak North,III,-0.0101164634205444,109.35382909674534
Pontianak North,III,-0.0094547640559524,109.35290380762476
Pontianak North,III,-0.0099149614771284,109.3546340046944
Pontianak North,III,-0.0094310613921746,109.35574079935554
Pontianak North,III,-0.0095814327987202,109.36019043452508
Pontianak North,III,-0.0080293191420903,109.35393712238636
Pontianak North,III,-0.0084984697741748,109.3557898297648
Pontianak North,III,-0.0086773985780769,109.36028357613868
Pontianak North,III,-0.0083241232523214,109.3560883789654
Pontianak North,III,-0.0078508917165153,109.35458750467588
Pontianak North,III,-0.0074607656126465,109.35443739305374
Pontianak North,III,-0.0076590499618371,109.35580394853696
Pontianak North,III,-0.0077809009232064,109.36048591013775
Pontianak North,III,-0.0076251781621013,109.35963133630214
Pontianak North,III,-0.0069466355232179,109.35535302587944
Pontianak North,III,-0.0067017913751281,109.3601521829565
Pontianak North,III,-0.005996052887135,109.35848193474747
Pontianak North,III,-0.0057013360274957,109.3555643944831
Pontianak North,III,-0.005558901846743,109.35614314866989
Pontianak North,III,-0.0056576492427998,109.360805015146
Pontianak North,III,-0.0052570951363935,109.35632815313778
Pontianak North,III,-0.0053707686785414,109.36077499073704
Pontianak North,III,-0.0026160972873414,109.35317459060552
Pontianak North,III,-0.0048746090999333,109.35713787721002
Pontianak North,III,-0.0021528297622628,109.35327011313402
Pontianak North,III,-0.0044612611949422,109.35652115382686
Pontianak North,III,-0.0045907943544289,109.36086580751446
Pontianak North,III,-0.0013037622583882,109.35314721811244
Pontianak North,III,-0.0039947438766186,109.35626111471517
Pontianak North,III,-0.0042012725666617,109.36101956739144
Pontianak North,III,-0.0033458598474575,109.3554964767609
Pontianak North,III,-0.003553503126923,109.35645982128857
Pontianak North,III,-0.0037058329148752,109.3610393687644
Pontianak North,III,-0.0032965473252992,109.3598310980307
Pontianak North,III,-0.0004134842034,109.35343020061111
Pontianak North,III,-0.0027423382021218,109.35809555531011
Pontianak North,III,0.0002096445236046,109.35337351623508
Pontianak North,III,-0.0023259981753655,109.3565475644994
Pontianak North,III,-0.0025127886842017,109.36125165390264
Pontianak North,III,-0.0020236465044131,109.35687590192812
Pontianak North,III,0.0005267706373497,109.35352036257748
Pontianak North,III,-0.0019108391001014,109.35928708746344
Pontianak North,III,-0.001171442015207,109.35599895162756
Pontianak North,III,0.001515282214279,109.35349399230304
Pontianak North,III,-0.0008970706675076,109.35677759249508
Pontianak North,III,-0.0023311347260122,109.361433766725
Pontianak North,III,-0.0005196172328087,109.3574630704196
Pontianak North,III,0.0008084453638372,109.3601741115345
Pontianak North,III,0.0013817055378421,109.35845844064968
Pontianak North,III,0.0066116826899136,109.3543309609068
Pontianak North,III,0.0095783412355134,109.35801293138762
Pontianak North,III,0.008900441973976,109.36284040239109
Pontianak North,III,0.0161659903675796,109.35747531477628
Pontianak North,III,-0.0113582012392926,109.35927719528092
Pontianak North,III,-0.0115266569906826,109.3583925974724
Pontianak North,III,-0.0089594624274659,109.360150496694
Pontianak North,III,-0.006699018101173,109.36021580848562
Pontianak North,III,-0.0048618122502806,109.3578721336415
Pontianak North,III,-0.01438319305359,109.35847884686736
Pontianak North,III,-0.0139755618519099,109.3585074539112
Pontianak North,III,-0.0048425780266654,109.3650311089258
Pontianak North,III,-0.0126560678674826,109.3642774067005
Pontianak North,III,0.0002972689289933,109.36606050235017
Pontianak North,III,-0.0045276372139904,109.36508264042712
Pontianak North,III,0.0007743743599696,109.36621809948602
Pontianak North,III,0.0095141062781825,109.36870076141456
Pontianak North,III,0.0149894281541788,109.36987009083438
Pontianak North,III,0.0076398896497199,109.36138228034862
Pontianak North,III,0.0089080254447372,109.36126886804496
Pontianak North,III,-0.0168172021200216,109.36575662796982
Pontianak North,III,-0.0123098868878078,109.36509338243378
Pontianak North,III,-0.0119714895068499,109.36516805106416
Pontianak North,III,-0.0064204106323733,109.37680771585916
Pontianak North,III,-0.0045209739641969,109.36837496706434
Pontianak North,III,-0.00438758534546,109.37415567194417
Pontianak North,III,-0.0036361970942924,109.37270558313556
Pontianak North,III,-0.0024685134211799,109.37365909869416
Pontianak North,III,-0.0020943142546392,109.37168265015796
Pontianak North,III,-0.0013589762616422,109.37159642189812
Pontianak East,III,-0.0243635392352214,109.36161364195056
Pontianak East,III,-0.0257611647642002,109.36158549045524
Pontianak East,III,-0.0311049680149844,109.36011013027964
Pontianak East,III,-0.0340836049749322,109.3557685642522
Pontianak East,III,-0.0244340647599859,109.3610987230556
Pontianak East,III,-0.0244576543065603,109.36093283713907
Pontianak East,III,-0.02618903705348,109.35996365796586
Pontianak East,III,-0.0247385824521729,109.35851873843298
Pontianak East,III,-0.0277737372351039,109.3583116002537
Pontianak East,III,-0.0262652821640794,109.35756691995638
Pontianak East,III,-0.02639655558696,109.35641702011596
Pontianak East,III,-0.0238918703506108,109.35634464844384
Pontianak East,III,-0.0263991176262461,109.35589055031372
Pontianak East,III,-0.0259557556601077,109.35539157172808
Pontianak East,III,-0.0239677793277618,109.35514900780323
Pontianak East,III,-0.0239216128956545,109.35482387221444
Pontianak East,III,-0.0238356380833356,109.35470923302938
Pontianak East,III,-0.0283032088182163,109.35408652453182
Pontianak East,III,-0.0256853061100015,109.35369671986572
Pontianak East,III,-0.0249137950619278,109.35405229200168
Pontianak East,III,-0.0233308811431824,109.3526874002058
Pontianak East,III,-0.0226838272363036,109.35382297905892
Pontianak East,III,-0.0237129544763377,109.3518566601168
Pontianak East,III,-0.0237666134978331,109.35133371969796
Pontianak East,III,-0.024126113337199,109.35067122532064
Pontianak East,III,-0.0237475608568682,109.36626962510148
Pontianak East,III,-0.0243325658696108,109.3661923646334
Pontianak East,III,-0.0267232723653164,109.36623006525632
Pontianak East,III,-0.0268198082570362,109.36646322583805
Pontianak East,III,-0.0217034441328489,109.36822883722202
Pontianak East,III,-0.0268674022236842,109.36692209462286
Pontianak East,III,-0.0248023892964114,109.36752146583927
Pontianak East,III,-0.0270990848845801,109.36733818374891
Pontianak East,III,-0.0275488847187484,109.36770048872876
Pontianak East,III,-0.0222952011655185,109.37069479765974
Pontianak East,III,-0.0256202490333422,109.36896772510552
Pontianak East,III,-0.0315418630475303,109.36493923898938
Pontianak East,III,-0.036251338981465,109.3577256445711
Pontianak East,III,-0.0223725792142875,109.3707635523844
Pontianak East,III,-0.0269236383643025,109.36931337537332
Pontianak East,III,-0.022456020779546,109.37093345278733
Pontianak East,III,-0.0229464258790008,109.37110805420424
Pontianak East,III,-0.0272285979687491,109.37115040225004
Pontianak East,III,-0.0230812251762546,109.37279280345136
Pontianak East,III,-0.0237377259970672,109.37324803621574
Pontianak East,III,-0.0232375388144219,109.37318626065374
Pontianak East,III,-0.0272700972529576,109.3726728258008
Pontianak East,III,-0.0235466635302435,109.37389058917664
Pontianak East,III,-0.0273064245971236,109.37349241491536
Pontianak East,III,-0.0238116220427111,109.37457269416178
Pontianak East,III,-0.0273422835141705,109.37394223881849
Pontianak East,III,-0.0239517993098514,109.3748388463846
Pontianak East,III,-0.0239163279718521,109.3748800862863
Pontianak East,III,-0.0259326072807034,109.37492194331732
Pontianak East,III,-0.0310236660289485,109.375142137081
Pontianak East,III,-0.0271574651549041,109.37523052429492
Pontianak East,III,-0.027274208983951,109.37537410247916
Pontianak East,III,-0.0260346918244739,109.37629404531708
Pontianak East,III,-0.0308668106398924,109.37738210318366
Pontianak East,III,-0.0276253019662597,109.37657758588824
Pontianak East,III,-0.0249840838220798,109.37725684056385
Pontianak East,III,-0.0269661421791387,109.37690200568971
Pontianak East,III,-0.0253570320956875,109.37742424641418
Pontianak East,III,-0.0277895454012964,109.37702704686048
Pontianak East,III,-0.0252706173239442,109.37805915675668
Pontianak East,III,-0.0278742715307735,109.37773721732609
Pontianak East,III,-0.0253453335069857,109.37843523398644
Pontianak East,III,-0.0278222602329578,109.37799495258405
Pontianak East,III,-0.0256274041897201,109.37866004942998
Pontianak East,III,-0.028481358958645,109.378041997251
Pontianak East,III,-0.0286515351513344,109.37835367279168
Pontianak East,III,-0.0268728410303682,109.37981980054822
Pontianak East,III,-0.0317720371815821,109.37934582799714
Pontianak East,III,-0.0290798091857378,109.37968210522926
Pontianak East,III,-0.0315665536209041,109.37972873999628
Pontianak East,III,-0.0350046717037358,109.35380145090411
Pontianak East,III,-0.0358196747287779,109.35192214717502
Pontianak East,III,-0.0344984416481312,109.35353250002646
Pontianak East,III,-0.032559727170817,109.35695629266738
Pontianak East,III,-0.0341181018469676,109.3533449828521
Pontianak East,III,-0.0321592966712741,109.35695651723069
Pontianak East,III,-0.0337873668425159,109.353175783893
Pontianak East,III,-0.0328377535721358,109.35471650341708
Pontianak East,III,-0.0304612745603413,109.35786503313145
Pontianak East,III,-0.0335169273437513,109.35307558906636
Pontianak East,III,-0.0317185035211024,109.35589484024884
Pontianak East,III,-0.0315430896682383,109.35570914439822
Pontianak East,III,-0.0318337214279103,109.3564570716368
Pontianak East,III,-0.0304261607877162,109.35569559267002
Pontianak East,III,-0.0332518172462511,109.350485657108
Pontianak East,III,-0.0293778707173417,109.35692428409446
Pontianak East,III,-0.0318392765026332,109.35156594485773
Pontianak East,III,-0.0295503190622154,109.35507727353033
Pontianak East,III,-0.0298336814632282,109.35450064074176
Pontianak East,III,-0.031342818900988,109.351157908714
Pontianak East,III,-0.0289497436167277,109.3546509448403
Pontianak East,III,-0.0306187084360999,109.3516331000476
Pontianak East,III,-0.0295205897391954,109.35308726560864
Pontianak East,III,-0.0303665295000232,109.3513813695484
Pontianak East,III,-0.0291447300128542,109.35304260701906
Pontianak East,III,-0.0288950367951046,109.3528086474685
Pontianak East,III,-0.0297670370201226,109.35125549753803
Pontianak East,III,-0.0281258243802589,109.35220295434335
Pontianak East,III,-0.0278850961485181,109.35198971872684
Pontianak East,III,-0.0287026081085497,109.3509702372661
Pontianak East,III,-0.027536118087215,109.35154411372284
Pontianak East,III,-0.0280766771354593,109.35010702156696
Pontianak East,III,-0.0267823585325646,109.34971458267496
Pontianak East,III,-0.0269894320921577,109.34784911508729
Pontianak East,III,-0.0267766107602596,109.34849485867156
Pontianak East,III,-0.0337353968334778,109.35830537282894
Pontianak East,III,-0.0362769061726536,109.354430917205
Pontianak East,III,-0.0339715772354598,109.35850148242469
Pontianak East,III,-0.0368913058059503,109.35474967430528
Pontianak East,III,-0.0347868470524767,109.35829949627036
Pontianak East,III,-0.0348525788466628,109.35834432812813
Pontianak East,III,-0.0369042628564656,109.35553980823605
Pontianak East,III,-0.0351328405772685,109.35864059989846
Pontianak East,III,-0.0348826439827856,109.3609869754374
Pontianak East,III,-0.038416352632404,109.35577639968282
Pontianak East,III,-0.03533599066907,109.36096387149328
Pontianak East,III,-0.0389735496597657,109.35624375575772
Pontianak East,III,-0.0388344693806928,109.35704757208656
Pontianak East,III,-0.03959184046297,109.35683852951536
Pontianak East,III,-0.0371508549324118,109.36057176653762
Pontianak East,III,-0.0363247687306179,109.36225263205898
Pontianak East,III,-0.0400400606428885,109.35822739608174
Pontianak East,III,-0.0377060296202492,109.36095692706054
Pontianak East,III,-0.0386729300532335,109.35982746176693
Pontianak East,III,-0.0359502709571921,109.36370877956652
Pontianak East,III,-0.0419253442575402,109.35683578091198
Pontianak East,III,-0.0389725407559261,109.36012744291575
Pontianak East,III,-0.0360252756564401,109.36402142115772
Pontianak East,III,-0.0399862279275615,109.35983086726938
Pontianak East,III,-0.0392753262497408,109.36040316595437
Pontianak East,III,-0.0366622241764143,109.36440276622196
Pontianak East,III,-0.0395245406092461,109.36065359161604
Pontianak East,III,-0.0370055855809293,109.36452741111876
Pontianak East,III,-0.0387547407340682,109.36303319697846
Pontianak East,III,-0.0401869697612825,109.35885503584862
Pontianak East,III,-0.0401876911649501,109.36198617491152
Pontianak East,III,-0.0419128431971575,109.36056135768074
Pontianak East,III,-0.0391356894094371,109.36427984790257
Pontianak East,III,-0.0417299942682267,109.36132009455125
Pontianak East,III,-0.0408733182854111,109.36215843256456
Pontianak East,III,-0.0382577628089438,109.36616509761488
Pontianak East,III,-0.0392733212556132,109.365085689704
Pontianak East,III,-0.044195790821342,109.35936045021158
Pontianak East,III,-0.0425138588936628,109.36196794050947
Pontianak East,III,-0.0416357481607067,109.36290852903046
Pontianak East,III,-0.0359999957180398,109.3710950210656
Pontianak East,III,-0.0278811341335742,109.37578823007772
Pontianak East,III,-0.0436587152199529,109.36197093919692
Pontianak East,III,-0.0422778586117595,109.3634936723024
Pontianak East,III,-0.039902670364853,109.36729130139304
Pontianak East,III,-0.0444594565071334,109.36174369682584
Pontianak East,III,-0.0424938126318943,109.36374164676673
Pontianak East,III,-0.0399991402318835,109.3677510474056
Pontianak East,III,-0.0440301621328753,109.36268660697732
Pontianak East,III,-0.0428021396468543,109.36406992150086
Pontianak East,III,-0.0402898214534173,109.3679947086747
Pontianak East,III,-0.044973903170019,109.36222617981088
Pontianak East,III,-0.0425495089559353,109.36497905877
Pontianak East,III,-0.0408121221612017,109.36853160922652
Pontianak East,III,-0.0452439187511863,109.36235870698124
Pontianak East,III,-0.0428744270251267,109.36529984210247
Pontianak East,III,-0.0430471498427348,109.36549631904028
Pontianak East,III,-0.0448432099085301,109.36357993051178
Pontianak East,III,-0.045910107050799,109.3629016819219
Pontianak East,III,-0.0432669865177072,109.36690659580869
Pontianak East,III,-0.0456985441478275,109.36454255571373
Pontianak East,III,-0.0467659973251617,109.36372176606407
Pontianak East,III,-0.0449835389135604,109.36611761044163
Pontianak East,III,-0.0428458987811159,109.3694862441672
Pontianak East,III,-0.0478294364604456,109.3629832521404
Pontianak East,III,-0.0453466574697262,109.36638820695704
Pontianak East,III,-0.0428839370802334,109.37041092056458
Pontianak East,III,-0.0472952518695635,109.36412126165094
Pontianak East,III,-0.0453799741021284,109.36720401376007
Pontianak East,III,-0.046253566640233,109.36580330784136
Pontianak East,III,-0.0459702635282708,109.3669698139624
Pontianak East,III,-0.0438345768484674,109.37119581523446
Pontianak East,III,-0.0451297632219933,109.36914854269509
Pontianak East,III,-0.0459793509445923,109.3682236642606
Pontianak East,III,-0.0470342857439197,109.36776982364248
Pontianak East,III,-0.0447220606685255,109.37169430618192
Pontianak East,III,-0.0478436348400804,109.36671634677316
Pontianak East,III,-0.0472847098985535,109.3679759694789
Pontianak East,III,-0.0448843573581259,109.37196923132484
Pontianak East,III,-0.0476024113363848,109.36825672650524
Pontianak East,III,-0.0451630697208429,109.3722954267326
Pontianak East,III,-0.0493245634241,109.36604599241964
Pontianak East,III,-0.0460882652688952,109.3713727000327
Pontianak East,III,-0.0477569485096649,109.3705301715504
Pontianak East,III,-0.0497091870711085,109.36816774845232
Pontianak East,III,-0.0489607210438391,109.36943888900636
Pontianak East,III,-0.0464281786612929,109.3731335583822
Pontianak East,III,-0.0506770185716043,109.3673509248754
Pontianak East,III,-0.0468974094410272,109.37305181341236
Pontianak East,III,-0.0509183079151227,109.36756887248364
Pontianak East,III,-0.0488435936101658,109.37075188551576
Pontianak East,III,-0.0496799673256312,109.3701324985582
Pontianak East,III,-0.0472172835423127,109.37400156929202
Pontianak East,III,-0.0501589992731945,109.3705426070088
Pontianak East,III,-0.0473473538083023,109.37479342976678
Pontianak East,III,-0.0445670195738104,109.37789264049624
Pontianak East,III,-0.0520789788389669,109.36838340601336
Pontianak East,III,-0.0524469473101331,109.36861286748882
Pontianak East,III,-0.0527206948802603,109.36875743048437
Pontianak East,III,-0.0538388119509881,109.36801935378686
Pontianak East,III,-0.0534078738097493,109.36925514523384
Pontianak East,III,-0.0505407809042452,109.37422681401864
Pontianak East,III,-0.0538802655050541,109.36955730758687
Pontianak East,III,-0.0523672759050197,109.37218675766236
Pontianak East,III,-0.0497973942464273,109.375897594961
Pontianak East,III,-0.0541402242019615,109.36975614331124
Pontianak East,III,-0.0548611712542128,109.36865672195532
Pontianak East,III,-0.0540494009921611,109.36962997143527
Pontianak East,III,-0.0464595692618628,109.36330300957464
Pontianak East,III,-0.0360291878739482,109.35424244156668
Pontianak East,III,-0.0550508245603694,109.36926348109876
Pontianak East,III,-0.0517238449148251,109.37554427199142
Pontianak East,III,-0.0558510674928616,109.3694475299085
Pontianak East,III,-0.0517589197457054,109.37612730478072
Pontianak East,III,-0.0553650599873117,109.37115289360564
Pontianak East,III,-0.0540700497889079,109.37347305039177
Pontianak East,III,-0.0520443423012693,109.37638206596318
Pontianak East,III,-0.0535988375087475,109.37487932762215
Pontianak East,III,-0.0553624713908266,109.37169315198533
Pontianak East,III,-0.0521368295521017,109.37735015954196
Pontianak East,III,-0.0554849343772623,109.37235304878725
Pontianak East,III,-0.053797779142781,109.37562029616208
Pontianak East,III,-0.0571272381823866,109.37008940565264
Pontianak East,III,-0.0550248793295582,109.37411998560545
Pontianak East,III,-0.0523719463376173,109.37808908820278
Pontianak East,III,-0.0570262313758801,109.37146788973072
Pontianak East,III,-0.0572852261544716,109.3718846002015
Pontianak East,III,-0.0559420139653894,109.37443536929558
Pontianak East,III,-0.0583230809886839,109.37078958271654
Pontianak East,III,-0.0537838238547853,109.37832019355064
Pontianak East,III,-0.0571104776931118,109.37417462176994
Pontianak East,III,-0.056664971655917,109.37525286404268
Pontianak East,III,-0.0540333204316121,109.37919249563868
Pontianak East,III,-0.0592468619924586,109.37209233594064
Pontianak East,III,-0.0581556772100548,109.3740938445207
Pontianak East,III,-0.0574218280487496,109.37578283067344
Pontianak East,III,-0.0548510088819206,109.37952539291447
Pontianak East,III,-0.0584848972339481,109.37429690928334
Pontianak East,III,-0.0582797118630064,109.37522468813648
Pontianak East,III,-0.0577864149450693,109.37601720112524
Pontianak East,III,-0.0550672982000865,109.37988286603418
Pontianak East,III,-0.0580457561683911,109.3763009786417
Pontianak East,III,-0.0553155012493318,109.3801721432023
Pontianak East,III,-0.0591395875731797,109.3747565082226
Pontianak East,III,-0.0591421621628201,109.37537906538658
Pontianak East,III,-0.0577070115591923,109.3776304589706
Pontianak South,III,-0.0388500476924224,109.35100906771116
Pontianak South,III,-0.0402581953872625,109.35214729902464
Pontianak South,III,-0.0365636329385569,109.34601719257864
Pontianak South,III,-0.0360391035245708,109.34432890613655
Pontianak South,III,-0.0366834251732661,109.34259401366296
Pontianak South,III,-0.0384422535670068,109.34506280696743
Pontianak South,III,-0.0378506802234943,109.3443076481538
Pontianak South,III,-0.03926818248097,109.34475715171044
Pontianak South,III,-0.0349334185404752,109.34552205327464
Pontianak South,III,-0.0353019053232289,109.3451816926404
Pontianak South,III,-0.0328075505261951,109.34771548289604
Pontianak South,III,-0.0331529776154443,109.34789953606882
Pontianak South,III,-0.0349548187625905,109.3445821624682
Pontianak South,III,-0.0348847454300074,109.34319505516956
Pontianak South,III,-0.0326043071474526,109.34507417579388
Pontianak South,III,-0.0331936424624177,109.34419183051872
Pontianak South,III,-0.0331259498249993,109.34348859168767
Pontianak South,III,-0.0332488450722378,109.34347977777512
Pontianak South,III,-0.0332587006221831,109.3424170405678
Pontianak South,III,-0.0333856982270533,109.34202784288348
Pontianak South,III,-0.0339760451075879,109.34175601526977
Pontianak South,III,-0.0300328231012012,109.34208692969057
Pontianak South,III,-0.0285517091603451,109.341382070028
Pontianak South,III,-0.0287810270150207,109.34071110379146
Pontianak South,III,-0.0312102597150232,109.34187352250392
Pontianak South,III,-0.0288910884850182,109.34218254162968
Pontianak South,III,-0.0320150704103066,109.33657881561344
Pontianak South,III,-0.0386856476020654,109.34135681455724
Pontianak South,III,-0.0351230583648584,109.33449260609258
Pontianak South,III,-0.0275680909895627,109.34372445897696
Pontianak South,III,-0.0275824295806047,109.34387833386896
Pontianak South,III,-0.0291672215571078,109.34586601151314
Pontianak South,III,-0.0401433842035025,109.34634871996764
Pontianak South,III,-0.041852008981179,109.34304232469076
Pontianak South,III,-0.0405249877059344,109.34335771597482
Pontianak South,III,-0.0413958043306052,109.33930618598995
Pontianak South,III,-0.0391186307990115,109.34133876175356
Pontianak South,III,-0.0373954145427365,109.34193161964258
Pontianak South,III,-0.0361893200346937,109.34424125368052
Pontianak South,III,-0.0370159457321978,109.3416915208302
Pontianak South,III,-0.036433794062335,109.34161058399188
Pontianak South,III,-0.034822744580605,109.34443622063289
Pontianak South,III,-0.0366039793674153,109.34060436422206
Pontianak South,III,-0.0340078131467828,109.34413626774462
Pontianak South,III,-0.0353618347403422,109.34078994451964
Pontianak South,III,-0.0351179557646864,109.3404369891826
Pontianak South,III,-0.033543731886216,109.34269797167606
Pontianak South,III,-0.0343155882998324,109.34026162637888
Pontianak South,III,-0.0342290752440131,109.34024928055186
Pontianak South,III,-0.0338049190697229,109.34001307072742
Pontianak South,III,-0.0336777369014501,109.3388136413934
Pontianak South,III,-0.0322107941631651,109.3413501420563
Pontianak South,III,-0.0333811426108132,109.33950801342466
Pontianak South,III,-0.0317073570475848,109.34121633711432
Pontianak South,III,-0.0314155248749118,109.34125213798708
Pontianak South,III,-0.0330149511490324,109.33879220876824
Pontianak South,III,-0.0313252175284098,109.34147296151627
Pontianak South,III,-0.0319302384552132,109.33903241553678
Pontianak South,III,-0.0333920009575768,109.338021391693
Pontianak South,III,-0.0300472125508138,109.34060211418247
Pontianak South,III,-0.0295268771351707,109.34093918194075
Pontianak South,III,-0.0309298235510943,109.3386733317766
Pontianak South,III,-0.0426089937814516,109.3451546829386
Pontianak South,III,-0.045585804006217,109.34562673942824
Pontianak South,III,-0.0459638412586607,109.34441735376495
Pontianak South,III,-0.0438512149339553,109.3432955915684
Pontianak South,III,-0.0436250453912408,109.34310586696114
Pontianak South,III,-0.043474224693218,109.34286317721754
Pontianak South,III,-0.0526951803547316,109.34520638198596
Pontianak South,III,-0.051325793446457,109.34267201484
Pontianak South,III,-0.051676492307139,109.34240220556468
Pontianak South,III,-0.0530443998509482,109.3434332669168
Pontianak South,III,-0.055549301886156,109.34148088750234
Pontianak South,III,-0.0554190937305896,109.33945315097236
Pontianak South,III,-0.0573900218497558,109.34046797903672
Pontianak South,III,-0.0576230073383913,109.3396862751194
Pontianak South,III,-0.0567293673057733,109.33793957906472
Pontianak South,III,-0.0589578094615801,109.34003878322432
Pontianak South,III,-0.0535286052406282,109.3361268524486
Pontianak South,III,-0.0579274931635578,109.33706508160503
Pontianak South,III,-0.0583021237087045,109.33659934709536
Pontianak South,III,-0.0586863919734586,109.3363488695513
Pontianak South,III,-0.060476950004924,109.33465919042855
Pontianak South,III,-0.0638071547680032,109.33358243386816
Pontianak South,III,-0.050102646474754,109.34590819356228
Pontianak South,III,-0.0490165475283273,109.34505395084744
Pontianak South,III,-0.0477379923322645,109.34516870345516
Pontianak South,III,-0.0460838029468859,109.34516399015524
Pontianak South,III,-0.0464042077337833,109.34589023894604
Pontianak South,III,-0.0503541219588117,109.34250091809926
Pontianak South,III,-0.0502142368183545,109.33560486833736
Pontianak South,III,-0.0512791545328375,109.34001906203828
Pontianak South,III,-0.057111296024705,109.3289563882188
Pontianak South,III,-0.0497325744761943,109.33555852921954
Pontianak South,III,-0.0543738721249742,109.32781184564574
Pontianak South,III,-0.0580088313176274,109.3240741470506
Pontianak South,III,-0.058541276090406,109.32357109536731
Pontianak South,III,-0.0631215510587655,109.32044040315544
Pontianak South,III,-0.0639828226608152,109.31992694024524
Pontianak South,III,-0.0718576743576636,109.31477183568737
Pontianak South,III,-0.0754785541842647,109.31272438189669
Pontianak South,III,-0.0793313148835605,109.3109652464852
Pontianak South,III,-0.0490280391932713,109.33653555596642
Pontianak South,III,-0.0487451349426747,109.3371612794612
Pontianak South,III,-0.0480780246572553,109.33213828207911
Pontianak South,III,-0.0495596280320818,109.3275017534365
Pontianak South,III,-0.0478609241409333,109.32467780722828
Pontianak South,III,-0.047499102784821,109.33138637511152
Pontianak South,III,-0.0485574938807836,109.32789609856106
Pontianak South,III,-0.0473200121099851,109.3301302689045
Pontianak South,III,-0.0468527161884023,109.32914702467843
Pontianak South,III,-0.0459267309746255,109.33019179343
Pontianak South,III,-0.045051905276338,109.33097452807448
Pontianak South,III,-0.0434932708923511,109.3338324164722
Pontianak South,III,-0.0430907707769212,109.33288970816731
Pontianak South,III,-0.0442999301231147,109.33042649619512
Pontianak South,III,-0.0468522761205591,109.3259843890848
Pontianak South,III,-0.0424689715037841,109.33225685492395
Pontianak South,III,-0.0414392242738368,109.33173832981332
Pontianak South,III,-0.0424731961055388,109.32838883595394
Pontianak South,III,-0.040404105265398,109.33190067955744
Pontianak South,III,-0.0412424638806664,109.3271996742605
Pontianak South,III,-0.042395322823834,109.33615764668328
Pontianak South,III,-0.0410484979243022,109.33516658920132
Pontianak South,III,-0.0452095130478043,109.3347363547733
Pontianak South,III,-0.0436349701076909,109.3361706671814
Pontianak South,III,-0.0440370441195793,109.33530900033836
Pontianak South,III,-0.0396249538320129,109.3341801465167
Pontianak South,III,-0.0391079749323638,109.33383958839757
Pontianak South,III,-0.0383186146938195,109.330665859344
Pontianak South,III,-0.039273313491065,109.33120221647036
Pontianak South,III,-0.0411723566266915,109.33283306359657
Pontianak South,III,-0.0424758524606117,109.32617212975508
Pontianak South,III,-0.0420503056432763,109.32760541121608
Pontianak South,III,-0.0445024570004039,109.32700884851523
Pontianak South,III,-0.0459413741420976,109.32489423175534
Pontianak South,III,-0.0447812201896061,109.32804341402364
Pontianak South,III,-0.0439039529019283,109.324444896611
Pontianak South,III,-0.0435552658310869,109.32504101756452
Pontianak South,III,-0.0450006835707251,109.32368323750816
Pontianak South,III,-0.0439067527699005,109.32470361154286
Pontianak South,III,-0.0455350187948906,109.32454856516584
Pontianak South,III,-0.0461295108069882,109.32377921616536
Pontianak South,III,-0.048836853983779,109.3217473745849
Pontianak South,III,-0.0486823618165562,109.32011896415234
Pontianak South,III,-0.0498803342936305,109.31932985499324
Pontianak South,III,-0.050343121127791,109.3197674213929
Pontianak South,III,-0.0518018129715633,109.31769257188012
Pontianak South,III,-0.0523767862990082,109.31835078544516
Pontianak South,III,-0.0535634408381241,109.3185509605269
Pontianak South,III,-0.056804577444707,109.3158208357964
Pontianak South,III,-0.0610756525922501,109.31241620625448
Pontianak South,III,-0.0526909714983383,109.31923122345678
Pontianak South,III,-0.0535436196915123,109.31952156787187
Pontianak South,III,-0.0507630645314557,109.32141788901497
Pontianak South,III,-0.046988051777161,109.32464657422304
Pontianak South,III,-0.0582792795570524,109.31013404824785
Pontianak South,III,-0.0585664798507558,109.31067813117537
Pontianak South,III,-0.058735705082442,109.31119001889428
Pontianak South,III,-0.0589181369077704,109.31199945177342
Pontianak South,III,-0.0595677083112849,109.312721050147
Pontianak South,III,-0.0594381946742464,109.31062037146238
Pontianak South,III,-0.0637580642996159,109.30770365521792
Pontianak South,III,-0.0653036324396074,109.30738005555877
Pontianak South,III,-0.0630348354322609,109.3089685983583
Pontianak South,III,-0.0635365256798854,109.30466532231638
Pontianak South,III,-0.0635041673255434,109.30519594673623
Pontianak City,III,-0.0276663206752841,109.34139194839584
Pontianak City,III,-0.0269263408028011,109.33996535781192
Pontianak City,III,-0.0286274324414218,109.33927268952873
Pontianak City,III,-0.0290659319538591,109.33894961870804
Pontianak City,III,-0.0285000266220271,109.3386662382302
Pontianak City,III,-0.0233938345323518,109.33704870152408
Pontianak City,III,-0.0310760869451601,109.33538733852976
Pontianak City,III,-0.0323036806074257,109.33411543539466
Pontianak City,III,-0.0291535789045588,109.33628722994074
Pontianak City,III,-0.0304016964193608,109.33458189995326
Pontianak City,III,-0.0321694571382741,109.33251776168468
Pontianak City,III,-0.029224535498105,109.3357281637552
Pontianak City,III,-0.0284009196726347,109.3360792250962
Pontianak City,III,-0.0290021445793224,109.3341319786508
Pontianak City,III,-0.0312425396972283,109.33148581714084
Pontianak City,III,-0.0272935516074091,109.33451995233727
Pontianak City,III,-0.0285529291049035,109.33351222096412
Pontianak City,III,-0.0284666156485972,109.3326569495009
Pontianak City,III,-0.0303465019717599,109.32991457371232
Pontianak City,III,-0.0278610541604578,109.33277980081742
Pontianak City,III,-0.0272869201658977,109.333702134129
Pontianak City,III,-0.0290984169966786,109.33001956831647
Pontianak City,III,-0.0274334956117021,109.33173069181434
Pontianak City,III,-0.0270340098953548,109.33172388319952
Pontianak City,III,-0.0270647142896492,109.33126649087282
Pontianak City,III,-0.0251571755759523,109.34210941673072
Pontianak City,III,-0.0246867764779398,109.34276422344584
Pontianak City,III,-0.0255745714349201,109.33940368845452
Pontianak City,III,-0.0210738736077809,109.33571757084472
Pontianak City,III,-0.0234755643659292,109.33493002129192
Pontianak City,III,-0.0216713303129345,109.33422538440168
Pontianak City,III,-0.0228335519610976,109.33449699697306
Pontianak City,III,-0.0242736830560751,109.33557625183172
Pontianak City,III,-0.0229937847325457,109.33301383339428
Pontianak City,III,-0.0234354646524302,109.3330647899357
Pontianak City,III,-0.0194823900726648,109.33234340801292
Pontianak City,III,-0.0192933879549785,109.33180238241448
Pontianak City,III,-0.0199655242967938,109.3314485529242
Pontianak City,III,-0.0192262906434803,109.3307883501549
Pontianak City,III,-0.0237056340621425,109.32940165813883
Pontianak City,III,-0.0255799305188509,109.33075360136814
Pontianak City,III,-0.0270761793315693,109.31080392146929
Pontianak City,III,-0.0256740018436575,109.3090285640429
Pontianak City,III,-0.0296372477395112,109.30990723760308
Pontianak City,III,-0.025003846764719,109.30852378213731
Pontianak City,III,-0.025036783559124,109.30797577763684
Pontianak City,III,-0.0262407266480621,109.33079197698667
Pontianak City,III,-0.0271902429422231,109.33110174183244
Pontianak City,III,-0.0280919829935595,109.33112078790832
Pontianak City,III,-0.0266637290090574,109.32988090427114
Pontianak City,III,-0.0271886312501314,109.32934311838888
Pontianak City,III,-0.028481076780368,109.3304476528046
Pontianak City,III,-0.0283270623194054,109.3287825056337
Pontianak City,III,-0.0297635326098499,109.32690834089156
Pontianak City,III,-0.0274428138923255,109.326863667448
Pontianak City,III,-0.0277672748629102,109.32679258458047
Pontianak City,III,-0.0281241444388707,109.32649683982795
Pontianak City,III,-0.0281557426750956,109.32617879002368
Pontianak City,III,-0.0280331728906717,109.32563524465262
Pontianak City,III,-0.0289503283612861,109.32520703165774
Pontianak City,III,-0.0286415126732717,109.32512914483053
Pontianak City,III,-0.0325398500725869,109.32474874283996
Pontianak City,III,-0.0320615135299467,109.32196762551324
Pontianak City,III,-0.0332979068078249,109.3226496779681
Pontianak City,III,-0.0323396841224372,109.32130896118572
Pontianak City,III,-0.0321788003696874,109.3208234297608
Pontianak City,III,-0.0325472751823346,109.32010127915528
Pontianak City,III,-0.0349680469562447,109.32141028563277
Pontianak City,III,-0.0338378411640875,109.31988793012206
Pontianak City,III,-0.0356027097994511,109.32063069585818
Pontianak City,III,-0.0382587180548157,109.32139190588056
Pontianak City,III,-0.0335854343033811,109.31874504456457
Pontianak City,III,-0.0358647079008562,109.32001417772548
Pontianak City,III,-0.0327540656444067,109.31703106781322
Pontianak City,III,-0.036672300628121,109.32012370745493
Pontianak City,III,-0.0353153703936674,109.31741931127549
Pontianak City,III,-0.0370294377166427,109.31860911657203
Pontianak City,III,-0.0346693199305826,109.3158576096501
Pontianak City,III,-0.0379973955224228,109.31898145292766
Pontianak City,III,-0.0342950227669029,109.3148928849133
Pontianak City,III,-0.0390643288123954,109.31941348119014
Pontianak City,III,-0.0398253619566824,109.319594834368
Pontianak City,III,-0.0357324008254131,109.31537343390929
Pontianak City,III,-0.0338886991924195,109.3134083298335
Pontianak City,III,-0.032878806396464,109.31286220121038
Pontianak City,III,-0.0262048414897343,109.312801628618
Pontianak City,III,-0.040291975113477,109.3196346815841
Pontianak City,III,-0.0406015843374548,109.31930341314798
Pontianak City,III,-0.0368146607053846,109.31556082292582
Pontianak City,III,-0.0369936334208135,109.31436229218936
Pontianak City,III,-0.0359414186521925,109.31367988668076
Pontianak City,III,-0.040999063810429,109.31890249641911
Pontianak City,III,-0.0398649403335173,109.31745766275483
Pontianak City,III,-0.0412451172426084,109.3181093573589
Pontianak City,III,-0.0365675063862611,109.31319825535564
Pontianak City,III,-0.0414894548555469,109.3176906330212
Pontianak City,III,-0.0380502216861848,109.31405510851867
Pontianak City,III,-0.0420891107181497,109.31768793461448
Pontianak City,III,-0.0382811930189523,109.31356321974836
Pontianak City,III,-0.040837243070901,109.31621401868014
Pontianak City,III,-0.0432327954876954,109.31787168302348
Pontianak City,III,-0.0422417603458358,109.31605705585449
Pontianak City,III,-0.0442012042917401,109.31714325796342
Pontianak City,III,-0.0388201479256907,109.3128677420799
Pontianak City,III,-0.0414173273515195,109.31470084052962
Pontianak City,III,-0.040930085466553,109.3117354504538
Pontianak City,III,-0.0432125606526082,109.31381637949804
Pontianak City,III,-0.043083359439217,109.31328662203556
Pontianak City,III,-0.0452986202239562,109.31466657820104
Pontianak City,III,-0.0409997729085942,109.309418375499
Pontianak City,III,-0.0444398577724358,109.31348027678352
Pontianak City,III,-0.044123448004055,109.312612495879
Pontianak City,III,-0.0424814283545458,109.31029049574865
Pontianak City,III,-0.0389458838887653,109.30612894336548
Pontianak City,III,-0.0363464494113734,109.3034896693648
Pontianak City,III,-0.0450851862893394,109.31306033925318
Pontianak City,III,-0.0423873694567262,109.30862694070107
Pontianak City,III,-0.0450000973856936,109.31234544778393
Pontianak City,III,-0.0468041139565574,109.31340276530676
Pontianak City,III,-0.0428263778937383,109.30827241384029
Pontianak City,III,-0.0472847964942308,109.31349778594075
Pontianak City,III,-0.0430209768334467,109.30795669740846
Pontianak City,III,-0.0467644125925073,109.31241117591692
Pontianak City,III,-0.0439471333346601,109.30878546213472
Pontianak City,III,-0.0437393085521853,109.3078469010026
Pontianak City,III,-0.0441564505326628,109.30766824568742
Pontianak City,III,-0.0410840803273983,109.30397782053814
Pontianak City,III,-0.0469993084549264,109.31164941690191
Pontianak City,III,-0.044600915052216,109.30797974633582
Pontianak City,III,-0.0480992334575981,109.31264565800724
Pontianak City,III,-0.0444073936005433,109.3072276864556
Pontianak City,III,-0.0481679420619266,109.31215098035877
Pontianak City,III,-0.0445352767476867,109.30696322397826
Pontianak City,III,-0.0444421379958882,109.30622340881624
Pontianak City,III,-0.0473063269831385,109.31016988867326
Pontianak City,III,-0.0491744164868042,109.31278456769586
Pontianak City,III,-0.0448521192884943,109.3063729659688
Pontianak City,III,-0.0489206476825969,109.31172148158076
Pontianak City,III,-0.0493296927902554,109.31152880238136
Pontianak City,III,-0.0458468593036984,109.30594257107992
Pontianak City,III,-0.0493818402304293,109.31087793323204
Pontianak City,III,-0.050446764400217,109.31229281510429
Pontianak City,III,-0.0503650694614465,109.31152693499874
Pontianak City,III,-0.0471274629989789,109.30514238165178
Pontianak City,III,-0.0483505807279369,109.30658350644816
Pontianak City,III,-0.0511346745778139,109.31089423875676
Pontianak City,III,-0.0487221577948055,109.30646034491603
Pontianak City,III,-0.051389364164115,109.3103829121722
Pontianak City,III,-0.0514802048170823,109.3097050358802
Pontianak City,III,-0.0479042752382472,109.30405917534353
Pontianak City,III,-0.0521261816740531,109.30992085021389
Pontianak City,III,-0.0483214697964106,109.30369786005834
Pontianak City,III,-0.0496584818977282,109.30447358467268
Pontianak City,III,-0.0501150906777984,109.3041270551876
Pontianak City,III,-0.0446812868188797,109.30129017790672
Pontianak City,III,-0.0393712118924371,109.29858520256724
Pontianak City,III,-0.0508307998381398,109.3049642647994
Pontianak City,III,-0.0521682308979211,109.30643638067242
Pontianak City,III,-0.050480656392493,109.30359107989494
Pontianak City,III,-0.0539303558981171,109.30862677295174
Pontianak City,III,-0.0508931936078733,109.30348211590808
Pontianak City,III,-0.0542400328469943,109.3083209989259
Pontianak City,III,-0.0512434795087577,109.3033430718141
Pontianak City,III,-0.0550015993020467,109.30853924644332
Pontianak City,III,-0.0213698093842778,109.325213012408
Pontianak City,III,-0.0225085531528259,109.325131824586
Pontianak City,III,-0.0232597763053056,109.32509970588998
Pontianak City,III,-0.021890097855748,109.32449046408816
Pontianak City,III,-0.0232444321030615,109.32472817009383
Pontianak City,III,-0.0224518470848463,109.3242405434028
Pontianak City,III,-0.023539982288841,109.32441786641672
Pontianak City,III,-0.0204048943463979,109.32325711479956
Pontianak City,III,-0.0240938312270883,109.32413482216607
Pontianak City,III,-0.0220315508190844,109.32343043612576
Pontianak City,III,-0.0241913224134698,109.32387249755392
Pontianak City,III,-0.022640022014456,109.32315453519595
Pontianak City,III,-0.0246577392271433,109.32370375789236
Pontianak City,III,-0.0211670401352108,109.32260787324378
Pontianak City,III,-0.0247783452114496,109.32333427893872
Pontianak City,III,-0.0221720610295639,109.32259902474078
Pontianak City,III,-0.0249467904059425,109.32308745897969
Pontianak City,III,-0.0226901786126984,109.3224647259155
Pontianak City,III,-0.0250157369538388,109.32279943439076
Pontianak City,III,-0.0224753781595056,109.32213053178064
Pontianak City,III,-0.0213660763830492,109.3229767866891
Pontianak City,III,-0.0303289209317045,109.32710991361452
Pontianak City,III,-0.0309035150293123,109.32705467529468
Pontianak City,III,-0.0314823472915778,109.32685569389862
Pontianak City,III,-0.0312929503902387,109.32762485442012
Pontianak City,III,-0.0337046762791033,109.32462594565642
Pontianak City,III,-0.0318896248281468,109.32762251458568
Pontianak City,III,-0.0341957703949426,109.32543053655957
Pontianak City,III,-0.0332889779571029,109.32717106306548
Pontianak City,III,-0.0353244305490095,109.32562745286737
Pontianak City,III,-0.0359046171624355,109.32630051232152
Pontianak City,III,-0.036556133380319,109.32669172891109
Pontianak City,III,-0.0376779939418465,109.32725568257696
Pontianak City,III,-0.0339102499987359,109.33123130171812
Pontianak City,III,-0.0356763896697778,109.33026986417302
Pontianak City,III,-0.0370932999794767,109.3291762056678
Pontianak City,III,-0.0294216146962858,109.32351764601692
Pontianak City,III,-0.0276275172333583,109.32631368188784
Pontianak City,III,-0.0291041429797159,109.32343141235508
Pontianak City,III,-0.0267450876493088,109.32644251987844
Pontianak City,III,-0.0291867850290593,109.32190068990846
Pontianak City,III,-0.0287218436066768,109.32201953055394
Pontianak City,III,-0.0272754407077191,109.3241986824966
Pontianak City,III,-0.0278452100098258,109.32276269092236
Pontianak City,III,-0.0255897444927508,109.32595147198114
Pontianak City,III,-0.0264656646938585,109.32361580200046
Pontianak City,III,-0.0251703772994784,109.32527808575944
Pontianak City,III,-0.0250935486203371,109.32461098907066
Pontianak City,III,-0.025343498949509,109.323554977472
Pontianak City,III,-0.0255952087014691,109.32234271478548
Pontianak City,III,-0.0242149951769929,109.319310962044
Pontianak City,III,-0.0326105181998105,109.32388517796
Pontianak City,III,-0.0336333028865628,109.32311367502535
Pontianak City,III,-0.0328481093763748,109.32481966543598
Pontianak City,III,-0.0356839299756666,109.32169218481027
Pontianak City,III,-0.0364568016045134,109.3216905165551
Pontianak City,III,-0.0337741941524288,109.32544586564244
Pontianak City,III,-0.0363260951668644,109.32231473542656
Pontianak City,III,-0.0369484397857949,109.32270264757278
Pontianak City,III,-0.0370538287114973,109.32358290116466
Pontianak City,III,-0.0379318092208658,109.32390869081956
Pontianak City,III,-0.0391682553030762,109.32222633628234
Pontianak City,III,-0.0373336515788631,109.32544884434763
Pontianak City,III,-0.0384938713637858,109.32433146615077
Pontianak City,III,-0.0368557309090142,109.32717772243276
Pontianak City,III,-0.038644923642295,109.32551318643183
Pontianak City,III,-0.0393430290595781,109.32661420912332
Pontianak City,III,-0.0371447851339452,109.3289371284206
Pontianak City,III,-0.0316725855507463,109.32050254111338
Pontianak City,III,-0.0302035236351356,109.3220879907911
Pontianak City,III,-0.0315034203247406,109.31857180450174
Pontianak City,III,-0.0304548485107945,109.31906860052992
Pontianak City,III,-0.0282559492352154,109.32210230929844
Pontianak City,III,-0.0294883053239459,109.3199128110274
Pontianak City,III,-0.0272624779966816,109.3222243280956
Pontianak City,III,-0.0286721415916294,109.31983959526616
Pontianak City,III,-0.0277703394705725,109.31787487568872
Pontianak City,III,-0.0269580221888269,109.31790403889184
Pontianak City,III,-0.0258476217066891,109.31685549856353
Pontianak City,III,-0.0252814779290034,109.31822715607711
Pontianak City,III,-0.0247731502670784,109.3184044626142
Pontianak City,III,-0.024524687303159,109.31765407375548
Pontianak City,III,-0.0218673474783743,109.31756397677312
Pontianak City,III,-0.0379046467428738,109.31933764951094
Pontianak City,III,-0.0376812893977172,109.3204969542075
Pontianak City,III,-0.0387858000722855,109.32003334036612
Pontianak City,III,-0.0393181039171288,109.32035523133123
Pontianak City,III,-0.0381097512469024,109.32225222952825
Pontianak City,III,-0.0411225110688859,109.31946476161905
Pontianak City,III,-0.043105255104032,109.31739515457566
Pontianak City,III,-0.0408998412673262,109.32096625174786
Pontianak City,III,-0.0414250954881862,109.32090732620352
Pontianak City,III,-0.0398213438259782,109.32369319099764
Pontianak City,III,-0.0402117152940432,109.32380000765951
Pontianak City,III,-0.0423582027149764,109.32188405878178
Pontianak City,III,-0.0397928681911789,109.32495876236636
Pontianak City,III,-0.0412934158004738,109.32409448123936
Pontianak City,III,-0.0405992132005567,109.32535640374324
Pontianak City,III,-0.0432909325538524,109.32216913872875
Pontianak City,III,-0.0456529226969966,109.319731693799
Pontianak City,III,-0.0347723840512267,109.31664082436926
Pontianak City,III,-0.03394310904167,109.31752235610664
Pontianak City,III,-0.03446273048636,109.31608655218857
Pontianak City,III,-0.0331886301792739,109.31714808898366
Pontianak City,III,-0.033818759803528,109.31628457719958
Pontianak City,III,-0.0320709423886476,109.31683102834953
Pontianak City,III,-0.0344608731673837,109.31442009287106
Pontianak City,III,-0.0329564627133488,109.3146064341374
Pontianak City,III,-0.0324517576732452,109.31355958531957
Pontianak City,III,-0.0307600833110556,109.31715217978396
Pontianak City,III,-0.0318955138859832,109.31372138567473
Pontianak City,III,-0.0309032619320681,109.31659881803655
Pontianak City,III,-0.0311728075112202,109.31479100951798
Pontianak City,III,-0.0303571703820319,109.3163669502128
Pontianak City,III,-0.0301054213802841,109.31665103586629
Pontianak City,III,-0.0305893167988171,109.31422677847183
Pontianak City,III,-0.0305830812236066,109.3128595952636
Pontianak City,III,-0.0301180089977195,109.31735872351588
Pontianak City,III,-0.0296075998236025,109.31478532740256
Pontianak City,III,-0.0289181862570424,109.31816215024286
Pontianak City,III,-0.0295770291025509,109.31356705148052
Pontianak City,III,-0.0287317070778699,109.31709585206296
Pontianak City,III,-0.0283444552001231,109.3174353316687
Pontianak City,III,-0.0288008746373457,109.31377441894062
Pontianak City,III,-0.0283577654219237,109.31484039647228
Pontianak City,III,-0.0286405049174215,109.31319947865236
Pontianak City,III,-0.0273009839030857,109.31786567899228
Pontianak City,III,-0.0271624361457716,109.31410884674996
Pontianak City,III,-0.0261658347286877,109.31825706306724
Pontianak City,III,-0.0266226433247013,109.3142013542206
Pontianak City,III,-0.0263799066982983,109.31394696110488
Pontianak City,III,-0.0254416945098251,109.31730907795672
Pontianak City,III,-0.026072280026556,109.31386363704686
Pontianak City,III,-0.02504079813122,109.31726970607984
Pontianak City,III,-0.0254983537242649,109.31428955948992
Pontianak City,III,-0.025881702916715,109.31320223843572
Pontianak City,III,-0.0232506396690989,109.31499315920374
Pontianak City,III,-0.0454165321014557,109.31576140473906
Pontianak City,III,-0.0475896389885931,109.31356636874769
Pontianak City,III,-0.0442761307722939,109.31757817591873
Pontianak City,III,-0.046182983318747,109.31643315988732
Pontianak City,III,-0.0457274674286504,109.31789402238032
Pontianak City,III,-0.0463072979186766,109.31725376851622
Pontianak City,III,-0.0492535633436566,109.31612829873548
Pontianak City,III,-0.0453133799281222,109.31859753162816
Pontianak City,III,-0.0409887106249061,109.31265400619368
Pontianak City,III,-0.0403488199563981,109.3122720926358
Pontianak City,III,-0.041437394946197,109.31084382862028
Pontianak City,III,-0.0366290190246419,109.31251395695494
Pontianak City,III,-0.0390496753394809,109.30995569155624
Pontianak City,III,-0.0398625341538021,109.30854536041656
Pontianak City,III,-0.0391773211374258,109.30834330561974
Pontianak City,III,-0.0366641956035911,109.31041527530304
Pontianak City,III,-0.0390489142372238,109.30795975821412
Pontianak City,III,-0.0384433654681099,109.30801696988028
Pontianak City,III,-0.0365603144607247,109.30959996825
Pontianak City,III,-0.0387169252580979,109.30650730413406
Pontianak City,III,-0.038084345136763,109.30721032981224
Pontianak City,III,-0.0375409569955873,109.30681617704204
Pontianak City,III,-0.0348182869046864,109.3097076153733
Pontianak City,III,-0.0374354628296814,109.306617238933
Pontianak City,III,-0.0353022188528059,109.30791503994118
Pontianak City,III,-0.0361618757769227,109.3068688499478
Pontianak City,III,-0.0369300863186086,109.3049111114422
Pontianak City,III,-0.0344395824027474,109.30821889898732
Pontianak City,III,-0.0357678598822731,109.30521827101192
Pontianak City,III,-0.0352478390237806,109.30450853392462
Pontianak City,III,-0.0337117633565987,109.30728902375544
Pontianak City,III,-0.0334607819715837,109.30710339259409
Pontianak City,III,-0.0349570465502988,109.30306267110326
Pontianak City,III,-0.0332873918328923,109.30525252198106
Pontianak City,III,-0.034118621602069,109.30273619920212
Pontianak City,III,-0.033191026082617,109.30413997127268
Pontianak City,III,-0.0318323026914709,109.30682250504636
Pontianak City,III,-0.0302259561413098,109.31132033131462
Pontianak City,III,-0.0298015013534171,109.30792100407167
Pontianak City,III,-0.0281430402138101,109.30759982549812
Pontianak City,III,-0.0316606356876143,109.30086375605852
Pontianak City,III,-0.0350102558740839,109.29630025986516
Pontianak City,III,-0.0399452021922847,109.29086235409274
Pontianak City,III,-0.041245120740468,109.28960875667956
Pontianak City,III,-0.0263791076699749,109.30307353477954
Pontianak City,III,-0.028607387145206,109.2992510430929
Pontianak City,III,-0.0509119489553822,109.31479909163689
Pontianak City,III,-0.0499171547955475,109.31472213679356
Pontianak City,III,-0.0492971181031078,109.31561958210506
Pontianak City,III,-0.0475956398102177,109.31584408333391
Pontianak City,III,-0.0494058963783699,109.31405391529069
Pontianak City,III,-0.0480622372152898,109.31507445277566
Pontianak City,III,-0.0531941058235481,109.31320662540016
Pontianak City,III,-0.05397501730797,109.31218606166752
Pontianak City,III,-0.0523225359231511,109.31305345122736
Pontianak City,III,-0.0530821133467964,109.31102576135584
Pontianak City,III,-0.0513504688155199,109.3119590739411
Pontianak City,III,-0.0531295273127892,109.3101627634922
Pontianak City,III,-0.0522417204779512,109.31031958185471
Pontianak City,III,-0.0519833234947263,109.31254112781777
Pontianak City,III,-0.0546424530016638,109.31009662121294
Pontianak City,III,-0.0538140046506468,109.31013694103382
Pontianak City,III,-0.0543189178486526,109.30895264563134
Pontianak City,III,-0.0524959933554205,109.30742099977525
Pontianak City,III,-0.0550005069018149,109.31112319143934
Pontianak City,III,-0.0560860389639226,109.3100559717585
Pontianak City,III,-0.0556383408136856,109.30977019939168
Pontianak City,III,-0.0570984794113145,109.30719540300316
Pontianak City,III,-0.0554616115147528,109.30866032692003
Pontianak City,III,-0.0568056557470411,109.3069395609646
Pontianak City,III,-0.0559792314079859,109.30729557284197
Pontianak City,III,-0.0569863710166521,109.30490622100164
Pontianak City,III,-0.0555719090081155,109.30633496424724
Pontianak City,III,-0.0560434626216766,109.30517439757404
Pontianak City,III,-0.0556557522546066,109.30518491102158
Pontianak City,III,-0.0553393698365152,109.30510043356216
Pontianak City,III,-0.0548994926771862,109.3053373317446
Pontianak City,III,-0.0582293064149343,109.3069389315601
Pontianak City,III,-0.0575095876399765,109.30677179787496
Pontianak City,III,-0.0576026220687927,109.30605048986884
Pontianak City,III,-0.0569199121483274,109.30641467173145
Pontianak City,III,-0.0569462526518207,109.30600976626984
Pontianak City,III,-0.0607321432840673,109.30322155066514
Pontianak City,III,-0.0596627231524849,109.30361403267968
Pontianak City,III,-0.0590341194947176,109.30343701108823
Pontianak City,III,-0.0594841519732935,109.3023808169266
Pontianak City,III,-0.0589447998986567,109.30231801820744
Pontianak City,III,-0.0558764291401569,109.30435409745552
Pontianak City,III,-0.05688649853893,109.30288203255918
Pontianak City,III,-0.055146467561348,109.30400305434924
Pontianak City,III,-0.0556232442996818,109.30271611434677
Pontianak City,III,-0.0532903497224861,109.30534955834852
Pontianak City,III,-0.0568900986425133,109.3002229524868
Pontianak City,III,-0.0537147311283541,109.30344286127352
Pontianak City,III,-0.0559670697600761,109.30049993735906
Pontianak City,III,-0.0521955420149633,109.30401943152202
Pontianak City,III,-0.0563479122670794,109.29925399525362
Pontianak City,III,-0.0559393933550947,109.29913581393946
Pontianak City,III,-0.0518593258370453,109.30307531676767
Pontianak City,III,-0.0543303759936798,109.29964369495762
Pontianak City,III,-0.0510509427851977,109.30281043131303
Pontianak City,III,-0.0505056424906672,109.30270598307872
Pontianak City,III,-0.0502305123018943,109.30247623107356
Pontianak City,III,-0.0499374009050268,109.30216065392231
Pontianak City,III,-0.0522124533876784,109.29920853213636
Pontianak City,III,-0.0533498787412881,109.29777111019536
Pontianak City,III,-0.0506614537640392,109.29998313154304
Pontianak City,III,-0.0529968957131387,109.29764914614756
Pontianak City,III,-0.0495485092248735,109.30068468891504
Pontianak City,III,-0.048846366551015,109.3008736410658
Pontianak City,III,-0.0489148115646734,109.30014831650396
Pontianak City,III,-0.0487493161956445,109.29966821484746
Pontianak City,III,-0.0482664125833577,109.29966050103644
Pontianak City,III,-0.0477914508497099,109.29901771107608
Pontianak City,III,-0.0473072346497826,109.29873223534752
Pontianak City,III,-0.0469296575071294,109.29840867856794
Pontianak City,III,-0.0502693658398972,109.29374068416185
Pontianak City,III,-0.0488867890351799,109.29459259313415
Pontianak City,III,-0.0447617356967559,109.29858861957028
Pontianak City,III,-0.0451527374172136,109.29747817291006
Pontianak City,III,-0.0444585892432408,109.29763614896116
Pontianak City,III,-0.046000852282584,109.29563563017568
Pontianak City,III,-0.0481626463007657,109.29228316185912
Pontianak City,III,-0.0447739932445596,109.29567955178362
Pontianak City,III,-0.0463476980313287,109.29377831204066
Pontianak City,III,-0.0439466636268079,109.2957958738652
Pontianak City,III,-0.047928240862729,109.29133094413626
Pontianak City,III,-0.0444501989735778,109.29472319086813
Pontianak City,III,-0.0445486280211229,109.2940421500939
Pontianak City,III,-0.0463159020150334,109.29165174536172
Pontianak City,III,-0.0420822303264176,109.29526928015352
Pontianak City,III,-0.0446248006324032,109.29228289670289
Pontianak City,III,-0.0411837654893166,109.29113460801456
Pontianak City,III,-0.0403272125679885,109.285748440587
Pontianak City,III,-0.0375549969365267,109.28860070376632
Pontianak West,III,-0.0154579094598657,109.32762836780316
Pontianak West,III,-0.0189026407900875,109.3244385212644
Pontianak West,III,-0.015818043202125,109.32342511727056
Pontianak West,III,-0.0180997959287847,109.32099638135516
Pontianak West,III,-0.0183514767066678,109.31606750103047
Pontianak West,III,-0.0184990287559342,109.31536071725044
Pontianak West,III,-0.0211035198525498,109.31030331567406
Pontianak West,III,-0.0218521361316778,109.31067486899948
Pontianak West,III,-0.023697950346379,109.30787537501372
Pontianak West,III,-0.0235056051582137,109.30753957900647
Pontianak West,III,-0.0237648093055063,109.3074524072282
Pontianak West,III,-0.0231156042506461,109.30701471531646
Pontianak West,III,-0.0234060540011299,109.3067404953749
Pontianak West,III,-0.0241710221210024,109.3063985759362
Pontianak West,III,-0.0244211457403044,109.30606458972588
Pontianak West,III,-0.0244501256905204,109.3053569298505
Pontianak West,III,-0.0236741567762927,109.30471634539336
Pontianak West,III,-0.0251339201359096,109.30450171190498
Pontianak West,III,-0.0251432318308383,109.30323464053753
Pontianak West,III,-0.0258270170571099,109.302758045488
Pontianak West,III,-0.0262019623957988,109.30232431276406
Pontianak West,III,-0.0265546065451214,109.3009628280406
Pontianak West,III,-0.02721960162284,109.29933691001044
Pontianak West,III,-0.0287455848635595,109.2979400524596
Pontianak West,III,-0.0306330171417977,109.29504277390696
Pontianak West,III,-0.0315201260999509,109.29442137940217
Pontianak West,III,-0.0315713122354107,109.29379790599764
Pontianak West,III,-0.0344861725316959,109.29070099457454
Pontianak West,III,-0.0353133086567268,109.29011811769368
Pontianak West,III,-0.0364350097157017,109.28905877284862
Pontianak West,III,-0.037874874949322,109.28735381489264
Pontianak West,III,-0.0380935827522095,109.2872433854486
Pontianak West,III,-0.0205907348329652,109.3066053181564
Pontianak West,III,-0.0244388041505839,109.30081181897836
Pontianak West,III,-0.032219439473722,109.28014803622514
Pontianak West,III,-0.0349343100464156,109.27993304113896
Pontianak West,III,-0.0297253586107512,109.28179483439274
Pontianak West,III,-0.0170647141755442,109.32605731399896
Pontianak West,III,-0.0156500462967893,109.32653616845056
Pontianak West,III,-0.0159812984189883,109.32538530242051
Pontianak West,III,-0.0156729054918034,109.32568874755998
Pontianak West,III,-0.0149100742028999,109.32515447218422
Pontianak West,III,-0.0147767836933592,109.32463809361184
Pontianak West,III,-0.0149277106728735,109.32314433677864
Pontianak West,III,-0.0153444056129304,109.32292512309624
Pontianak West,III,-0.0155497040256582,109.3224251358224
Pontianak West,III,-0.0106414585867522,109.32099872625682
Pontianak West,III,-0.0111105512707461,109.31965637749003
Pontianak West,III,-0.0084761094379032,109.3164039415023
Pontianak West,III,-0.0088618169227595,109.31519500709793
Pontianak West,III,-0.0075066486489478,109.31419450920764
Pontianak West,III,-0.0080775375051573,109.3137573590355
Pontianak West,III,-0.008306481736156,109.313502540963
Pontianak West,III,-0.0097734772858213,109.31545517028596
Pontianak West,III,-0.0121770876799354,109.31862529643968
Pontianak West,III,-0.0141351056040091,109.32125732086132
Pontianak West,III,-0.0087042971987411,109.3135427777672
Pontianak West,III,-0.0097046133251366,109.31347776122752
Pontianak West,III,-0.0100028966246306,109.3138343634413
Pontianak West,III,-0.0099333574133709,109.31325417239292
Pontianak West,III,-0.0101755217918947,109.31303349378577
Pontianak West,III,-0.0099541580765657,109.31165934112778
Pontianak West,III,-0.0124344484250868,109.3141966582504
Pontianak West,III,-0.0124753948513752,109.3133031462581
Pontianak West,III,-0.0175135226450927,109.31568671245483
Pontianak West,III,-0.0156332509061303,109.31520468253744
Pontianak West,III,-0.0156944296548931,109.31332652658844
Pontianak West,III,-0.0184860469470017,109.3144651671518
Pontianak West,III,-0.0179796959336557,109.31371201601132
Pontianak West,III,-0.0176032292389357,109.31338193438712
Pontianak West,III,-0.0160533240000545,109.31307063628437
Pontianak West,III,-0.0181979302390729,109.3136314051843
Pontianak West,III,-0.0211328645967268,109.31361525141956
Pontianak West,III,-0.0154290263462424,109.31236224317232
Pontianak West,III,-0.0114627521549665,109.31291064633886
Pontianak West,III,-0.0165363516984762,109.30941098035385
Pontianak West,III,-0.0189495209541101,109.3093339139513
Pontianak West,III,-0.0194697257042466,109.30907344173976
Pontianak West,III,-0.0186457365813607,109.3073126605554
Pontianak West,III,-0.0161257579619372,109.30489399139648
Pontianak West,III,-0.0163351110248924,109.3045709309656
Pontianak West,III,-0.0166787039492471,109.30408134712012
Pontianak West,III,-0.0167342162747012,109.30367470303712
Pontianak West,III,-0.0169328000253685,109.30340617109168
Pontianak West,III,-0.0169091446849875,109.3030593992804
Pontianak West,III,-0.0208375215340497,109.30470606941282
Pontianak West,III,-0.0198121554380388,109.3041612709908
Pontianak West,III,-0.0173425171193096,109.3026370853915
Pontianak West,III,-0.019894849049695,109.30307223328732
Pontianak West,III,-0.0195149298365841,109.30260361129965
Pontianak West,III,-0.01933799602296,109.30217117990044
Pontianak West,III,-0.022299908596809,109.3033065168701
Pontianak West,III,-0.0194630205263585,109.3018489100458
Pontianak West,III,-0.0226807897258476,109.30278744011636
Pontianak West,III,-0.019863064078652,109.3006187525832
Pontianak West,III,-0.0231266354263466,109.30179693818032
Pontianak West,III,-0.0236348962260277,109.30180181564464
Pontianak West,III,-0.0201938274588294,109.29996393954252
Pontianak West,III,-0.0233847955086659,109.30102756205834
Pontianak West,III,-0.0205156140941058,109.29946370648918
Pontianak West,III,-0.020573226711057,109.29911989030164
Pontianak West,III,-0.0234449795818133,109.30068696433548
Pontianak West,III,-0.0232480908952321,109.30020981103576
Pontianak West,III,-0.0210766120650309,109.29905461739828
Pontianak West,III,-0.0211692035994831,109.29874568334944
Pontianak West,III,-0.0210202212909838,109.29818096773424
Pontianak West,III,-0.0244808062268379,109.29806794709856
Pontianak West,III,-0.0230000403561918,109.29663875599714
Pontianak West,III,-0.0258143115548579,109.29682279533012
Pontianak West,III,-0.0261756274782755,109.2966386775082
Pontianak West,III,-0.0259563104498967,109.2956857149294
Pontianak West,III,-0.0246863789871389,109.29448969379789
Pontianak West,III,-0.0261807298750192,109.29451670835662
Pontianak West,III,-0.0233213363367246,109.29237258149752
Pontianak West,III,-0.020568764445369,109.29079835431264
Pontianak West,III,-0.0232203281848053,109.29184560416746
Pontianak West,III,-0.020256366277352,109.29019398607969
Pontianak West,III,-0.0237361490821527,109.29175715063928
Pontianak West,III,-0.0281834816320332,109.29403750897092
Pontianak West,III,-0.0255794681236283,109.2916552816168
Pontianak West,III,-0.0248737972737182,109.29065081737872
Pontianak West,III,-0.0281729809975856,109.292575128816
Pontianak West,III,-0.0268029177706929,109.29147142307598
Pontianak West,III,-0.026975483883008,109.29059190205412
Pontianak West,III,-0.0293076161883294,109.29178448375426
Pontianak West,III,-0.0270361313871192,109.29015624096417
Pontianak West,III,-0.026495524528408,109.28918264756363
Pontianak West,III,-0.0265360181957021,109.28865752056956
Pontianak West,III,-0.0306904206086155,109.29125283753702
Pontianak West,III,-0.0277033406630283,109.28849257271936
Pontianak West,III,-0.0290595790712934,109.28902447153048
Pontianak West,III,-0.0273524288592615,109.28733420758395
Pontianak West,III,-0.0291941107280896,109.28669946106018
Pontianak West,III,-0.0301169432782577,109.28699170978123
Pontianak West,III,-0.0297051078035417,109.28584017404933
Pontianak West,III,-0.029594070737631,109.28535851310092
Pontianak West,III,-0.0308577521038089,109.2858530943878
Pontianak West,III,-0.0300430922041557,109.28484430916878
Pontianak West,III,-0.0319947749210366,109.28580820448563
Pontianak West,III,-0.0319895010365705,109.28545491884594
Pontianak West,III,-0.0319720292411386,109.28421767348554
Pontianak West,III,-0.0351525868610911,109.282024183918
Pontianak West,III,-0.0328492435468312,109.28035318131997
Pontianak West,III,-0.0037450120803691,109.31300530156942
Pontianak West,III,-0.0025491223588674,109.3132758184605
Pontianak West,III,-0.0073266428965337,109.31129977081171
Pontianak West,III,-0.007674165599931,109.31148394864118
Pontianak West,III,-0.0083888365369984,109.3125746429386
Pontianak West,III,-0.0085649096391051,109.31096093478024
Pontianak West,III,-0.0093597877370963,109.3120111873244
Pontianak West,III,-0.0095271345866718,109.31078979614126
Pontianak West,III,-0.0056445114957368,109.31083769264048
Pontianak West,III,-0.007849700488778,109.3091025208652
Pontianak West,III,-0.0081794337732709,109.30898915913863
Pontianak West,III,-0.0088755518295234,109.30970908478348
Pontianak West,III,-0.0088222139771701,109.30796267367032
Pontianak West,III,-0.0092714149652057,109.30826956552292
Pontianak West,III,-0.0097714043417129,109.30891786350055
Pontianak West,III,-0.0104627648739819,109.31064294161068
Pontianak West,III,-0.0096249354781151,109.30695670143032
Pontianak West,III,-0.011137056123843,109.31078197863864
Pontianak West,III,-0.010117615130106,109.30669883843537
Pontianak West,III,-0.0114772877232687,109.30857122403252
Pontianak West,III,-0.0118253158050495,109.30804800444892
Pontianak West,III,-0.0124597346513673,109.3058146020541
Pontianak West,III,-0.0131597555143373,109.30704861881549
Pontianak West,III,-0.0133108533780066,109.30583942421458
Pontianak West,III,-0.0135473415864882,109.30593778856311
Pontianak West,III,-0.0138458086308626,109.30583514398118
Pontianak West,III,-0.0144783621034367,109.30780290688402
Pontianak West,III,-0.0145925899274518,109.3065755314297
Pontianak West,III,-0.0147167865342351,109.3057554588501
Pontianak West,III,-0.0150206312970159,109.30576018133424
Pontianak West,III,-0.0153773614793407,109.30580274301248
Pontianak West,III,-0.0164767837461608,109.30865006241469
Pontianak West,III,-0.0160387927854483,109.3057056990757
Pontianak West,III,-0.0162452304344673,109.30555242240824
Pontianak West,III,-0.0045903520535691,109.31041704483836
Pontianak West,III,-0.002746102066219,109.31091896956642
Pontianak West,III,-0.0075415161898357,109.3066950570104
Pontianak West,III,-0.0080881288868731,109.30820022460706
Pontianak West,III,-0.00790602252941,109.3064493154543
Pontianak West,III,-0.0082171209007178,109.30621911858772
Pontianak West,III,-0.0084677068743659,109.30563941216523
Pontianak West,III,-0.0094312793748738,109.30595951239717
Pontianak West,III,-0.0098513936713191,109.3058826007189
Pontianak West,III,-0.0100603855883968,109.30573192968048
Pontianak West,III,-0.010268888403834,109.30524711951662
Pontianak West,III,-0.0106885248453091,109.3054583524558
Pontianak West,III,-0.0111540661877323,109.30553574529462
Pontianak West,III,-0.0026676324177893,109.3064417156862
Pontianak West,III,-0.0064608569719832,109.3041865894815
Pontianak West,III,-0.0062188642599544,109.30426166558392
Pontianak West,III,-0.0054250953427124,109.30437000381936
Pontianak West,III,-0.0053570777425261,109.3028421648161
Pontianak West,III,-0.0059316597784783,109.30482315423552
Pontianak West,III,-0.0061810201981891,109.30292256633513
Pontianak West,III,-0.0080698382729179,109.30469768858693
Pontianak West,III,-0.0082391647856403,109.30273381883768
Pontianak West,III,-0.0086427764419818,109.30236950243687
Pontianak West,III,-0.0089266197356616,109.29974875147164
Pontianak West,III,-0.0087795947442028,109.304324578094
Pontianak West,III,-0.0092007428631285,109.30609965409936
Pontianak West,III,-0.0091342705249129,109.304591916962
Pontianak West,III,-0.009238991195594,109.30525140249937
Pontianak West,III,-0.0090820711976152,109.301750941249
Pontianak West,III,-0.0094119376145166,109.30234877860656
Pontianak West,III,-0.0094594617179783,109.3045489169274
Pontianak West,III,-0.0106203877134914,109.3041734963916
Pontianak West,III,-0.0110615614113566,109.30348960884471
Pontianak West,III,-0.0115458217819495,109.3046826326156
Pontianak West,III,-0.0118319991768511,109.30561473209048
Pontianak West,III,-0.0118304672922425,109.30194501844976
Pontianak West,III,-0.0122945594420997,109.30459411589268
Pontianak West,III,-0.0126162634721117,109.30393950201432
Pontianak West,III,-0.0129559778929397,109.30201534042482
Pontianak West,III,-0.0132775444368472,109.3035371850245
Pontianak West,III,-0.013696877253705,109.30444934574912
Pontianak West,III,-0.014066086868488,109.30161988288008
Pontianak West,III,-0.0145507316425864,109.3034419879902
Pontianak West,III,-0.0040563626402112,109.30339469695473
Pontianak West,III,-0.0056662796226754,109.3017377909893
Pontianak West,III,-0.006156537264656,109.30180111009864
Pontianak West,III,-0.0064102487823535,109.30182879336692
Pontianak West,III,-0.0074903912808551,109.30190952390524
Pontianak West,III,-0.0074967054863364,109.30248444128354
Pontianak West,III,-0.0082295892154581,109.30208193356437
Pontianak West,III,-0.0074653080097254,109.29881279483376
Pontianak West,III,-0.0075098615395908,109.29946713629433
Pontianak West,III,-0.0068333892979931,109.30437904277647
Pontianak West,III,-0.007029695707503,109.30487751514136
Pontianak West,III,-0.0067933455815688,109.29716651170963
Pontianak West,III,-0.0063609667706329,109.29732773935358
Pontianak West,III,-0.0054936757314265,109.3003659693202
Pontianak West,III,-0.0058455523380978,109.29707853183332
Pontianak West,III,-0.0052224473376112,109.29966253901269
Pontianak West,III,-0.0050855240347208,109.29925759902429
Pontianak West,III,-0.0050969155084646,109.29831764686516
Pontianak West,III,-0.0046930451221292,109.29959371389548
Pontianak West,III,-0.004372630835513,109.29989934286016
Pontianak West,III,-0.0040278377132772,109.3000247648022
Pontianak West,III,-0.0036594049721169,109.29993083508018
Pontianak West,III,-0.0046695527253813,109.30022511478548
Pontianak West,III,-0.0027920022168433,109.29938274110384
Pontianak West,III,-0.0023917518279772,109.29973072007829
Pontianak West,III,-0.0078290422729712,109.29877196847995
Pontianak West,III,-0.0080135427734422,109.2996897279372
Pontianak West,III,-0.0078704828616843,109.2978841700043
Pontianak West,III,-0.0083777525221323,109.29704506807128
Pontianak West,III,-0.0086601505041972,109.29817525503168
Pontianak West,III,-0.008968490591046,109.29797004837302
Pontianak West,III,-0.0094851380958916,109.29669172370556
Pontianak West,III,-0.0093404352009053,109.29839010088018
Pontianak West,III,-0.010558082965257,109.29503149026836
Pontianak West,III,-0.0097728641372303,109.29821181413509
Pontianak West,III,-0.0102215811610609,109.29675775061948
Pontianak West,III,-0.0110140568104074,109.29400145771945
Pontianak West,III,-0.0103079092011264,109.29852465072868
Pontianak West,III,-0.0108204386659539,109.2980430115866
Pontianak West,III,-0.0113066305851913,109.29666704846106
Pontianak West,III,-0.0111289494335167,109.29919266923028
Pontianak West,III,-0.011514439596962,109.29979384022371
Pontianak West,III,-0.011272333649655,109.30149739207305
Pontianak West,III,-0.0132158106070837,109.29466756210095
Pontianak West,III,-0.0119617995105262,109.29959251824783
Pontianak West,III,-0.013551734459623,109.29483284092971
Pontianak West,III,-0.0122995751628634,109.2999150282843
Pontianak West,III,-0.0136031090178213,109.29524897121117
Pontianak West,III,-0.012696824499641,109.2993162550514
Pontianak West,III,-0.0134913924814137,109.2963478309682
Pontianak West,III,-0.0131587726313917,109.30120480363335
Pontianak West,III,-0.014522419950725,109.29495028235108
Pontianak West,III,-0.0201884316766154,109.28200072446272
Pontianak West,III,-0.0272066094543575,109.27625078968458
Pontianak West,III,-0.0135485152497267,109.30027097681038
Pontianak West,III,-0.013954626440165,109.29952199722932
Pontianak West,III,-0.014436388156937,109.29973185378952
Pontianak West,III,-0.014537032361788,109.3010390926969
Pontianak West,III,-0.0153095776210059,109.30172718792711
Pontianak West,III,-0.0153406067603527,109.30088344236492
Pontianak West,III,-0.0158541627524478,109.29941819530536
Pontianak West,III,-0.0162831882990362,109.30101138275266
Pontianak West,III,-0.0168591277180572,109.30198925583508
Pontianak West,III,-0.0172700612673483,109.301920286613
Pontianak West,III,-0.0164974771247299,109.2972551253594
Pontianak West,III,-0.017119246170346,109.29948901215144
Pontianak West,III,-0.0184735425290855,109.30232629174296
Pontianak West,III,-0.0181814987225203,109.30195768771982
Pontianak West,III,-0.0170970217479034,109.29491132554828
Pontianak West,III,-0.0176935832443403,109.29885773628388
Pontianak West,III,-0.018170146836339,109.30043759182064
Pontianak West,III,-0.0175950407347561,109.29456793021964
Pontianak West,III,-0.0181571078213775,109.29915854466648
Pontianak West,III,-0.0179319754699488,109.29564551656097
Pontianak West,III,-0.0191469896510067,109.30070786186974
Pontianak West,III,-0.018299682546427,109.29718152909152
Pontianak West,III,-0.0195436968778744,109.30068411133514
Pontianak West,III,-0.0188209942449195,109.29451629783874
Pontianak West,III,-0.0198626884302212,109.29401086861176
Pontianak West,III,-0.0202381172467066,109.29376543206313
Pontianak West,III,-0.0203512511601209,109.29430647473978
Pontianak West,III,-0.0203940198449227,109.29613432213768
Pontianak West,III,-0.0207579107550666,109.29334254364156
Pontianak West,III,-0.0210610087838861,109.29415504621444
Pontianak West,III,-0.0219733613140282,109.29455527365052
Pontianak West,III,-0.0219721691875171,109.29713933249856
Pontianak West,III,-0.0225840600251581,109.2934585970747
Pontianak West,III,-0.0221746350551647,109.29664111582198
Pontianak West,III,-0.0229798838907607,109.29755922589138
Pontianak West,III,-0.0228764255674367,109.29509402416105
Pontianak West,III,-0.0085903416885126,109.29324030867048
Pontianak West,III,-0.0089813737901757,109.29280597784025
Pontianak West,III,-0.0083230405070704,109.291365905262
Pontianak West,III,-0.0086686623359069,109.29183049739208
Pontianak West,III,-0.0089820793787387,109.29222356393096
Pontianak West,III,-0.0084268945713305,109.28747664385942
Pontianak West,III,-0.0088206938094578,109.28768556610906
Pontianak West,III,-0.0011712930360538,109.29064169050984
Pontianak West,III,-0.007738025039043,109.29031807731111
Pontianak West,III,-0.00813737378993,109.28974477297815
Pontianak West,III,-0.0093972745942767,109.29068196463022
Pontianak West,III,-0.0092268033641495,109.2886800077124
Pontianak West,III,-0.0097622436852956,109.29059083603816
Pontianak West,III,-0.0094730638614562,109.28747407323463
Pontianak West,III,-0.0098624144880548,109.28720051431286
Pontianak West,III,-0.0106106445066278,109.28963634464728
Pontianak West,III,-0.0100945710773353,109.28671040928168
Pontianak West,III,-0.0110744490357955,109.29061714690216
Pontianak West,III,-0.0109188316623316,109.28903855881316
Pontianak West,III,-0.0114267180260985,109.2903915619155
Pontianak West,III,-0.0113642418904055,109.28645513460523
Pontianak West,III,-0.0048683506914571,109.29027975393748
Pontianak West,III,-0.0032893396794513,109.29066450989713
Pontianak West,III,-0.0023743078830979,109.2878456986342
Pontianak Southeast,III,-0.0511204593109858,109.34842061045258
Pontianak Southeast,III,-0.0487063653841648,109.3492384427068
Pontianak Southeast,III,-0.0485255361987896,109.34974635780716
Pontianak Southeast,III,-0.0474807128118514,109.3503543467825
Pontianak Southeast,III,-0.055895541581542,109.3443396746869
Pontianak Southeast,III,-0.0600746247737436,109.34012162292984
Pontianak Southeast,III,-0.0595496526853606,109.34132221202992
Pontianak Southeast,III,-0.0606457994800406,109.33931396673522
Pontianak Southeast,III,-0.062189787039859,109.33953980974223
Pontianak Southeast,III,-0.0628923354566584,109.3396838225268
Pontianak Southeast,III,-0.0645078137529488,109.34048630644874
Pontianak Southeast,III,-0.0622582738410697,109.33851021844704
Pontianak Southeast,III,-0.0638082248544429,109.33796123714694
Pontianak Southeast,III,-0.0669721717768293,109.3414287647841
Pontianak Southeast,III,-0.0633851441447069,109.33723318835186
Pontianak Southeast,III,-0.0650568451059488,109.33577047845168
Pontianak Southeast,III,-0.0690227317587738,109.33947859709411
Pontianak Southeast,III,-0.0657968699020873,109.3359012120944
Pontianak Southeast,III,-0.070394342886467,109.33367194331368
Pontianak Southeast,III,-0.049096485253841,109.34976754874992
Pontianak Southeast,III,-0.0463620823186847,109.35145068265189
Pontianak Southeast,III,-0.0463326474805383,109.35197252604956
Pontianak Southeast,III,-0.0484783330885599,109.35283810829394
Pontianak Southeast,III,-0.0457937604289239,109.3523720882542
Pontianak Southeast,III,-0.0468928345685258,109.35271528477432
Pontianak Southeast,III,-0.0543034289903924,109.34955877265908
Pontianak Southeast,III,-0.0535188509737038,109.35277213830564
Pontianak Southeast,III,-0.0501285876538821,109.35013470906937
Pontianak Southeast,III,-0.0485884423372823,109.35177305600216
Pontianak Southeast,III,-0.0522825246413237,109.35285223271497
Pontianak Southeast,III,-0.0503661404186585,109.35481976856536
Pontianak Southeast,III,-0.0512840674661525,109.35451174692533
Pontianak Southeast,III,-0.0520494936370933,109.35386280430026
Pontianak Southeast,III,-0.0494510222359082,109.35506004373065
Pontianak Southeast,III,-0.0566501181417741,109.35189487065178
Pontianak Southeast,III,-0.0583188937377604,109.35399639311704
Pontianak Southeast,III,-0.0564189937471917,109.35229331784149
Pontianak Southeast,III,-0.0561528755441965,109.35211471529117
Pontianak Southeast,III,-0.0573045966643333,109.35366965147914
Pontianak Southeast,III,-0.0579413313819131,109.35483167113122
Pontianak Southeast,III,-0.0551381376157262,109.3530133910369
Pontianak Southeast,III,-0.0543615159073316,109.35333442406626
Pontianak Southeast,III,-0.0565816500094017,109.35644617180692
Pontianak Southeast,III,-0.0535216267597755,109.35388593999504
Pontianak Southeast,III,-0.0543936333536635,109.35509424028618
Pontianak Southeast,III,-0.0527840123703731,109.35433913662033
Pontianak Southeast,III,-0.0524205616234636,109.3545317148236
Pontianak Southeast,III,-0.0538802754333082,109.3565108170574
Pontianak Southeast,III,-0.0515640266056686,109.35537645607874
Pontianak Southeast,III,-0.0538228757102323,109.35806393008788
Pontianak Southeast,III,-0.0535303885152229,109.35933573122564
Pontianak Southeast,III,-0.0511899206560458,109.35648204859476
Pontianak Southeast,III,-0.0510772679244746,109.35664029892664
Pontianak Southeast,III,-0.0508138133337768,109.35679172588048
Pontianak Southeast,III,-0.0516480996295007,109.35798181124242
Pontianak Southeast,III,-0.0599428515350024,109.35230827709924
Pontianak Southeast,III,-0.0586344728919074,109.35055974026804
Pontianak Southeast,III,-0.0589264764877249,109.3507271422856
Pontianak Southeast,III,-0.0591188566590783,109.350504227462
Pontianak Southeast,III,-0.06051479996901,109.35184032395578
Pontianak Southeast,III,-0.0604708904650693,109.35140099801627
Pontianak Southeast,III,-0.0593526236539543,109.3501671275728
Pontianak Southeast,III,-0.0601161808533587,109.35075204749651
Pontianak Southeast,III,-0.0623725207996834,109.35096926720269
Pontianak Southeast,III,-0.0609640267089536,109.34925666007508
Pontianak Southeast,III,-0.0627599899405862,109.35078453415744
Pontianak Southeast,III,-0.0617861698361467,109.34878735976156
Pontianak Southeast,III,-0.0645300088740097,109.35179657307742
Pontianak Southeast,III,-0.0648828578859254,109.3512610884654
Pontianak Southeast,III,-0.0647748990423212,109.35066161475056
Pontianak Southeast,III,-0.0652734688174307,109.35016219375254
Pontianak Southeast,III,-0.0660812178208936,109.35040841679324
Pontianak Southeast,III,-0.0661638287223271,109.3498663519496
Pontianak Southeast,III,-0.0660625222133234,109.34908436650052
Pontianak Southeast,III,-0.0659517881919095,109.34837415668238
Pontianak Southeast,III,-0.0680943365760833,109.35077189144984
Pontianak Southeast,III,-0.0661356810204629,109.3480530901537
Pontianak Southeast,III,-0.0674028405431139,109.34871604967292
Pontianak Southeast,III,-0.0673121995753311,109.3480736797526
Pontianak Southeast,III,-0.0668584032107122,109.34674152363796
Pontianak Southeast,III,-0.0683043040887435,109.34833999619003
Pontianak Southeast,III,-0.068341548783592,109.3475524366671
Pontianak Southeast,III,-0.0675103574591537,109.34636399424492
Pontianak Southeast,III,-0.0690554135764429,109.34700674088936
Pontianak Southeast,III,-0.0682038503576943,109.34583339560344
Pontianak Southeast,III,-0.0664169162066976,109.34379813196216
Pontianak Southeast,III,-0.0685626505312625,109.34549509785658
Pontianak Southeast,III,-0.0687379625455009,109.34524733715392
Pontianak Southeast,III,-0.0691926549506788,109.34509750713634
Pontianak Southeast,III,-0.0713521822310744,109.34516350018367
Pontianak Southeast,III,-0.0704049048613595,109.34395262930812
Pontianak Southeast,III,-0.0713087524650687,109.34309005955797
Pontianak Southeast,III,-0.0695062752352422,109.34092077839526
Pontianak Southeast,III,-0.0705054663248565,109.34192906544035
Pontianak Southeast,III,-0.0695770055418772,109.34013599966356
Pontianak Southeast,III,-0.0720693800833668,109.34253957368568
Pontianak Southeast,III,-0.07555328499469,109.34653192179924
Pontianak Southeast,III,-0.0762405429724765,109.34773757333625
Pontianak Southeast,III,-0.0734199783878838,109.34306487078962
Pontianak Southeast,III,-0.0695384517723235,109.33932996729028
Pontianak Southeast,III,-0.0731808688689275,109.34237302687455
Pontianak Southeast,III,-0.0696621848262259,109.33747823245152
Pontianak Southeast,III,-0.073852827898038,109.34234636316832
Pontianak Southeast,III,-0.0732821669099461,109.3381226317829
Pontianak Southeast,III,-0.0745899176817769,109.3382557340093
Pontianak Southeast,III,-0.074915524904384,109.33800384434528
Pontianak Southeast,III,-0.0762830065714506,109.33701438636255
Pontianak Southeast,III,-0.0762561120863981,109.33650042250024
Pontianak Southeast,III,-0.0782089290705769,109.33489086797904
Pontianak Southeast,III,-0.0780409325448086,109.32979074459716
Pontianak Southeast,III,-0.0611517898964983,109.35537842685768
Pontianak Southeast,III,-0.0611823626934343,109.35607474208186
Pontianak Southeast,III,-0.0614539265818517,109.35693775390963
Pontianak Southeast,III,-0.0610267780250799,109.3571314933803
Pontianak Southeast,III,-0.0597951553645873,109.356456345139
Pontianak Southeast,III,-0.0586341114001002,109.35622151944126
Pontianak Southeast,III,-0.0584410384574883,109.35675117532668
Pontianak Southeast,III,-0.0579285711374296,109.35698020236588
Pontianak Southeast,III,-0.0584719361142694,109.35800562132133
Pontianak Southeast,III,-0.0581274526750478,109.35880359597547
Pontianak Southeast,III,-0.0580910899927184,109.35932386774088
Pontianak Southeast,III,-0.0548335815565208,109.35690412385227
Pontianak Southeast,III,-0.0569048294188857,109.3594248873996
Pontianak Southeast,III,-0.056088609689558,109.35942000064652
Pontianak Southeast,III,-0.0550797323714324,109.35876732950896
Pontianak Southeast,III,-0.0562193206807945,109.36043913909045
Pontianak Southeast,III,-0.0519853171734072,109.35684998649016
Pontianak Southeast,III,-0.0554962741787988,109.3602467151742
Pontianak Southeast,III,-0.0548111370763979,109.36104799128864
Pontianak Southeast,III,-0.0552051802639343,109.36195167892856
Pontianak Southeast,III,-0.0638575992878792,109.35441543696317
Pontianak Southeast,III,-0.0637223903720005,109.35742557256351
Pontianak Southeast,III,-0.0630860823001069,109.35740821876308
Pontianak Southeast,III,-0.0639609746133947,109.35915855338756
Pontianak Southeast,III,-0.0625325121803641,109.35846314993692
Pontianak Southeast,III,-0.0635619313748988,109.35983885021976
Pontianak Southeast,III,-0.0603570966147765,109.35760564056248
Pontianak Southeast,III,-0.0618359570505825,109.35889459538936
Pontianak Southeast,III,-0.0627313703576605,109.36050671066316
Pontianak Southeast,III,-0.0600697818604162,109.35870879404511
Pontianak Southeast,III,-0.062021777587833,109.36081752410723
Pontianak Southeast,III,-0.0617922588256096,109.36106119847317
Pontianak Southeast,III,-0.0616230098673162,109.36143406632507
Pontianak Southeast,III,-0.0604688225987418,109.36070134280308
Pontianak Southeast,III,-0.0610550545848142,109.36179191822818
Pontianak Southeast,III,-0.05920344562071,109.3605271761945
Pontianak Southeast,III,-0.0605588783708619,109.36206486870974
Pontianak Southeast,III,-0.0603462457597458,109.36228310317324
Pontianak Southeast,III,-0.0579397300342701,109.36169088003508
Pontianak Southeast,III,-0.0590788705187469,109.36301140785764
Pontianak Southeast,III,-0.0581259328802746,109.36270694525606
Pontianak Southeast,III,-0.0584636056393015,109.36328202476297
Pontianak Southeast,III,-0.0573419898605775,109.36277851611152
Pontianak Southeast,III,-0.0577352679445538,109.36343636184316
Pontianak Southeast,III,-0.0637419763631952,109.35530986861734
Pontianak Southeast,III,-0.064591393472648,109.35549102554174
Pontianak Southeast,III,-0.066895007326772,109.357514664139
Pontianak Southeast,III,-0.0660976528509159,109.3563884516755
Pontianak Southeast,III,-0.0636144506022845,109.3522988925026
Pontianak Southeast,III,-0.0641735231093226,109.3523724134812
Pontianak Southeast,III,-0.0655450582765918,109.35347313364048
Pontianak Southeast,III,-0.0686015847651665,109.35621580115924
Pontianak Southeast,III,-0.0685473370748807,109.35584059575582
Pontianak Southeast,III,-0.0659360574270595,109.35336986862428
Pontianak Southeast,III,-0.0655255934769983,109.35222811618311
Pontianak Southeast,III,-0.065347584309974,109.35141871268272
Pontianak Southeast,III,-0.0699024936358036,109.35638668879204
Pontianak Southeast,III,-0.0702618641370228,109.3561237099889
Pontianak Southeast,III,-0.066631283696923,109.35229295901036
Pontianak Southeast,III,-0.0662077000455281,109.3504885111713
Pontianak Southeast,III,-0.0712779362341005,109.35559819978218
Pontianak Southeast,III,-0.0668787518637043,109.35068836629044
Pontianak Southeast,III,-0.0686341668932345,109.35213796753597
Pontianak Southeast,III,-0.0665930886374888,109.3496176716799
Pontianak Southeast,III,-0.0714612965249033,109.3543423425241
Pontianak Southeast,III,-0.0738493399517794,109.35690615974202
Pontianak Southeast,III,-0.0707318019146366,109.35318080156004
Pontianak Southeast,III,-0.0692700808166957,109.35091265338026
Pontianak Southeast,III,-0.0697804911313723,109.35057530526254
Pontianak Southeast,III,-0.0736266265601071,109.35401729945296
Pontianak Southeast,III,-0.0743841870291998,109.35489942294195
Pontianak Southeast,III,-0.0712795784752927,109.35169686346862
Pontianak Southeast,III,-0.0708109362272287,109.3505628011268
Pontianak Southeast,III,-0.0744287299049068,109.3541706321244
Pontianak Southeast,III,-0.0715133413825835,109.35095864663786
Pontianak Southeast,III,-0.0737776751229525,109.35295752015492
Pontianak Southeast,III,-0.0752593023799279,109.35447900393036
Pontianak Southeast,III,-0.0751882047789325,109.35373219458832
Pontianak Southeast,III,-0.0721805638848165,109.3496036933536
Pontianak Southeast,III,-0.0737630585468259,109.35108253919113
Pontianak Southeast,III,-0.0723842265358798,109.349225124193
Pontianak Southeast,III,-0.0726360373464409,109.34885694084002
Pontianak Southeast,III,-0.0763702956055155,109.35261715024151
Pontianak Southeast,III,-0.0739928408824427,109.34989784113525
Pontianak Southeast,III,-0.0764456334067235,109.35215100347034
Pontianak Southeast,III,-0.0768628671032661,109.3522432315596
Pontianak Southeast,III,-0.0735897639300767,109.3488103417561
Pontianak Southeast,III,-0.0774784611720421,109.35230281033468
Pontianak Southeast,III,-0.0745905925661047,109.34841207201814
Pontianak Southeast,III,-0.076870316160326,109.35092214612156
Pontianak Southeast,III,-0.0746477169068203,109.3477128836071
Pontianak Southeast,III,-0.0760216067611588,109.34970535743808
Pontianak Southeast,III,-0.0758669072684613,109.34906816519556
Pontianak Southeast,III,-0.0771053256609486,109.35014390937664
Pontianak Southeast,III,-0.0757255326235869,109.34792887723128
Pontianak Southeast,III,-0.0785482264182214,109.34951233940596
Pontianak Southeast,III,-0.0770963584776726,109.34759446978688
Pontianak Southeast,III,-0.0794269883288722,109.3497220282368
Pontianak Southeast,III,-0.0791580454079893,109.34830016795976
Pontianak Southeast,III,-0.0771864617521784,109.34454090800683
Pontianak Southeast,III,-0.0806015220185036,109.3494841732073
Pontianak Southeast,III,-0.0777735970746715,109.34490938502238
Pontianak Southeast,III,-0.078447849814033,109.34553547224392
Pontianak Southeast,III,-0.0791208454796515,109.34609683461306
Pontianak Southeast,III,-0.0817743967656721,109.3497033470362
Pontianak Southeast,III,-0.0821234293957137,109.34962911912868
Pontianak Southeast,III,-0.0797530265842826,109.34649036046712
Pontianak Southeast,III,-0.0789357075198036,109.3444317464462
Pontianak Southeast,III,-0.0823540166590357,109.3492867215878
Pontianak Southeast,III,-0.0790745016753758,109.34381802684013
Pontianak Southeast,III,-0.0827741638696038,109.3492013077939
Pontianak Southeast,III,-0.0800661729521658,109.34463622017525
Pontianak Southeast,III,-0.0799569408882366,109.34361853708693
Pontianak Southeast,III,-0.0822368394111969,109.3470652869307
Pontianak Southeast,III,-0.0828147036018891,109.3471755591848
Pontianak Southeast,III,-0.0828651782614519,109.34685018925404
Pontianak Southeast,III,-0.0806057737738876,109.34302291495833
Pontianak Southeast,III,-0.0836320870340776,109.34729443344705
Pontianak Southeast,III,-0.0848630080745505,109.34589013769944
Pontianak Southeast,III,-0.0867015470120892,109.34646324755528
Pontianak Southeast,III,-0.0860322677041492,109.34470450543763
Pontianak Southeast,III,-0.0844948976712971,109.34071570060932
Pontianak Southeast,III,-0.0874016041756712,109.34315578978948
Pontianak Southeast,III,-0.0829064687264319,109.33773473133444
Pontianak Southeast,III,-0.0848776975578705,109.3385293407223
Pontianak Southeast,III,-0.0859143100270948,109.3397200639798
Pontianak Southeast,III,-0.0861685346629666,109.3392964740326
Pontianak Southeast,III,-0.0886031287824322,109.34364039629216
Pontianak Southeast,III,-0.0886091768461841,109.34283405298513
Pontianak Southeast,III,-0.0891079011818623,109.34287388223204
Pontianak Southeast,III,-0.0900099717739597,109.34359382459375
Pontianak Southeast,III,-0.0895672511188499,109.342153805988
Pontianak Southeast,III,-0.090555716857078,109.34327969042285
Pontianak Southeast,III,-0.0884682394760534,109.33765309874605
Pontianak Southeast,III,-0.0905748814234034,109.3424746981647
Pontianak Southeast,III,-0.0645373365601615,109.36215602527452
Pontianak Southeast,III,-0.0691921614207902,109.3572012691806
Pontianak Southeast,III,-0.0695487500751235,109.35688762311575
Pontianak Southeast,III,-0.0707862609401096,109.35799350383908
Pontianak Southeast,III,-0.0703514614648816,109.35659488446116
Pontianak Southeast,III,-0.0709028928131737,109.35629999150083
Pontianak Southeast,III,-0.0710950447585844,109.35587335371508
Pontianak Southeast,III,-0.0714329701070101,109.3556576742278
Pontianak Southeast,III,-0.0719033336819671,109.35563777271555
Pontianak Southeast,III,-0.0721644341371038,109.35515585254916
Pontianak Southeast,III,-0.0728698872687333,109.35472744400448
Pontianak Southeast,III,-0.0731958531766643,109.35462308341202
Pontianak Southeast,III,-0.073436316971453,109.35449254276212
Pontianak Southeast,III,-0.0758313202478868,109.3556664690726
Pontianak Southeast,III,-0.0760859336271309,109.35520400663688
Pontianak Southeast,III,-0.0756474810371878,109.35343249231032
Pontianak Southeast,III,-0.0773576072132965,109.35575489576402
Pontianak Southeast,III,-0.0765252185584762,109.35400934881828
Pontianak Southeast,III,-0.0765670644747624,109.35301544664544
Pontianak Southeast,III,-0.0770185288307991,109.3529127233674
Pontianak Southeast,III,-0.0772791793217331,109.35264200377809
Pontianak Southeast,III,-0.077638146465262,109.35248869219332
Pontianak Southeast,III,-0.0785056374776584,109.351711870546
Pontianak Southeast,III,-0.0787786082662972,109.3514000389807
Pontianak Southeast,III,-0.0791701043733832,109.35135128129085
Pontianak Southeast,III,-0.0795121723519547,109.35117362891816
Pontianak Southeast,III,-0.0798115482169293,109.35096963829984
Pontianak Southeast,III,-0.0801435346430749,109.35071808117723
Pontianak Southeast,III,-0.0818421006345705,109.35243763936931
Pontianak Southeast,III,-0.082431035682594,109.35248373056164
Pontianak Southeast,III,-0.0815034137564467,109.35039862205342
Pontianak Southeast,III,-0.081893803530156,109.34998083374168
Pontianak Southeast,III,-0.0837869195911196,109.3517037088098
Pontianak Southeast,III,-0.0826164562498776,109.34940403733071
Pontianak Southeast,III,-0.0843832241600974,109.35068474176728
Pontianak Southeast,III,-0.0837850924371218,109.34882809832044
Pontianak Southeast,III,-0.0841030552853531,109.34855224980409
Pontianak Southeast,III,-0.084307200539802,109.348425424101
Pontianak Southeast,III,-0.0858854988477842,109.34973173961474
Pontianak Southeast,III,-0.0858229788773176,109.34752827830508
Pontianak Southeast,III,-0.0859397746424053,109.3471647005297
Pontianak Southeast,III,-0.0869558540887016,109.34676126403336
Pontianak Southeast,III,-0.0873578323881071,109.34635705388058
Pontianak Southeast,III,-0.0877258018096484,109.34617179899952
Pontianak Southeast,III,-0.0891774031444503,109.3480189018279
Pontianak Southeast,III,-0.0885687553528383,109.34633016014884
Pontianak Southeast,III,-0.0885346105624557,109.34541361487652
Pontianak Southeast,III,-0.0902214077940328,109.3477119232121
Pontianak Southeast,III,-0.0897414903973484,109.34529527580028
Pontianak Southeast,III,-0.0906647919152154,109.34594145883192
Pontianak Southeast,III,-0.0946264265959206,109.3412006573903
Pontianak Southeast,III,-0.0961069163982116,109.34313485453892
Pontianak Southeast,III,-0.0955345094683669,109.34107266991856
Pontianak Southeast,III,-0.0463221048587486,109.35587735246784
Pontianak Southeast,III,-0.0506648971894278,109.36059932449928
Pontianak Southeast,III,-0.0543864178715014,109.3654006107038
Pontianak North,IV,0.006654209172245,109.3202742209834
Pontianak North,IV,0.0051975233289405,109.3178770086357
Pontianak North,IV,0.0063932990404063,109.31847400556214
Pontianak North,IV,0.0097701128217993,109.32329766920382
Pontianak North,IV,0.0025038902703829,109.32595446598272
Pontianak North,IV,0.0022815462191982,109.32628223991868
Pontianak North,IV,0.0013299448304974,109.32879263622016
Pontianak North,IV,0.0002733881746744,109.33254032461012
Pontianak North,IV,-0.001430489386064,109.3334706237206
Pontianak North,IV,0.0012623474409719,109.3294708776321
Pontianak North,IV,0.0087001692279627,109.32801659907604
Pontianak North,IV,0.0130124669312414,109.32887985372872
Pontianak North,IV,0.0176657876601201,109.32997942252656
Pontianak North,IV,0.0074038686134377,109.34601330627724
Pontianak North,IV,0.0074702532841035,109.3463512646131
Pontianak North,IV,0.00747240887247,109.34739604732955
Pontianak North,IV,0.0083163841198708,109.34834329905436
Pontianak North,IV,0.0080340911770873,109.34896887328917
Pontianak North,IV,0.0040582619584248,109.35054980149545
Pontianak North,IV,0.0030480579602187,109.35329671711922
Pontianak North,IV,0.0047026256041692,109.35128970502328
Pontianak North,IV,0.0039730107619384,109.35351341509212
Pontianak North,IV,0.0049994410780212,109.3515000145379
Pontianak North,IV,0.0042727148602071,109.35365778048678
Pontianak North,IV,0.0053776432870073,109.35181082477588
Pontianak North,IV,0.0057688524708486,109.35102725315176
Pontianak North,IV,0.0067539845509277,109.3508069715427
Pontianak North,IV,0.0057796004496295,109.35365280505292
Pontianak North,IV,0.0077508481273558,109.34977162832992
Pontianak North,IV,0.006524109999059,109.3538550766681
Pontianak North,IV,0.0087687611085679,109.34952165913018
Pontianak North,IV,-0.0053203350649909,109.33767821075944
Pontianak North,IV,-0.0053140502702769,109.34884018713274
Pontianak North,IV,-0.0175174972739129,109.34728469085006
Pontianak North,IV,-0.014893076643374,109.34844685195748
Pontianak North,IV,-0.0146873550051887,109.34809197728158
Pontianak North,IV,-0.0155341409349692,109.3475347639385
Pontianak North,IV,-0.0144288417430474,109.34780081908994
Pontianak North,IV,-0.0142860686866866,109.34767463690572
Pontianak North,IV,-0.0141567889071955,109.34749375867754
Pontianak North,IV,-0.0162374730478465,109.34617722173294
Pontianak North,IV,-0.0142786752960128,109.34899545569124
Pontianak North,IV,-0.0131051700863823,109.34706323307908
Pontianak North,IV,-0.0174745417739139,109.34856007896175
Pontianak North,IV,-0.0177810333231198,109.34926757035188
Pontianak North,IV,-0.0091258833453369,109.34744312422902
Pontianak North,IV,-0.0088970218910727,109.34757717611532
Pontianak North,IV,-0.0085527265530864,109.347683094116
Pontianak North,IV,-0.0080103757310038,109.3479348338638
Pontianak North,IV,-0.0068195319507387,109.34834631086343
Pontianak North,IV,-0.0104906101194592,109.3519132978385
Pontianak North,IV,-0.0102756120109628,109.35205254253754
Pontianak North,IV,-0.0100208615002334,109.35225788398378
Pontianak North,IV,-0.0102514194924782,109.35315389987228
Pontianak North,IV,-0.0104655207989272,109.35680898337615
Pontianak North,IV,-0.0079585051239049,109.35857736483432
Pontianak North,IV,-0.0063395558121481,109.36517284020962
Pontianak North,IV,-0.0048526913340163,109.36824731692568
Pontianak North,IV,-0.0099611290213103,109.36714051973628
Pontianak North,IV,-0.0103328181321613,109.36710251785333
Pontianak North,IV,-0.0043561369380162,109.36818178220656
Pontianak North,IV,0.0035649196047628,109.36991154013144
Pontianak North,IV,0.0039587994834496,109.36886227811576
Pontianak North,IV,0.0048340259256602,109.36936171142318
Pontianak North,IV,0.0075591831640132,109.3601708146582
Pontianak North,IV,0.0078619667550927,109.3602519796615
Pontianak North,IV,0.008186879945784,109.36027899790425
Pontianak North,IV,0.0084936634013369,109.36039367915038
Pontianak North,IV,0.0088068130555091,109.3604960676347
Pontianak East,IV,-0.0288931452657386,109.35964090000572
Pontianak East,IV,-0.0299144768671805,109.35916753140006
Pontianak East,IV,-0.0293583865565033,109.35835784594596
Pontianak East,IV,-0.0310489462174548,109.35859976019331
Pontianak East,IV,-0.0313935063151814,109.35788049675612
Pontianak East,IV,-0.0304729195716453,109.35688713086984
Pontianak East,IV,-0.0293412709978644,109.35826305298217
Pontianak East,IV,-0.031890021618615,109.35683717315062
Pontianak East,IV,-0.0258340462628609,109.35108249343466
Pontianak East,IV,-0.0274840323924214,109.35816122303146
Pontianak East,IV,-0.0269467766968815,109.36878725343946
Pontianak East,IV,-0.0329284643444555,109.37427471263102
Pontianak East,IV,-0.0298722202223703,109.37025271473104
Pontianak East,IV,-0.0327213117647829,109.37090907770484
Pontianak East,IV,-0.0282818829123691,109.36821123036248
Pontianak East,IV,-0.026602193081523,109.36328149739128
Pontianak East,IV,-0.0311056878389596,109.36640254897851
Pontianak East,IV,-0.030873729340197,109.36610278379602
Pontianak East,IV,-0.0360533395801149,109.3709317575954
Pontianak East,IV,-0.0293043953699503,109.3641072905666
Pontianak East,IV,-0.0297359956663772,109.36354147855693
Pontianak East,IV,-0.0331801495619094,109.36150534771356
Pontianak East,IV,-0.0336267741871073,109.36195871796012
Pontianak East,IV,-0.0389881635328152,109.36698131098898
Pontianak East,IV,-0.0342169293243407,109.35838353117776
Pontianak East,IV,-0.0345768938286111,109.35799815043865
Pontianak East,IV,-0.0358050401715127,109.35915606473353
Pontianak East,IV,-0.0278750344872049,109.37457010714336
Pontianak East,IV,-0.0354697946583123,109.35394326137109
Pontianak East,IV,-0.0324141249437029,109.35233169417086
Pontianak East,IV,-0.0319279485017062,109.35201151881829
Pontianak East,IV,-0.0290322613332142,109.34924155470078
Pontianak East,IV,-0.0285368784036053,109.35596537546
Pontianak East,IV,-0.0293960207565432,109.3502736069669
Pontianak East,IV,-0.0442958441093867,109.35979974867128
Pontianak East,IV,-0.0413739415143936,109.36346578546645
Pontianak East,IV,-0.0398181590773283,109.36765507102508
Pontianak East,IV,-0.0391405213657663,109.36712715545262
Pontianak East,IV,-0.0459002858043192,109.37314662651534
Pontianak East,IV,-0.0553499165987001,109.38037520160526
Pontianak East,IV,-0.0361993491400655,109.37107937850446
Pontianak East,IV,-0.0436108020183599,109.37791333559213
Pontianak East,IV,-0.0511013447418223,109.383374182788
Pontianak East,IV,-0.0320551703274629,109.37241634787424
Pontianak East,IV,-0.0316747268791976,109.37282374462023
Pontianak East,IV,-0.0546422482782518,109.36850431605292
Pontianak East,IV,-0.0544407147996107,109.36840020938216
Pontianak East,IV,-0.0529066436900317,109.37053655502996
Pontianak East,IV,-0.0532808471871521,109.367557231791
Pontianak East,IV,-0.0531377427964565,109.36698528363726
Pontianak East,IV,-0.0513491779581667,109.36901294510824
Pontianak East,IV,-0.0523570933459886,109.367319714519
Pontianak East,IV,-0.0515977007114508,109.36832661294795
Pontianak East,IV,-0.0524120687434452,109.36651640732954
Pontianak East,IV,-0.0515116987108853,109.36735579999126
Pontianak East,IV,-0.0516690129709695,109.36677039931506
Pontianak East,IV,-0.0516272974316373,109.36674427819948
Pontianak East,IV,-0.0515116830694899,109.36589881901288
Pontianak East,IV,-0.0501907426407758,109.36744638170404
Pontianak East,IV,-0.0505720353414525,109.36635656729452
Pontianak East,IV,-0.0509093914383996,109.36546920421348
Pontianak East,IV,-0.0502669278923692,109.36494877471917
Pontianak East,IV,-0.049218751569762,109.3671411108212
Pontianak East,IV,-0.049897069980062,109.36470896327047
Pontianak East,IV,-0.0496499575247351,109.36450045007828
Pontianak East,IV,-0.0480091213579691,109.36649250863664
Pontianak East,IV,-0.0477524632066977,109.3665171205914
Pontianak East,IV,-0.0490567619001483,109.36449340303976
Pontianak East,IV,-0.0488698942344142,109.36423007255716
Pontianak East,IV,-0.0486285041738482,109.36402237578136
Pontianak East,IV,-0.0477601887428495,109.3648459833049
Pontianak East,IV,-0.0486182736539609,109.36368703835812
Pontianak East,IV,-0.0478304571189791,109.36415453596382
Pontianak East,IV,-0.046921585543435,109.36469676453768
Pontianak East,IV,-0.0474624207314442,109.36256172240326
Pontianak East,IV,-0.0473969832709408,109.36257584198
Pontianak East,IV,-0.0462081329670987,109.3638505799151
Pontianak East,IV,-0.0473001473937816,109.36243622299426
Pontianak East,IV,-0.0465555301288375,109.36270106468685
Pontianak East,IV,-0.0455747388708436,109.3638742609313
Pontianak East,IV,-0.0465403596264552,109.361733885191
Pontianak East,IV,-0.0447790347853333,109.36335324264296
Pontianak East,IV,-0.0462341880073109,109.36162716682144
Pontianak East,IV,-0.0455790417909965,109.36105333281648
Pontianak East,IV,-0.0441168251962738,109.36240840273082
Pontianak East,IV,-0.0439292494514751,109.36220962731868
Pontianak East,IV,-0.0438115972734915,109.36190772995964
Pontianak East,IV,-0.0450520689144006,109.3601703547896
Pontianak East,IV,-0.0434143235173438,109.36185326941988
Pontianak East,IV,-0.0429459375071182,109.36206476647844
Pontianak East,IV,-0.0447702248602835,109.35985908396084
Pontianak East,IV,-0.0429104796938551,109.36158351417396
Pontianak East,IV,-0.0421631558570779,109.36073224927796
Pontianak East,IV,-0.0422577119208854,109.3601865154225
Pontianak East,IV,-0.0433497162548032,109.3582286594194
Pontianak East,IV,-0.0406092193133043,109.3600459241192
Pontianak East,IV,-0.0430721394232093,109.3579032562474
Pontianak East,IV,-0.0424181602570732,109.3580814913211
Pontianak East,IV,-0.0423398384570586,109.3578517467888
Pontianak East,IV,-0.0422833234559526,109.35750876481704
Pontianak East,IV,-0.0402537445827796,109.3591466580184
Pontianak East,IV,-0.0398337622821907,109.35817755992272
Pontianak East,IV,-0.0411753346639683,109.35662459581953
Pontianak East,IV,-0.0391848114343592,109.35834188161188
Pontianak East,IV,-0.0402864370475336,109.3567258921872
Pontianak East,IV,-0.0403034198499855,109.35571432735554
Pontianak East,IV,-0.0390182260158847,109.35705630016804
Pontianak East,IV,-0.0398320210381426,109.3557040658404
Pontianak East,IV,-0.0397607013771169,109.35529418481909
Pontianak East,IV,-0.038458655922733,109.35643668324909
Pontianak East,IV,-0.0391650555774233,109.3547274455542
Pontianak East,IV,-0.0390903077007777,109.3547352999996
Pontianak East,IV,-0.0383958948983197,109.35473038503974
Pontianak East,IV,-0.0383935252371099,109.3546506189014
Pontianak East,IV,-0.0375204250794924,109.35558429112103
Pontianak East,IV,-0.0384968717798014,109.35401481395182
Pontianak East,IV,-0.0372157254565751,109.35559349040388
Pontianak East,IV,-0.0375093598832559,109.3545399921928
Pontianak East,IV,-0.0375502956195091,109.3539424081934
Pontianak East,IV,-0.0355201211116985,109.3562193022504
Pontianak East,IV,-0.0375293128010242,109.35316177881568
Pontianak East,IV,-0.0366076460709613,109.35365400108466
Pontianak East,IV,-0.0595127624322255,109.3749919725856
Pontianak East,IV,-0.0584706455396294,109.37084915577326
Pontianak East,IV,-0.0530008484151385,109.36728601761696
Pontianak South,IV,-0.0356496133276503,109.3450968225716
Pontianak South,IV,-0.0358282922018989,109.34481703292386
Pontianak South,IV,-0.0327592301792274,109.34411709450394
Pontianak South,IV,-0.0320653433768263,109.34149499871396
Pontianak South,IV,-0.0321361570903782,109.34157031748478
Pontianak South,IV,-0.032272253842397,109.33728306434055
Pontianak South,IV,-0.0344696995546919,109.33555945387556
Pontianak South,IV,-0.0344479788045071,109.33816577256864
Pontianak South,IV,-0.0371857456887536,109.33499855914894
Pontianak South,IV,-0.0359712514200691,109.34102872295112
Pontianak South,IV,-0.0363618262277377,109.33889710170638
Pontianak South,IV,-0.0367324466161743,109.3413625137522
Pontianak South,IV,-0.0404438137375425,109.3426624176505
Pontianak South,IV,-0.0420575574823589,109.34169454400012
Pontianak South,IV,-0.0392183570198425,109.33932904729788
Pontianak South,IV,-0.0412690982055187,109.34013450788616
Pontianak South,IV,-0.0409002804674759,109.3390994661868
Pontianak South,IV,-0.0320962340126601,109.33838670187684
Pontianak South,IV,-0.0467075017491074,109.34872796590284
Pontianak South,IV,-0.0484759152509285,109.34710697460692
Pontianak South,IV,-0.0563041372194595,109.33889951892247
Pontianak South,IV,-0.0499959874278336,109.33726519114072
Pontianak South,IV,-0.0554904017112573,109.33917564174004
Pontianak South,IV,-0.0508667758859828,109.33784423115355
Pontianak South,IV,-0.0545157105583068,109.3394920250431
Pontianak South,IV,-0.0508728340426143,109.3382603757172
Pontianak South,IV,-0.0536174504947307,109.34013425669012
Pontianak South,IV,-0.0567416920200473,109.33775744345677
Pontianak South,IV,-0.0568904665594863,109.33757946598254
Pontianak South,IV,-0.0558036751353537,109.33647529359132
Pontianak South,IV,-0.0572265758580321,109.33679371491463
Pontianak South,IV,-0.0544763019906375,109.334482651943
Pontianak South,IV,-0.0581647425240657,109.33648262188204
Pontianak South,IV,-0.0549777376128758,109.33420274230136
Pontianak South,IV,-0.0585892301166702,109.33574814631248
Pontianak South,IV,-0.0575700501225453,109.33413968998592
Pontianak South,IV,-0.0581093311408679,109.33346363456585
Pontianak South,IV,-0.0584337372677233,109.33276458127256
Pontianak South,IV,-0.0607041669057963,109.33374802551668
Pontianak South,IV,-0.0566480347293025,109.33171412397516
Pontianak South,IV,-0.0587565654120284,109.33206213637608
Pontianak South,IV,-0.0596426589840026,109.33135800338898
Pontianak South,IV,-0.0615008255939686,109.3324091214227
Pontianak South,IV,-0.0619555262287808,109.33225462091988
Pontianak South,IV,-0.0520133433010622,109.33657846288222
Pontianak South,IV,-0.0530564958976913,109.33643830470444
Pontianak South,IV,-0.0488764303949675,109.333888332254
Pontianak South,IV,-0.0508945829454662,109.33534103458034
Pontianak South,IV,-0.0533976118697093,109.33570001442192
Pontianak South,IV,-0.0531341041237878,109.33523861632246
Pontianak South,IV,-0.0495246580617102,109.33334023695012
Pontianak South,IV,-0.049708983952668,109.33317667608031
Pontianak South,IV,-0.0537856550360141,109.3349490201448
Pontianak South,IV,-0.0540070835008718,109.33465130252554
Pontianak South,IV,-0.0496784181865262,109.33240946764258
Pontianak South,IV,-0.0508184763141948,109.33324728561176
Pontianak South,IV,-0.0540344555065037,109.3341926765951
Pontianak South,IV,-0.0523861099146686,109.33346279719116
Pontianak South,IV,-0.0493720902580043,109.3314372347633
Pontianak South,IV,-0.0494275119585907,109.33113446926028
Pontianak South,IV,-0.0537906515555275,109.33355198516212
Pontianak South,IV,-0.0547034847368944,109.33317181786008
Pontianak South,IV,-0.0548989469744327,109.33290351807536
Pontianak South,IV,-0.0501796257475363,109.32999947979158
Pontianak South,IV,-0.0532669663219858,109.3319304927023
Pontianak South,IV,-0.0519018092799072,109.33091315743536
Pontianak South,IV,-0.0549043634621595,109.33235049977044
Pontianak South,IV,-0.0497782539728733,109.32759688997322
Pontianak South,IV,-0.0550821748802447,109.3319934763432
Pontianak South,IV,-0.053476964991665,109.33070661107936
Pontianak South,IV,-0.0504644225292973,109.32744831547336
Pontianak South,IV,-0.0534979612457034,109.3302242383581
Pontianak South,IV,-0.0525116743389919,109.32935971909568
Pontianak South,IV,-0.0508958309762943,109.3267681117796
Pontianak South,IV,-0.0557022923774496,109.3310427871912
Pontianak South,IV,-0.0558232365106453,109.3306476837329
Pontianak South,IV,-0.0560350599510563,109.3302452444436
Pontianak South,IV,-0.0514567366552831,109.32607003095968
Pontianak South,IV,-0.054416454980869,109.3288137710736
Pontianak South,IV,-0.0526682738983384,109.32713126740984
Pontianak South,IV,-0.0521833978117726,109.32599529398524
Pontianak South,IV,-0.0555218742146088,109.32904855245826
Pontianak South,IV,-0.053404052838004,109.3265440369187
Pontianak South,IV,-0.0566654124027451,109.329170220544
Pontianak South,IV,-0.0552586857431729,109.32760147420204
Pontianak South,IV,-0.0584966645780236,109.3294337747992
Pontianak South,IV,-0.0627515207906098,109.33189535541364
Pontianak South,IV,-0.051914583494799,109.32600188432208
Pontianak South,IV,-0.0580295980433496,109.32881297681956
Pontianak South,IV,-0.0558695311346656,109.3272323567654
Pontianak South,IV,-0.0593218444105344,109.32903433014332
Pontianak South,IV,-0.0559549277752332,109.32700114341036
Pontianak South,IV,-0.059962207573582,109.32919371124252
Pontianak South,IV,-0.0551147942088817,109.32630325227642
Pontianak South,IV,-0.0519088138443871,109.3208743401414
Pontianak South,IV,-0.0580907775271896,109.32763115185725
Pontianak South,IV,-0.0550401092490911,109.32559817286077
Pontianak South,IV,-0.05682736815028,109.32653496736188
Pontianak South,IV,-0.059195841862132,109.32774707378584
Pontianak South,IV,-0.0546130027255121,109.32450938727604
Pontianak South,IV,-0.0550979610428002,109.32456100125924
Pontianak South,IV,-0.0573684942871748,109.32618550667524
Pontianak South,IV,-0.0600539790507866,109.3275478135924
Pontianak South,IV,-0.0580616520675383,109.32606724198595
Pontianak South,IV,-0.0613858553355805,109.32783569922996
Pontianak South,IV,-0.0560100785272161,109.32432826442164
Pontianak South,IV,-0.0592366178382585,109.32590867077798
Pontianak South,IV,-0.0609252813614366,109.32691903489822
Pontianak South,IV,-0.0613036561116212,109.32695179871442
Pontianak South,IV,-0.0563204187751616,109.32409819516342
Pontianak South,IV,-0.0595224112773114,109.32549525836684
Pontianak South,IV,-0.0609578162670205,109.32616661025588
Pontianak South,IV,-0.0570702110100083,109.32372025164474
Pontianak South,IV,-0.0602647736583968,109.32539504923768
Pontianak South,IV,-0.0591450302873278,109.32443855353604
Pontianak South,IV,-0.0572798695755837,109.32294925083812
Pontianak South,IV,-0.0559398061782175,109.32144838057248
Pontianak South,IV,-0.0596906606115041,109.32387199819571
Pontianak South,IV,-0.0621317737024189,109.32434995331072
Pontianak South,IV,-0.0590641407902274,109.32216312848776
Pontianak South,IV,-0.0612659210347045,109.32326139570026
Pontianak South,IV,-0.05893737390773,109.32089089624016
Pontianak South,IV,-0.059043487740163,109.32062928281842
Pontianak South,IV,-0.0615502606718552,109.32296199946668
Pontianak South,IV,-0.0657676052585007,109.32644907615465
Pontianak South,IV,-0.0677301125255711,109.32779537423338
Pontianak South,IV,-0.0600724299797991,109.32109526532456
Pontianak South,IV,-0.0605110728029923,109.32129251996852
Pontianak South,IV,-0.0604677698853823,109.32063189151928
Pontianak South,IV,-0.0623045714986775,109.32231325928664
Pontianak South,IV,-0.0600834584656027,109.31928823494388
Pontianak South,IV,-0.0602156603467315,109.31872513854115
Pontianak South,IV,-0.0605924081352866,109.31851833869352
Pontianak South,IV,-0.0637218034742067,109.32179625292864
Pontianak South,IV,-0.065883726529769,109.32385749040942
Pontianak South,IV,-0.0614762416535886,109.31914787746231
Pontianak South,IV,-0.0611531227398703,109.31806683258738
Pontianak South,IV,-0.0621608290346052,109.3189035674958
Pontianak South,IV,-0.0650611991800568,109.32142761219497
Pontianak South,IV,-0.0664897146823217,109.32288274562735
Pontianak South,IV,-0.0624099364280363,109.3178556326382
Pontianak South,IV,-0.0638355047222682,109.31932659424145
Pontianak South,IV,-0.0630506802021596,109.3175676222966
Pontianak South,IV,-0.0609155637153934,109.31394096946228
Pontianak South,IV,-0.0584868656539742,109.3098708371361
Pontianak South,IV,-0.0628790866027825,109.31662179583869
Pontianak South,IV,-0.0645978348129149,109.31852030166591
Pontianak South,IV,-0.0636733170859238,109.31635517702811
Pontianak South,IV,-0.065321188075224,109.31838835497886
Pontianak South,IV,-0.068403761561953,109.32077009117997
Pontianak South,IV,-0.0652783832584686,109.31772203634004
Pontianak South,IV,-0.0643105449447412,109.3154739966729
Pontianak South,IV,-0.0662759806415826,109.3178100371329
Pontianak South,IV,-0.0646127229002597,109.31421805852231
Pontianak South,IV,-0.0622145395636062,109.311076788177
Pontianak South,IV,-0.0603656198739266,109.30793209905003
Pontianak South,IV,-0.0675814698625014,109.3145376876552
Pontianak South,IV,-0.0713546693066714,109.3167114173947
Pontianak South,IV,-0.0686916668386291,109.31314008194688
Pontianak South,IV,-0.0714475429869335,109.3161101405875
Pontianak South,IV,-0.0712018574535979,109.3147294735654
Pontianak South,IV,-0.0711130601590795,109.31299686954468
Pontianak South,IV,-0.0713738068245928,109.3129538170479
Pontianak South,IV,-0.0740641825630464,109.31594120839254
Pontianak South,IV,-0.0716653480666876,109.31191296527636
Pontianak South,IV,-0.0747214067942149,109.314681306778
Pontianak South,IV,-0.0747254384813719,109.31273109936308
Pontianak South,IV,-0.0771900522891621,109.31271595656456
Pontianak South,IV,-0.0771505446201924,109.310401318665
Pontianak South,IV,-0.0788712390217468,109.31295598728391
Pontianak South,IV,-0.0794449729483025,109.31236692037676
Pontianak South,IV,-0.0782671205308981,109.30985707468358
Pontianak South,IV,-0.0488499095979536,109.33324637966255
Pontianak South,IV,-0.0491640273887478,109.33305938131409
Pontianak South,IV,-0.0489767365589025,109.3324227070473
Pontianak South,IV,-0.0478362269786843,109.3315262284155
Pontianak South,IV,-0.0489248158323685,109.33155958948454
Pontianak South,IV,-0.0493861806425792,109.33110260233836
Pontianak South,IV,-0.0503369360326396,109.33156105972624
Pontianak South,IV,-0.0484543738146407,109.32928555640548
Pontianak South,IV,-0.0506035602248374,109.3311552435508
Pontianak South,IV,-0.0486313114093718,109.3289795600877
Pontianak South,IV,-0.051285417348074,109.33072562329896
Pontianak South,IV,-0.0478597161600187,109.32699308038302
Pontianak South,IV,-0.0510396323981306,109.32586126311855
Pontianak South,IV,-0.0486767341624151,109.32722043592064
Pontianak South,IV,-0.0510869349472574,109.32511468253983
Pontianak South,IV,-0.0486299806632703,109.32626333406508
Pontianak South,IV,-0.0492786159957263,109.3255460073514
Pontianak South,IV,-0.0478225687712891,109.32523210590205
Pontianak South,IV,-0.0491772279302525,109.32408529641268
Pontianak South,IV,-0.0454595420833005,109.33317409365408
Pontianak South,IV,-0.0449939550611276,109.3336039629516
Pontianak South,IV,-0.0444917850914709,109.33412434557472
Pontianak South,IV,-0.0437652775112957,109.3347224340189
Pontianak South,IV,-0.0470414554148097,109.32640164179828
Pontianak South,IV,-0.0476253031084592,109.32671052591824
Pontianak South,IV,-0.045684783459271,109.32616003268107
Pontianak South,IV,-0.0412620773740792,109.32905776492343
Pontianak South,IV,-0.0458595877646318,109.33368294893104
Pontianak South,IV,-0.0434097968784122,109.32720300516252
Pontianak South,IV,-0.0436081594188297,109.3268541685586
Pontianak South,IV,-0.0437019336899814,109.325891892223
Pontianak South,IV,-0.0437707679162201,109.32553000354656
Pontianak South,IV,-0.0447471548254726,109.3255213638993
Pontianak South,IV,-0.0445538691498324,109.32525035898368
Pontianak South,IV,-0.0479887187760006,109.32223108117203
Pontianak South,IV,-0.0482183633814246,109.3213934368747
Pontianak South,IV,-0.0522027679271056,109.3189558223783
Pontianak South,IV,-0.0544528598776321,109.31887253167044
Pontianak South,IV,-0.0548031486012334,109.31871115253333
Pontianak South,IV,-0.055215078203829,109.3184822801217
Pontianak South,IV,-0.055491191924457,109.31802643613996
Pontianak South,IV,-0.0557955219537655,109.3178585313807
Pontianak South,IV,-0.0567858413734205,109.31694673926694
Pontianak South,IV,-0.056687238773833,109.31638848578974
Pontianak South,IV,-0.057374891623768,109.31589170314275
Pontianak South,IV,-0.0591073866576684,109.31716670821508
Pontianak South,IV,-0.0601652345442289,109.31614146256238
Pontianak South,IV,-0.0606370186611245,109.31455900612949
Pontianak South,IV,-0.0617983270321831,109.31353060451396
Pontianak South,IV,-0.0621716736315511,109.31321081792528
Pontianak South,IV,-0.062592103643365,109.31286046357134
Pontianak South,IV,-0.0512113303515577,109.3228559468643
Pontianak City,IV,-0.0290157499408347,109.33676225525645
Pontianak City,IV,-0.0287531336837295,109.33595939174296
Pontianak City,IV,-0.0253370466699787,109.33652634867668
Pontianak City,IV,-0.0260812632102611,109.33543176205264
Pontianak City,IV,-0.0246832443839029,109.33584533622216
Pontianak City,IV,-0.0254932244750649,109.33345321369691
Pontianak City,IV,-0.0237028244926261,109.3357602614102
Pontianak City,IV,-0.0310184453306465,109.3363496034536
Pontianak City,IV,-0.0310954278016292,109.33425265804291
Pontianak City,IV,-0.0317482971280941,109.3336762807392
Pontianak City,IV,-0.0326688457424792,109.33299734677502
Pontianak City,IV,-0.0326580592968486,109.33234363915554
Pontianak City,IV,-0.0332545383176477,109.33222804129294
Pontianak City,IV,-0.0304844131571227,109.33374073773749
Pontianak City,IV,-0.0312999735660778,109.3340937641556
Pontianak City,IV,-0.031213207194154,109.33326549940702
Pontianak City,IV,-0.0314723435367789,109.33259786530036
Pontianak City,IV,-0.0319670964530329,109.33149064071434
Pontianak City,IV,-0.0323061694467547,109.33138057081496
Pontianak City,IV,-0.0299632656050471,109.33402052661364
Pontianak City,IV,-0.0289243460336936,109.3334899149312
Pontianak City,IV,-0.0293158469958328,109.33286029336496
Pontianak City,IV,-0.0303770982705524,109.33309599004475
Pontianak City,IV,-0.0297882069948237,109.33252527995133
Pontianak City,IV,-0.0306947130370728,109.33285329495232
Pontianak City,IV,-0.0300407102115028,109.33198646365892
Pontianak City,IV,-0.0311912491664858,109.33246544701466
Pontianak City,IV,-0.0304087997536254,109.33139604121908
Pontianak City,IV,-0.0308026477294912,109.33137731931232
Pontianak City,IV,-0.0304384453093843,109.33087265508344
Pontianak City,IV,-0.031655229438233,109.33124026472584
Pontianak City,IV,-0.0316437878403595,109.33123515912084
Pontianak City,IV,-0.0304542823545427,109.33053778477704
Pontianak City,IV,-0.0285436160429469,109.3331224740196
Pontianak City,IV,-0.028500502564517,109.33126325905349
Pontianak City,IV,-0.0297036766822896,109.33190731691327
Pontianak City,IV,-0.0298765315878756,109.33174858100688
Pontianak City,IV,-0.0290881562046534,109.33086542844732
Pontianak City,IV,-0.0300719425144795,109.33095627725078
Pontianak City,IV,-0.0215200209751895,109.33655144724324
Pontianak City,IV,-0.0229934127452769,109.3324581386022
Pontianak City,IV,-0.021550005649411,109.3329712522757
Pontianak City,IV,-0.020174688291625,109.33392681911022
Pontianak City,IV,-0.0215785800755719,109.3324444739818
Pontianak City,IV,-0.021330750860289,109.33179962409083
Pontianak City,IV,-0.0196655079649987,109.32984484031628
Pontianak City,IV,-0.0202545951033176,109.32829308351536
Pontianak City,IV,-0.0203226013295859,109.33024738655084
Pontianak City,IV,-0.020822323940873,109.32859520156676
Pontianak City,IV,-0.0207410329610703,109.33029017400337
Pontianak City,IV,-0.0209828413584795,109.33036384928488
Pontianak City,IV,-0.0213116595153577,109.32826926027715
Pontianak City,IV,-0.0221262394703568,109.3265361612789
Pontianak City,IV,-0.021498526259418,109.33028499121224
Pontianak City,IV,-0.0222961166999008,109.32807731242887
Pontianak City,IV,-0.0230648058862376,109.33078907602672
Pontianak City,IV,-0.02250843438066,109.3278786591889
Pontianak City,IV,-0.023267031147468,109.32690038920428
Pontianak City,IV,-0.0235350158272487,109.32867168560796
Pontianak City,IV,-0.0241226881990965,109.32884317184951
Pontianak City,IV,-0.0256636594024936,109.32724795329942
Pontianak City,IV,-0.0241938644662266,109.32984990888843
Pontianak City,IV,-0.0264406274051401,109.32840340936032
Pontianak City,IV,-0.0256789900023831,109.32946020209612
Pontianak City,IV,-0.024134364109642,109.33072769135056
Pontianak City,IV,-0.025871809980927,109.32974040932598
Pontianak City,IV,-0.0249350580002984,109.33168748897975
Pontianak City,IV,-0.0268893544792944,109.32914580333374
Pontianak City,IV,-0.031997136081527,109.31221116031772
Pontianak City,IV,-0.030787937435204,109.3133403543973
Pontianak City,IV,-0.025925735033494,109.31213263506486
Pontianak City,IV,-0.0415952052526375,109.3180004195018
Pontianak City,IV,-0.0374702802017084,109.31470966982938
Pontianak City,IV,-0.0408614598407842,109.3157172982802
Pontianak City,IV,-0.0415126671621156,109.31504054618496
Pontianak City,IV,-0.0449566498674345,109.31528610117712
Pontianak City,IV,-0.0430530335709157,109.30767327673192
Pontianak City,IV,-0.0425178625335436,109.30756404278088
Pontianak City,IV,-0.0404026842491115,109.30911329641178
Pontianak City,IV,-0.0426624304164645,109.30691105077048
Pontianak City,IV,-0.0416319118755575,109.30756087157154
Pontianak City,IV,-0.0406024334083202,109.30836679193706
Pontianak City,IV,-0.0399144806469002,109.30875863295394
Pontianak City,IV,-0.0421830396478693,109.30656280382588
Pontianak City,IV,-0.0394494060660159,109.30864030522356
Pontianak City,IV,-0.0417873642715891,109.30621281940596
Pontianak City,IV,-0.0410712944476822,109.30644263677972
Pontianak City,IV,-0.0394755168824833,109.30799675053989
Pontianak City,IV,-0.041307140468587,109.3057661606354
Pontianak City,IV,-0.0414658269416488,109.30513937593224
Pontianak City,IV,-0.0388390011136517,109.30776821162966
Pontianak City,IV,-0.0386220194122932,109.30737894203712
Pontianak City,IV,-0.040996989712199,109.30446831421553
Pontianak City,IV,-0.0408665386918434,109.30392773693288
Pontianak City,IV,-0.0397503798359503,109.30438708127606
Pontianak City,IV,-0.0379597311496692,109.30635543640332
Pontianak City,IV,-0.0388242306599488,109.30506358025792
Pontianak City,IV,-0.0396849522786637,109.30416917138064
Pontianak City,IV,-0.0377404940664279,109.30595533133538
Pontianak City,IV,-0.0398586586453528,109.30308196175358
Pontianak City,IV,-0.039043252229301,109.30347651303548
Pontianak City,IV,-0.03853974485897,109.30381631227692
Pontianak City,IV,-0.0389832805519414,109.3028258810852
Pontianak City,IV,-0.0389904042629003,109.30237215686984
Pontianak City,IV,-0.0388135548597343,109.3022220831604
Pontianak City,IV,-0.0368712795815618,109.30332131494458
Pontianak City,IV,-0.0359035496746871,109.30422167999588
Pontianak City,IV,-0.0378665322786571,109.30148430334948
Pontianak City,IV,-0.0354903017152173,109.30399216719042
Pontianak City,IV,-0.0377309056805314,109.30131078551308
Pontianak City,IV,-0.0372954438864821,109.30102547436216
Pontianak City,IV,-0.0349038424059326,109.30369473431
Pontianak City,IV,-0.0367850641664896,109.30094021501291
Pontianak City,IV,-0.0365138977080228,109.3003574194113
Pontianak City,IV,-0.0444749640053142,109.3064847268662
Pontianak City,IV,-0.0456662468023001,109.30480750952373
Pontianak City,IV,-0.0429785288460344,109.30718706821276
Pontianak City,IV,-0.0427264801747272,109.30704051743297
Pontianak City,IV,-0.0446940178381622,109.30484615721232
Pontianak City,IV,-0.0441378192555387,109.30448705063552
Pontianak City,IV,-0.0431719070741237,109.30472542802754
Pontianak City,IV,-0.0430370372213404,109.30457415138687
Pontianak City,IV,-0.0424785227046836,109.30477713901826
Pontianak City,IV,-0.0423456488474245,109.30445691104352
Pontianak City,IV,-0.0410272354239831,109.3050786736517
Pontianak City,IV,-0.0465337772433078,109.3074608055362
Pontianak City,IV,-0.0461994771012222,109.30727397243017
Pontianak City,IV,-0.0454181270693131,109.30687804672203
Pontianak City,IV,-0.0458464239849449,109.30508067400136
Pontianak City,IV,-0.04937823990408,109.30257632536704
Pontianak City,IV,-0.0491829118206333,109.30208946658875
Pontianak City,IV,-0.0486590865316334,109.30188766946316
Pontianak City,IV,-0.0469119118395535,109.30429297741722
Pontianak City,IV,-0.0461639893361159,109.30474513715626
Pontianak City,IV,-0.0468842807163581,109.30331540034236
Pontianak City,IV,-0.0481738008152599,109.30129730812985
Pontianak City,IV,-0.0480605967324991,109.3010688785518
Pontianak City,IV,-0.0459699975028606,109.30410686468647
Pontianak City,IV,-0.0483343155133776,109.29984726184983
Pontianak City,IV,-0.0454652359082328,109.30421954007676
Pontianak City,IV,-0.0476759228435787,109.3001217959605
Pontianak City,IV,-0.0473249122277512,109.29992965011562
Pontianak City,IV,-0.0470780487913323,109.29951770973253
Pontianak City,IV,-0.0440946064686017,109.30376538151415
Pontianak City,IV,-0.0464769918762758,109.2996811844293
Pontianak City,IV,-0.046184180096374,109.29935930133465
Pontianak City,IV,-0.0431069682087967,109.30407159744723
Pontianak City,IV,-0.0458504645753268,109.2991340511847
Pontianak City,IV,-0.0439312825690213,109.30199305062854
Pontianak City,IV,-0.0456153202219591,109.29876154041058
Pontianak City,IV,-0.042324090387892,109.30380829203696
Pontianak City,IV,-0.0426813020094431,109.30237820958112
Pontianak City,IV,-0.0436881111559844,109.30014808625918
Pontianak City,IV,-0.0423577182045174,109.3020441580898
Pontianak City,IV,-0.0442756934776781,109.29856620425818
Pontianak City,IV,-0.0419944066498891,109.30185188021112
Pontianak City,IV,-0.0439585781816864,109.2983343505521
Pontianak City,IV,-0.0405861285387451,109.3015023199713
Pontianak City,IV,-0.0404825671114691,109.30245684173832
Pontianak City,IV,-0.0433123923760384,109.29684582648105
Pontianak City,IV,-0.040017169164799,109.30157007511664
Pontianak City,IV,-0.0398059310888365,109.29971110407182
Pontianak City,IV,-0.042006446058523,109.29640648986027
Pontianak City,IV,-0.0386966478082852,109.301380102655
Pontianak City,IV,-0.0413549261265277,109.29659479482962
Pontianak City,IV,-0.0386756400063015,109.29991798001753
Pontianak City,IV,-0.0381751297750607,109.30002890553456
Pontianak City,IV,-0.0404962870219304,109.29543276998729
Pontianak City,IV,-0.0371117246186475,109.30053840405562
Pontianak City,IV,-0.0357908998788315,109.29937313481103
Pontianak City,IV,-0.0328879820710915,109.32669350514615
Pontianak City,IV,-0.0254152229411439,109.32209768982332
Pontianak City,IV,-0.0213021105857178,109.32100460869344
Pontianak City,IV,-0.0262705288327426,109.32192699745936
Pontianak City,IV,-0.0207777540659336,109.32047879641996
Pontianak City,IV,-0.0212321550143168,109.320214588227
Pontianak City,IV,-0.021566274136672,109.31953283691963
Pontianak City,IV,-0.0210927131647752,109.31921606212477
Pontianak City,IV,-0.0270356971824631,109.32043597273665
Pontianak City,IV,-0.0213064183526163,109.31874850603307
Pontianak City,IV,-0.0231575299624184,109.31879466602405
Pontianak City,IV,-0.0399618227170524,109.32271761075944
Pontianak City,IV,-0.0287890891280665,109.31864463542657
Pontianak City,IV,-0.0279135130064251,109.32218453781653
Pontianak City,IV,-0.0276059516448415,109.322435258214
Pontianak City,IV,-0.0282722148600789,109.3180120219166
Pontianak City,IV,-0.026780592743451,109.31628503102496
Pontianak City,IV,-0.0380644306472705,109.31960203538276
Pontianak City,IV,-0.0411007373094521,109.32415782315267
Pontianak City,IV,-0.040954556956234,109.32443073791993
Pontianak City,IV,-0.0405360997791196,109.32456816845534
Pontianak City,IV,-0.0343225620205525,109.3159614911096
Pontianak City,IV,-0.0338540338945562,109.31365753853392
Pontianak City,IV,-0.0339760706364627,109.3130851264171
Pontianak City,IV,-0.0334276926034008,109.31207151228033
Pontianak City,IV,-0.0328549362036985,109.30953349406155
Pontianak City,IV,-0.0333258110271471,109.31444473929488
Pontianak City,IV,-0.0292846357797556,109.31784435063672
Pontianak City,IV,-0.0456400374494498,109.3166741196069
Pontianak City,IV,-0.0451708047505307,109.31525474758372
Pontianak City,IV,-0.0471978345289316,109.31680926733276
Pontianak City,IV,-0.0455699977701377,109.31518834658226
Pontianak City,IV,-0.047933246977327,109.31671204883268
Pontianak City,IV,-0.0484235825505052,109.31644730244685
Pontianak City,IV,-0.0477397384600542,109.31540319519776
Pontianak City,IV,-0.0451655586279559,109.31282315824365
Pontianak City,IV,-0.0461901491411659,109.31341104851631
Pontianak City,IV,-0.0475719351281363,109.31463436222911
Pontianak City,IV,-0.0471866981624917,109.31377848251256
Pontianak City,IV,-0.0477635459523825,109.31429999278843
Pontianak City,IV,-0.0471087735476649,109.31745346178728
Pontianak City,IV,-0.0487890522170157,109.3157283043468
Pontianak City,IV,-0.0442952972908437,109.32032754700928
Pontianak City,IV,-0.0432659786188975,109.32093163422788
Pontianak City,IV,-0.0424559255480635,109.31988693449446
Pontianak City,IV,-0.0372567758633637,109.3105629241016
Pontianak City,IV,-0.0380850697637574,109.31264545431232
Pontianak City,IV,-0.0378876588857954,109.3128592197052
Pontianak City,IV,-0.0362614764901781,109.31110958899345
Pontianak City,IV,-0.0376861601480606,109.31311200829713
Pontianak City,IV,-0.0359331381596033,109.31138446944465
Pontianak City,IV,-0.0353550145071607,109.31248398186408
Pontianak City,IV,-0.0349767741577008,109.31262043617065
Pontianak City,IV,-0.0356368195934399,109.31399333000034
Pontianak City,IV,-0.0341638620386953,109.3069011169122
Pontianak City,IV,-0.0355757799936136,109.31099248366912
Pontianak City,IV,-0.0303029123215476,109.30429523505028
Pontianak City,IV,-0.0322157448685693,109.30367161927232
Pontianak City,IV,-0.0322241533022784,109.30237222920576
Pontianak City,IV,-0.0331942821376617,109.30210003301616
Pontianak City,IV,-0.034230146929623,109.30766234735624
Pontianak City,IV,-0.0340255821325571,109.30796237929664
Pontianak City,IV,-0.033169767706714,109.30792782135109
Pontianak City,IV,-0.0325939445534672,109.308010722201
Pontianak City,IV,-0.0324151669130978,109.30843453712916
Pontianak City,IV,-0.0305029086594208,109.30797208821572
Pontianak City,IV,-0.030360810007951,109.30828292865368
Pontianak City,IV,-0.0337929891135045,109.30957931338376
Pontianak City,IV,-0.0322884290986693,109.30948508857344
Pontianak City,IV,-0.0309994490726212,109.30913333135344
Pontianak City,IV,-0.0299858012128706,109.30453850084928
Pontianak City,IV,-0.0323754302790754,109.30446548069774
Pontianak City,IV,-0.0306505901791323,109.3038858099341
Pontianak City,IV,-0.0285087033063642,109.3028291881055
Pontianak City,IV,-0.0325218705266502,109.30401727539584
Pontianak City,IV,-0.0303866904080276,109.3033024216526
Pontianak City,IV,-0.0332338641800605,109.30349101775718
Pontianak City,IV,-0.0318309516499827,109.30283398241912
Pontianak City,IV,-0.0332771762995369,109.3032848617605
Pontianak City,IV,-0.0318733306339254,109.30235848645162
Pontianak City,IV,-0.0283930304532691,109.30023928901724
Pontianak City,IV,-0.0328217368078141,109.30194163846237
Pontianak City,IV,-0.0340864863145301,109.30224839962136
Pontianak City,IV,-0.0294304688681182,109.29966202347596
Pontianak City,IV,-0.0343342745209369,109.30190826060404
Pontianak City,IV,-0.0302370742899651,109.29942661591274
Pontianak City,IV,-0.0300394315609786,109.29891138567577
Pontianak City,IV,-0.0334590979931173,109.30103765943352
Pontianak City,IV,-0.0338262289753571,109.3010071715818
Pontianak City,IV,-0.033557170367192,109.3002488850836
Pontianak City,IV,-0.0315042832211209,109.29803552924932
Pontianak City,IV,-0.0338045276321154,109.2994689589173
Pontianak City,IV,-0.03480559369052,109.3001992579799
Pontianak City,IV,-0.0351150225319344,109.29995907082038
Pontianak City,IV,-0.0343980925639339,109.298883121884
Pontianak City,IV,-0.0311429607234713,109.2964631729332
Pontianak City,IV,-0.0317979499034478,109.29656452189418
Pontianak City,IV,-0.0329525289534095,109.29689317048388
Pontianak City,IV,-0.0334536831667724,109.29558197978196
Pontianak City,IV,-0.0391075942365073,109.29636392444944
Pontianak City,IV,-0.0380401766971993,109.29513486490968
Pontianak City,IV,-0.0392935055629329,109.2961369684769
Pontianak City,IV,-0.039499729577389,109.29585152802652
Pontianak City,IV,-0.0368908693908851,109.29350083499166
Pontianak City,IV,-0.0392832609770679,109.29523617106452
Pontianak City,IV,-0.0382702054639104,109.2938879560636
Pontianak City,IV,-0.0394332109795832,109.29320366338015
Pontianak City,IV,-0.0375276888358462,109.2913925792272
Pontianak City,IV,-0.0414587888197853,109.29387590606594
Pontianak City,IV,-0.0395167329094308,109.28734576277276
Pontianak City,IV,-0.0395589245361335,109.28700815771144
Pontianak City,IV,-0.0439003310704239,109.29073755637204
Pontianak City,IV,-0.0417250927682934,109.2884306698756
Pontianak City,IV,-0.0416510683449666,109.28710405628424
Pontianak City,IV,-0.0442497363681821,109.28891599007808
Pontianak City,IV,-0.041878372915437,109.28604604560776
Pontianak City,IV,-0.0441891262321534,109.28796075077956
Pontianak City,IV,-0.0284188858657632,109.30322004563428
Pontianak City,IV,-0.0282979333319337,109.30276738344904
Pontianak City,IV,-0.028860508376165,109.3026327104034
Pontianak City,IV,-0.0281603276480209,109.3017618633016
Pontianak City,IV,-0.0291410065365345,109.30172127613444
Pontianak City,IV,-0.0306878697225424,109.30207901872848
Pontianak City,IV,-0.0294133254949944,109.29997859577186
Pontianak City,IV,-0.0504111930493449,109.31372978529988
Pontianak City,IV,-0.0509751245640931,109.31309243768808
Pontianak City,IV,-0.0488244759818176,109.31377951146992
Pontianak City,IV,-0.0486531059215941,109.3130535980192
Pontianak City,IV,-0.0493642433273192,109.3130454137722
Pontianak City,IV,-0.0493263350134768,109.3122481834208
Pontianak City,IV,-0.052088325076297,109.31437541507196
Pontianak City,IV,-0.0515726836450044,109.30845619497607
Pontianak City,IV,-0.0529125897622369,109.30848808672756
Pontianak City,IV,-0.0526061914835476,109.3074702447223
Pontianak City,IV,-0.0539084606560742,109.30964860220026
Pontianak City,IV,-0.0542465325593579,109.3097808375506
Pontianak City,IV,-0.0552468315886436,109.30905796756352
Pontianak City,IV,-0.0550947044384992,109.30909138646766
Pontianak City,IV,-0.0549303658506935,109.309392415405
Pontianak City,IV,-0.0548719998890234,109.30756710347684
Pontianak City,IV,-0.0611313629645722,109.3043488965621
Pontianak City,IV,-0.0410536560705208,109.28715307734328
Pontianak City,IV,-0.0408167196972671,109.28653662159915
Pontianak West,IV,-0.0182424555664893,109.32556953124406
Pontianak West,IV,-0.0185572175269947,109.3252813350701
Pontianak West,IV,-0.0151250876395325,109.32422244669831
Pontianak West,IV,-0.0300138562700368,109.2787018403299
Pontianak West,IV,-0.0342696465661655,109.2806708050647
Pontianak West,IV,-0.0327373694268777,109.27896662000217
Pontianak West,IV,-0.0337747105072882,109.27954931664412
Pontianak West,IV,-0.0283067494805912,109.28073885920324
Pontianak West,IV,-0.0097296149732208,109.31413095051803
Pontianak West,IV,-0.0108450476294243,109.31401091911096
Pontianak West,IV,-0.0116092456977094,109.31425798701456
Pontianak West,IV,-0.0101221468158781,109.31517094658292
Pontianak West,IV,-0.0110032380178487,109.31515742063478
Pontianak West,IV,-0.0092583462787351,109.31621274500608
Pontianak West,IV,-0.0093282083200989,109.31664674947214
Pontianak West,IV,-0.012123748338879,109.31523407982472
Pontianak West,IV,-0.0117655989257166,109.31565861221932
Pontianak West,IV,-0.0089992002527842,109.31740356142072
Pontianak West,IV,-0.0125254802172789,109.31554887653576
Pontianak West,IV,-0.0116133880244812,109.31651397062076
Pontianak West,IV,-0.0098627286356263,109.31765494961078
Pontianak West,IV,-0.0105267476660601,109.31775255146783
Pontianak West,IV,-0.0148008397642032,109.31678665692438
Pontianak West,IV,-0.0152333001043837,109.31797034104936
Pontianak West,IV,-0.0114216559609,109.32057819148496
Pontianak West,IV,-0.0151269104954687,109.31855153121828
Pontianak West,IV,-0.0115824507895901,109.32094059061632
Pontianak West,IV,-0.0152719285724446,109.31886243385316
Pontianak West,IV,-0.0143442572335816,109.32009398153966
Pontianak West,IV,-0.0154733265227399,109.31857200660733
Pontianak West,IV,-0.0154385928013493,109.3201108238595
Pontianak West,IV,-0.0158992027306206,109.3201032018826
Pontianak West,IV,-0.0159382061847808,109.32047860384736
Pontianak West,IV,-0.0164158609068887,109.32049370929384
Pontianak West,IV,-0.0134388296384709,109.323215156604
Pontianak West,IV,-0.0162048755478142,109.32093424950432
Pontianak West,IV,-0.008938045853661,109.31357488830264
Pontianak West,IV,-0.010991189540601,109.3123634563398
Pontianak West,IV,-0.0090302564353187,109.31318517538482
Pontianak West,IV,-0.0093946882257319,109.31259392362176
Pontianak West,IV,-0.0106261754807244,109.31149831594962
Pontianak West,IV,-0.0089224744620042,109.31173529339912
Pontianak West,IV,-0.0104265125931709,109.31093517220526
Pontianak West,IV,-0.0157407237023551,109.3106528237934
Pontianak West,IV,-0.0157919444164874,109.31270677529768
Pontianak West,IV,-0.0150213637234174,109.3107656163102
Pontianak West,IV,-0.014326648800948,109.31028315967129
Pontianak West,IV,-0.0134466227306983,109.30940839819068
Pontianak West,IV,-0.0160492965734795,109.31465144082252
Pontianak West,IV,-0.0130830737108194,109.31028125344125
Pontianak West,IV,-0.014283593019205,109.31304050765496
Pontianak West,IV,-0.0129027118997106,109.31075379797493
Pontianak West,IV,-0.0128229885537094,109.31103367251006
Pontianak West,IV,-0.0140094156424418,109.31370734531532
Pontianak West,IV,-0.012090317138508,109.30957387643502
Pontianak West,IV,-0.0134315426305957,109.31338880315973
Pontianak West,IV,-0.0149412557396056,109.3153250956418
Pontianak West,IV,-0.012693380067187,109.31218940375352
Pontianak West,IV,-0.0124296061632389,109.31202324483876
Pontianak West,IV,-0.0142344096186739,109.31518440809312
Pontianak West,IV,-0.0120899800512367,109.31173708161252
Pontianak West,IV,-0.0124300404983104,109.31301518810156
Pontianak West,IV,-0.0118059166210751,109.31167668946956
Pontianak West,IV,-0.0118883649737606,109.31357479170458
Pontianak West,IV,-0.0115168875909844,109.31265001633707
Pontianak West,IV,-0.0111013884146954,109.31252608794
Pontianak West,IV,-0.0106791345874992,109.3123326370038
Pontianak West,IV,-0.0178757165929446,109.30846847751852
Pontianak West,IV,-0.0174995101641464,109.30754717240558
Pontianak West,IV,-0.0088582499219949,109.31209690273832
Pontianak West,IV,-0.0078541059432839,109.31270550113928
Pontianak West,IV,-0.0088590154569275,109.31243680316132
Pontianak West,IV,-0.0099836701065197,109.31079182546102
Pontianak West,IV,-0.0078966037129035,109.31132641944116
Pontianak West,IV,-0.0091297854640241,109.31047036019363
Pontianak West,IV,-0.0034409677619288,109.31045276954583
Pontianak West,IV,-0.0040378908275494,109.31055644154898
Pontianak West,IV,-0.0020717758608024,109.3064559933258
Pontianak West,IV,-0.0022587822530573,109.30602086612856
Pontianak West,IV,-0.0057323301570267,109.30327950382676
Pontianak West,IV,-0.0058005625806672,109.30255532249852
Pontianak West,IV,-0.0053045800941225,109.30398258558095
Pontianak West,IV,-0.0056655913112798,109.30422536869608
Pontianak West,IV,-0.0057698407974663,109.3044784264702
Pontianak West,IV,-0.0080838731670168,109.30322798544708
Pontianak West,IV,-0.0108347032779174,109.30090702496624
Pontianak West,IV,-0.0101803763584945,109.29964749412076
Pontianak West,IV,-0.0104681214633401,109.29937882705428
Pontianak West,IV,-0.0077392592813397,109.30398680755616
Pontianak West,IV,-0.008236432071238,109.30421089608332
Pontianak West,IV,-0.00831843434945,109.30452558589346
Pontianak West,IV,-0.0086950778743847,109.30485081889584
Pontianak West,IV,-0.0060543981869168,109.30195431879643
Pontianak West,IV,-0.0060320629104774,109.30171878984343
Pontianak West,IV,-0.007722729936879,109.30146323444988
Pontianak West,IV,-0.0080851157494148,109.30078346694764
Pontianak West,IV,-0.0078435727648918,109.300354386968
Pontianak West,IV,-0.0079523121841825,109.30003890422562
Pontianak West,IV,-0.003171605456159,109.29846502620532
Pontianak West,IV,-0.003304631316541,109.29813365518145
Pontianak West,IV,-0.0025874030936409,109.29785156674974
Pontianak West,IV,-0.0027208019188669,109.29740769917402
Pontianak West,IV,-0.0041309124841232,109.2971448344698
Pontianak West,IV,-0.0087932054647715,109.29903525786963
Pontianak West,IV,-0.0108274845283079,109.29938306952494
Pontianak West,IV,-0.0154735557348963,109.29417571248068
Pontianak West,IV,-0.0170091764857136,109.29325257695965
Pontianak West,IV,-0.0147119648675601,109.29214701470411
Pontianak West,IV,-0.0171651191554583,109.2919462011658
Pontianak West,IV,-0.0183354493254001,109.29180353365751
Pontianak West,IV,-0.0197992994250183,109.29155095254592
Pontianak West,IV,-0.0212266870300511,109.29200125543514
Pontianak West,IV,-0.0197190934121603,109.29100056740424
Pontianak West,IV,-0.0199927486949439,109.29022396105076
Pontianak West,IV,-0.0184275667313218,109.28930575454127
Pontianak West,IV,-0.0188562377126385,109.28879969081386
Pontianak West,IV,-0.0166837902292805,109.28773202730902
Pontianak West,IV,-0.0213737825290893,109.28621127446652
Pontianak West,IV,-0.0221223565451085,109.28642540346276
Pontianak West,IV,-0.0242477054807403,109.28793150790229
Pontianak West,IV,-0.0178316596143548,109.28550051880718
Pontianak West,IV,-0.0229096615076146,109.2867449282387
Pontianak West,IV,-0.0245210976085388,109.28787834030504
Pontianak West,IV,-0.0011158696664013,109.28971539507393
Pontianak West,IV,-0.0012337690514073,109.28994964464952
Pontianak West,IV,-0.0017318574168315,109.29060377732576
Pontianak West,IV,-0.0025420436235725,109.29092894021096
Pontianak West,IV,-0.0031181912167165,109.29130730899024
Pontianak West,IV,-0.0016827256996651,109.29169045676512
Pontianak West,IV,-0.0019879603881616,109.29203950170744
Pontianak West,IV,-0.0018412549796895,109.28836765060058
Pontianak Southeast,IV,-0.0627734629686325,109.33850121298572
Pontianak Southeast,IV,-0.0643642405596887,109.33717567594616
Pontianak Southeast,IV,-0.0656887149867651,109.33801775987814
Pontianak Southeast,IV,-0.0647553630524995,109.3403219996216
Pontianak Southeast,IV,-0.0648422063396245,109.3383953633836
Pontianak Southeast,IV,-0.0663306628857366,109.33964536267152
Pontianak Southeast,IV,-0.0679254325151168,109.34128976033612
Pontianak Southeast,IV,-0.0498755839819619,109.35212153995292
Pontianak Southeast,IV,-0.0502983972131432,109.3510541402527
Pontianak Southeast,IV,-0.0496607578920479,109.35176455520548
Pontianak Southeast,IV,-0.049141369268566,109.35176728032408
Pontianak Southeast,IV,-0.0511729555527192,109.35361974369614
Pontianak Southeast,IV,-0.0508464938804199,109.35522039016826
Pontianak Southeast,IV,-0.0524905253081671,109.35396602010069
Pontianak Southeast,IV,-0.0549716882190668,109.35572119637304
Pontianak Southeast,IV,-0.0735585926320854,109.34388694140596
Pontianak Southeast,IV,-0.07383260509518,109.3436234852889
Pontianak Southeast,IV,-0.078161335921535,109.33963067831864
Pontianak Southeast,IV,-0.0825309192333408,109.33678905717674
Pontianak Southeast,IV,-0.0752424313210741,109.34554318611252
Pontianak Southeast,IV,-0.074176113812632,109.34633132044974
Pontianak Southeast,IV,-0.0713599378139391,109.34821854219918
Pontianak Southeast,IV,-0.06757073543698,109.3493389866322
Pontianak Southeast,IV,-0.055105289850581,109.3602312461811
Pontianak Southeast,IV,-0.0649061774767764,109.36128324073916
Pontianak Southeast,IV,-0.0649242809853789,109.36176687492924
Pontianak Southeast,IV,-0.0743362672877503,109.346757845812
Pontianak Southeast,IV,-0.0800924480428703,109.35035840362389
Pontianak Southeast,IV,-0.0780641643899063,109.35234414646044
Pontianak Southeast,IV,-0.0778680173283742,109.35144237613042
Pontianak Southeast,IV,-0.0458115720052388,109.35654043227036
Pontianak Southeast,IV,-0.0459189257655916,109.35733085383276
Pontianak Southeast,IV,-0.0461760165817235,109.35755108445368
Pontianak Southeast,IV,-0.0473607158818081,109.35896558798862
Pontianak East,V,-0.0258336062431712,109.35220149750369
Pontianak East,V,-0.0279202576692966,109.35480609437728
Pontianak East,V,-0.0269731810254435,109.3558916620048
Pontianak East,V,-0.0283085329872646,109.35506912306283
Pontianak East,V,-0.027921852004389,109.3558055909768
Pontianak East,V,-0.0271974594478241,109.35566831319106
Pontianak East,V,-0.0276414521054753,109.3559127796454
Pontianak East,V,-0.0270064456856739,109.35622333662484
Pontianak East,V,-0.0279639986782769,109.35650392031292
Pontianak East,V,-0.0270031682324806,109.35655038256448
Pontianak East,V,-0.0283118645459803,109.35681624993852
Pontianak East,V,-0.0271437886792934,109.35686391467404
Pontianak East,V,-0.0271063672970499,109.3570373392982
Pontianak East,V,-0.028299266199936,109.35767251604734
Pontianak East,V,-0.0263797635339624,109.3575729026522
Pontianak East,V,-0.0268415244649819,109.35810420351862
Pontianak East,V,-0.0260182834506422,109.3698934665254
Pontianak East,V,-0.0274113279169459,109.36916217898832
Pontianak East,V,-0.027440516366274,109.37410362369128
Pontianak East,V,-0.0309891493577948,109.37487937086604
Pontianak East,V,-0.0273077826678793,109.36903116197917
Pontianak East,V,-0.0288703062581884,109.36928181387565
Pontianak East,V,-0.0282500477974897,109.37014963770058
Pontianak East,V,-0.0297589904950007,109.36952245210146
Pontianak East,V,-0.02998312866824,109.3697283846607
Pontianak East,V,-0.02987021520547,109.37156147411596
Pontianak East,V,-0.0299651497832734,109.36544312968736
Pontianak East,V,-0.0296452803994884,109.3651756630308
Pontianak East,V,-0.0294085306322022,109.36499641631772
Pontianak East,V,-0.0289358930168929,109.36465097283327
Pontianak East,V,-0.0331857975833176,109.36376611182102
Pontianak East,V,-0.0293707202782226,109.36922195205403
Pontianak East,V,-0.0310014799994777,109.36765615435256
Pontianak East,V,-0.0339149094798567,109.36321242113416
Pontianak East,V,-0.0300108174054533,109.36959542953215
Pontianak East,V,-0.0324594014162682,109.3673722133982
Pontianak East,V,-0.0349705877338409,109.36355411488309
Pontianak East,V,-0.0325011301324221,109.36791271521332
Pontianak East,V,-0.0337219085643534,109.36666394626847
Pontianak East,V,-0.0341633593915813,109.36696064925238
Pontianak East,V,-0.0319744190537703,109.37054708341518
Pontianak East,V,-0.0358338304165396,109.36739079113724
Pontianak East,V,-0.0366899815909885,109.3681952524588
Pontianak East,V,-0.0379327797861975,109.36662744620072
Pontianak East,V,-0.0365174197844957,109.36958205759866
Pontianak East,V,-0.0301728069600072,109.36543308439308
Pontianak East,V,-0.0328741619857908,109.36131467475688
Pontianak East,V,-0.033315601093578,109.3605840089169
Pontianak East,V,-0.0346985923781309,109.36250512555692
Pontianak East,V,-0.0372733902179444,109.35855852550638
Pontianak East,V,-0.0352077479644309,109.36274138244003
Pontianak East,V,-0.0376589207117772,109.35887109753328
Pontianak East,V,-0.0357017983742702,109.36344574121122
Pontianak East,V,-0.0383454736540355,109.35944864174908
Pontianak East,V,-0.0371202040847402,109.36493799979478
Pontianak East,V,-0.0397428171566023,109.36088484269864
Pontianak East,V,-0.0360764565233365,109.36692854045272
Pontianak East,V,-0.0384178366150348,109.36417827549025
Pontianak East,V,-0.0391206004590976,109.36397443841568
Pontianak East,V,-0.0373873496086277,109.36659328488405
Pontianak East,V,-0.038625374052307,109.36610954990437
Pontianak East,V,-0.0329559967842246,109.35346153094628
Pontianak East,V,-0.0331382229685892,109.35145984898888
Pontianak East,V,-0.0346228121793616,109.3512898037235
Pontianak East,V,-0.0344554643062836,109.35249874439428
Pontianak East,V,-0.0349832552101318,109.35273581798243
Pontianak East,V,-0.032572884941749,109.34993186064916
Pontianak East,V,-0.031700783070389,109.35070470111738
Pontianak East,V,-0.0311422724582192,109.35052302354522
Pontianak East,V,-0.0305008259943795,109.34891206509464
Pontianak East,V,-0.0299458954250677,109.34864756684152
Pontianak East,V,-0.02964426460228,109.348542712629
Pontianak East,V,-0.0382744543704715,109.36996109496654
Pontianak East,V,-0.0383587525626264,109.3710465434265
Pontianak East,V,-0.0418685269438339,109.36716605830924
Pontianak East,V,-0.0423826300762678,109.36725643474496
Pontianak East,V,-0.0413639334027055,109.37015968011092
Pontianak East,V,-0.0391244066700413,109.3733874131879
Pontianak East,V,-0.0426947346656021,109.37155894165323
Pontianak East,V,-0.0404251080230601,109.37474709839644
Pontianak East,V,-0.0430185649205908,109.3717452690834
Pontianak East,V,-0.0405519793306611,109.37519935833726
Pontianak East,V,-0.0449665787615942,109.36989241968745
Pontianak East,V,-0.0451123483019145,109.37035664306627
Pontianak East,V,-0.0452378757517935,109.37352702959932
Pontianak East,V,-0.0427203444909431,109.37716054633144
Pontianak East,V,-0.0456222060451118,109.37353999363256
Pontianak East,V,-0.0431795070516965,109.37713539064052
Pontianak East,V,-0.0458179292136387,109.37384812610313
Pontianak East,V,-0.0434278372827106,109.37731623103264
Pontianak East,V,-0.0492433325650629,109.37754281973118
Pontianak East,V,-0.0507897445986001,109.37736796640942
Pontianak East,V,-0.047897932475685,109.38096383567375
Pontianak East,V,-0.0510869282518718,109.3774099076807
Pontianak East,V,-0.0481071080004595,109.3811290036641
Pontianak East,V,-0.0513133669048674,109.37756304078113
Pontianak East,V,-0.0482932837211669,109.3812848542631
Pontianak East,V,-0.053338605292776,109.38136658608956
Pontianak East,V,-0.0538837517515608,109.3817230582038
Pontianak East,V,-0.0386405766093498,109.36908593811378
Pontianak East,V,-0.0372322654966051,109.37199521586768
Pontianak East,V,-0.0398926131401592,109.36829377611431
Pontianak East,V,-0.0440715632792371,109.37783340712666
Pontianak East,V,-0.0465918542392572,109.37446621538136
Pontianak East,V,-0.0442025527737596,109.37821100647665
Pontianak East,V,-0.0468701234346932,109.37465217683965
Pontianak East,V,-0.0602436340922793,109.3745542435251
Pontianak East,V,-0.0598849087525446,109.37426177240911
Pontianak East,V,-0.0552097918961545,109.37103927728018
Pontianak East,V,-0.0523712211733636,109.36946130127828
Pontianak South,V,-0.0353191405642702,109.33626237641244
Pontianak South,V,-0.0345575825202583,109.3369958804794
Pontianak South,V,-0.0402683238409746,109.34185730388282
Pontianak South,V,-0.0416398523656044,109.34285913313164
Pontianak South,V,-0.0545464542402756,109.32634425151824
Pontianak South,V,-0.0513471173095229,109.3256777678403
Pontianak South,V,-0.055728588903884,109.3222115455441
Pontianak South,V,-0.0544771610088276,109.3222616595147
Pontianak South,V,-0.0550275627434545,109.32133474971631
Pontianak South,V,-0.0542959230671394,109.32059487398548
Pontianak South,V,-0.052529260726921,109.32121985451762
Pontianak South,V,-0.0534397769644539,109.32034368808463
Pontianak South,V,-0.0573312344912308,109.32251881556866
Pontianak South,V,-0.0570379514708184,109.32235160669669
Pontianak South,V,-0.0550160418765277,109.32349999686323
Pontianak South,V,-0.0569493422226008,109.3203307366934
Pontianak South,V,-0.0588050214937089,109.31892465934908
Pontianak South,V,-0.0575756758682518,109.31859296672944
Pontianak South,V,-0.0586234888274225,109.3177617228709
Pontianak South,V,-0.055515158116706,109.31917030804492
Pontianak South,V,-0.0570236988530701,109.31795615884272
Pontianak South,V,-0.0548475324962276,109.31892832963334
Pontianak South,V,-0.0622956148613067,109.32324147055874
Pontianak South,V,-0.0647631734488018,109.32500965693272
Pontianak South,V,-0.0654777257640036,109.32488116203744
Pontianak South,V,-0.0626787313120752,109.32484973743036
Pontianak South,V,-0.0630098058659547,109.32734888134505
Pontianak South,V,-0.0650905612490967,109.32547892008436
Pontianak South,V,-0.0698616950565309,109.32189838605731
Pontianak South,V,-0.0630445765289918,109.31529991856968
Pontianak South,V,-0.060375537531899,109.31739078442396
Pontianak South,V,-0.0611417434928148,109.31614731499155
Pontianak South,V,-0.0622834059913454,109.31439905495633
Pontianak South,V,-0.0605151933333847,109.31504201254026
Pontianak South,V,-0.0610755777053523,109.31185567843484
Pontianak South,V,-0.0615618343746272,109.3110318564038
Pontianak South,V,-0.0597695788319824,109.31118146914685
Pontianak South,V,-0.0601400039611673,109.30978331441383
Pontianak South,V,-0.058964567470059,109.3098418812537
Pontianak South,V,-0.0650266525261194,109.31595213798744
Pontianak South,V,-0.0678963529976747,109.31318667142052
Pontianak South,V,-0.0629196539020548,109.3160537915394
Pontianak South,V,-0.0674225251401039,109.3128985284903
Pontianak South,V,-0.065752092767307,109.3132818544878
Pontianak South,V,-0.0621908163335731,109.31531701971858
Pontianak South,V,-0.0648278592603182,109.31268760861283
Pontianak South,V,-0.0647627879432978,109.31218206307732
Pontianak South,V,-0.0656944619623157,109.31052595098694
Pontianak South,V,-0.0619091108805992,109.31391767928775
Pontianak South,V,-0.0643784227974614,109.31128038374406
Pontianak South,V,-0.0628753847251389,109.31242111209576
Pontianak South,V,-0.063799306560847,109.31110846848158
Pontianak South,V,-0.0632387252823039,109.31059235793045
Pontianak South,V,-0.0659106246933875,109.30815577835746
Pontianak South,V,-0.0636595313169253,109.30912135949188
Pontianak South,V,-0.0619368132732696,109.30667356809042
Pontianak South,V,-0.073901155123515,109.31517392269534
Pontianak South,V,-0.0478700080073868,109.32894842253395
Pontianak South,V,-0.0500304821013424,109.32476618332926
Pontianak South,V,-0.0433801345008649,109.33532201320324
Pontianak South,V,-0.0414179521326585,109.32775373180895
Pontianak South,V,-0.0408072574252999,109.329231074607
Pontianak South,V,-0.0586369935299514,109.31723122892578
Pontianak South,V,-0.0589708140701026,109.31492739499924
Pontianak South,V,-0.0589594895571108,109.3156405233112
Pontianak South,V,-0.0598270145697131,109.31723677208444
Pontianak South,V,-0.0615798903494329,109.3135234351742
Pontianak South,V,-0.0518386550237866,109.32152678070824
Pontianak South,V,-0.0500503350331328,109.32287695454484
Pontianak South,V,-0.0499752470379311,109.32359453696228
Pontianak South,V,-0.0488491689805933,109.3251925656548
Pontianak South,V,-0.0517012076376959,109.3233116913766
Pontianak South,V,-0.0516296611356428,109.32418712633137
Pontianak South,V,-0.0523578562272062,109.32374752733222
Pontianak South,V,-0.0529972343080437,109.32387042401795
Pontianak South,V,-0.0489702865818902,109.32398856466033
Pontianak South,V,-0.048437278345632,109.32406891229752
Pontianak City,V,-0.027705976448869,109.33519704575916
Pontianak City,V,-0.0238377029264059,109.33232902049905
Pontianak City,V,-0.0260374079882874,109.33350054236482
Pontianak City,V,-0.0242742858526349,109.33132661232696
Pontianak City,V,-0.0232474650569022,109.33003898662176
Pontianak City,V,-0.0315998507463919,109.3357806360326
Pontianak City,V,-0.0320588805489737,109.33556938091346
Pontianak City,V,-0.0319638653903034,109.33494227208162
Pontianak City,V,-0.0209070079421604,109.33268423777864
Pontianak City,V,-0.021030965364896,109.33090515028591
Pontianak City,V,-0.0295830575499901,109.3118876395778
Pontianak City,V,-0.0304289398762724,109.31103796713344
Pontianak City,V,-0.0313164258159921,109.31063783149456
Pontianak City,V,-0.0306862421202347,109.3102012587316
Pontianak City,V,-0.0287003474780647,109.31190490440753
Pontianak City,V,-0.0299978887038198,109.31854479521748
Pontianak City,V,-0.0297217749862451,109.317599860983
Pontianak City,V,-0.0344201448794254,109.31231901388512
Pontianak City,V,-0.0441758585871024,109.31935760089269
Pontianak West,V,-0.0127993638440674,109.31852138203048
Pontianak West,V,-0.0117400706657259,109.31705365499172
Pontianak West,V,-0.0132725608109209,109.31826383547292
Pontianak West,V,-0.0125975808464334,109.31726771102552
Pontianak West,V,-0.0132517696474958,109.31713565633156
Pontianak West,V,-0.0139849136910365,109.31822023368404
Pontianak West,V,-0.0134963620501026,109.316394202244
Pontianak West,V,-0.0145484395354876,109.31787604187568
Pontianak West,V,-0.0140957257384157,109.31630311821873
Pontianak West,V,-0.0151837483714355,109.3175980233435
Pontianak West,V,-0.0171984543391708,109.318213315581
Pontianak West,V,-0.009562810849565,109.31170055831596
Pontianak West,V,-0.0091811432614116,109.31233018341376
Pontianak West,V,-0.0104420863564147,109.31134511112442
Pontianak West,V,-0.0107106710094913,109.31116487400632
Pontianak West,V,-0.0111266411864006,109.3119451462991
Pontianak West,V,-0.0110550426577627,109.31163657564623
Pontianak West,V,-0.0082661103019166,109.31305824950616
Pontianak West,V,-0.0098334846419055,109.31073828327288
Pontianak West,V,-0.0099950795525476,109.31035069857508
Pontianak West,V,-0.0081206372376879,109.3107414565782
Pontianak West,V,-0.0056167319608118,109.3027587920974
Pontianak West,V,-0.005873614628087,109.30312830340962
Pontianak West,V,-0.0079885064765098,109.30272908237774
Pontianak West,V,-0.0077377429127872,109.30263656924238
Pontianak West,V,-0.0075005225315343,109.3027006200391
Pontianak West,V,-0.0091089204248122,109.30089740264604
Pontianak West,V,-0.0093716675870852,109.3009852945526
Pontianak West,V,-0.0095548523179742,109.30125671061523
Pontianak West,V,-0.0098073226220063,109.30133622703956
Pontianak West,V,-0.0100282923871279,109.30137812900156
Pontianak West,V,-0.0103065658832082,109.30141047443269
Pontianak West,V,-0.009197438279384,109.30035037180237
Pontianak West,V,-0.00950260458883,109.30026709066256
Pontianak West,V,-0.0097381171357899,109.30034358681075
Pontianak West,V,-0.0100457150622132,109.30000024083296
Pontianak West,V,-0.0102194523751142,109.30039318144856
Pontianak West,V,-0.0078247961975999,109.30459875360354
Pontianak West,V,-0.0075473072203942,109.304271941348
Pontianak West,V,-0.0083877563976523,109.29939316019583
Pontianak West,V,-0.008494256365161,109.30032705838371
Pontianak West,V,-0.0107993783419823,109.2990374564244
Pontianak West,V,-0.0104425608032678,109.300651522056
Pontianak West,V,-0.0133384953240189,109.2889377274046
Pontianak West,V,-0.0116373046594517,109.28756705409498
Pontianak West,V,-0.0210313634128792,109.28342508323068
Pontianak West,V,-0.0224813074483308,109.28454239843494
Pontianak West,V,-0.025509733581847,109.2891450797816
Pontianak West,V,-0.0266669362692535,109.28783224490552
Pontianak Southeast,V,-0.0684437639810375,109.34231586907832
Pontianak Southeast,V,-0.0690159609396822,109.34097200291212
Pontianak Southeast,V,-0.0520786383456778,109.35450946874832
Pontianak Southeast,V,-0.0528832230562154,109.35391492548464
Pontianak Southeast,V,-0.072386432328933,109.34334404976627
Pontianak Southeast,V,-0.072053813806589,109.34363940975354
Pontianak Southeast,V,-0.0722394727437491,109.34432720247212
Pontianak Southeast,V,-0.0730940301758084,109.34565090505814
Pontianak Southeast,V,-0.0701697372640783,109.34323911941932
Pontianak Southeast,V,-0.072068476376844,109.34527612466866
Pontianak Southeast,V,-0.0749329435480908,109.3438339223404
Pontianak Southeast,V,-0.0759114681405481,109.34503199344822
Pontianak Southeast,V,-0.0764886112160999,109.34014840157369
Pontianak Southeast,V,-0.0745479559327552,109.34567768602932
Pontianak Southeast,V,-0.0751283795574776,109.34712181330902
Pontianak Southeast,V,-0.0738747979541187,109.34536557134886
Pontianak Southeast,V,-0.0730194692584518,109.3448524123895
Pontianak Southeast,V,-0.0733887947624187,109.34607230962244
Pontianak Southeast,V,-0.0727200653773576,109.34544183224908
Pontianak Southeast,V,-0.072915410705123,109.34642263990754
Pontianak Southeast,V,-0.071630636793054,109.34638422209532
Pontianak Southeast,V,-0.0708572663670019,109.34607094073483
Pontianak Southeast,V,-0.0704607818165306,109.34618612787992
Pontianak Southeast,V,-0.071157381028482,109.34757953511676
Pontianak Southeast,V,-0.0707253864222032,109.34753085477216
Pontianak Southeast,V,-0.0705583562316924,109.34796457805648
Pontianak Southeast,V,-0.0699090468943447,109.34762269888844
Pontianak Southeast,V,-0.0690925397182912,109.34739319963488
Pontianak Southeast,V,-0.0697394207421128,109.34867832802804
Pontianak Southeast,V,-0.068797789073426,109.34802988274092
Pontianak Southeast,V,-0.0700485629807933,109.3506015314137
Pontianak Southeast,V,-0.0675916999507875,109.34858086983276
Pontianak East,VI,-0.0287232261119166,109.37116153907051
Pontianak East,VI,-0.0293558946971867,109.3717180962674
Pontianak East,VI,-0.0300657847390714,109.37255772829518
Pontianak East,VI,-0.0295190836880061,109.37286883387983
Pontianak East,VI,-0.0310208321028461,109.3733025373336
Pontianak East,VI,-0.0308086242635987,109.37428400316315
Pontianak East,VI,-0.0301657692267948,109.37104919603438
Pontianak East,VI,-0.0308145349728703,109.37106372397196
Pontianak East,VI,-0.0315521701051379,109.37254260236664
Pontianak East,VI,-0.0309348714645292,109.37172256551464
Pontianak East,VI,-0.0316602190988674,109.37212430051864
Pontianak East,VI,-0.0314837660160456,109.36950339799068
Pontianak East,VI,-0.0340160430717204,109.3700456460328
Pontianak East,VI,-0.0299832974078105,109.37024579248737
Pontianak East,VI,-0.0291225619323985,109.36435277865694
Pontianak East,VI,-0.0309821798011968,109.36564556555528
Pontianak South,VI,-0.0570163791528077,109.32052042057492
Pontianak South,VI,-0.0581959738272795,109.3212215299216
Pontianak South,VI,-0.0588171439238401,109.31990921495476
Pontianak South,VI,-0.0570260006323375,109.31964679175442
Pontianak South,VI,-0.0569286992404932,109.31863217431372
Pontianak South,VI,-0.0593036038192236,109.31830395518568
Pontianak South,VI,-0.0571374283188093,109.31835772937482
Pontianak South,VI,-0.0644195278973863,109.33097695895096
Pontianak South,VI,-0.065127456693266,109.32791768933072
Pontianak South,VI,-0.0653403081809826,109.32762581732234
Pontianak South,VI,-0.0667947426965175,109.32786711037706
Pontianak South,VI,-0.0669066540754223,109.32479100142884
Pontianak South,VI,-0.0653988050890913,109.3230972363002
Pontianak South,VI,-0.0675306821162093,109.32463540778942
Pontianak South,VI,-0.0688832170633726,109.3252104041727
Pontianak South,VI,-0.0668490067903868,109.32245201803484
Pontianak South,VI,-0.0646010461153543,109.31320860309782
Pontianak South,VI,-0.0647086613071369,109.30976630199474
Pontianak South,VI,-0.0612855832442026,109.31372764997622
Pontianak South,VI,-0.0631197772833681,109.3099034822467
Pontianak South,VI,-0.0635756053280879,109.3097049223401
Pontianak South,VI,-0.0660372735810847,109.30923576702097
Pontianak South,VI,-0.067019719679771,109.31094332301193
Pontianak South,VI,-0.0669561852417206,109.30984098277266
Pontianak South,VI,-0.0666801307046505,109.30859191020149
Pontianak South,VI,-0.0676820496219357,109.30956866532864
Pontianak South,VI,-0.0657012471813177,109.30656340198686
Pontianak South,VI,-0.0678927661352622,109.30917825646908
Pontianak South,VI,-0.0506007924441328,109.32499811692172
Pontianak South,VI,-0.0515576489286818,109.32241218677106
Pontianak City,VI,-0.0251233965543579,109.3332365431311
Pontianak City,VI,-0.0244333695649666,109.332269945815
Pontianak City,VI,-0.0231603274499744,109.3317274632397
Pontianak City,VI,-0.0246512080760908,109.33304475892362
Pontianak City,VI,-0.0328423377273023,109.33511405590816
Pontianak City,VI,-0.0336207459780571,109.31153672228427
Pontianak West,VI,-0.0078597364408917,109.3130969960238
Pontianak West,VI,-0.01044064026592,109.3010869146356
Pontianak West,VI,-0.0084269624994164,109.29970578522428
Pontianak West,VI,-0.0080400649595571,109.2998976561283
Pontianak West,VI,-0.0080125478466902,109.30017495158673
Pontianak West,VI,-0.008015829979548,109.30043786252077
Pontianak West,VI,-0.0085110676007455,109.3008549193544
Pontianak West,VI,-0.0102341225408519,109.29891489289464
Pontianak West,VI,-0.0110387855067874,109.30002376106935
Pontianak West,VI,-0.010994121144591,109.30036741862357
Pontianak West,VI,-0.0109134557440301,109.3006504596814
Pontianak West,VI,-0.012467341623476,109.286389844664
Pontianak West,VI,-0.0254843970341661,109.2851294593763
Pontianak West,VI,-0.0242665530232931,109.28394671269214
Pontianak West,VI,-0.0240127871781467,109.28307611199097
Pontianak West,VI,-0.0258564912202069,109.28769203061226
Pontianak West,VI,-0.0228782007707378,109.28559902415358
Pontianak West,VI,-0.0271522398972134,109.28685139182934
Pontianak West,VI,-0.0268908356972853,109.28434655526505
Pontianak West,VI,-0.0278827573759521,109.28605456646244
Pontianak East,VII,-0.0283682831333929,109.37035235805078
Pontianak East,VII,-0.0287901169526951,109.37046621786936
Pontianak East,VII,-0.0290035674805074,109.3706938524447
Pontianak East,VII,-0.0291811030459808,109.37095455729796
Pontianak East,VII,-0.0297104859333974,109.37118200112351
Pontianak East,VII,-0.0298125166256699,109.37117905427094
Pontianak East,VII,-0.0302501701062491,109.37120732338374
Pontianak East,VII,-0.0305721241860504,109.37118302761948
Pontianak East,VII,-0.0324721230564511,109.37116583373285
Pontianak East,VII,-0.0316146765003991,109.37180330389997
Pontianak East,VII,-0.0311726073730612,109.3718737057932
Pontianak East,VII,-0.0319136678326233,109.36921548886951
Pontianak East,VII,-0.0321652260529461,109.36937801153012
Pontianak East,VII,-0.0308008688161621,109.36903356391308
Pontianak East,VII,-0.0335229667362551,109.36854723263852
Pontianak East,VII,-0.0324736714329864,109.3700794738007
Pontianak East,VII,-0.0323848531403951,109.37046138130697
Pontianak East,VII,-0.0325817227497294,109.3700520868915
Pontianak East,VII,-0.0339810153489132,109.3689835272861
Pontianak East,VII,-0.0343577351397452,109.36932467279306
Pontianak East,VII,-0.0328355471949546,109.37088841527954
Pontianak East,VII,-0.0316826915907206,109.37023181047398
Pontianak East,VII,-0.0312777485969997,109.37059831705942
Pontianak South,VII,-0.0676025924843156,109.310107607255
Pontianak East,VIII,-0.0312543493911654,109.37172172217431
Pontianak East,VIII,-0.0315367279058312,109.371382674692
Pontianak East,VIII,-0.0314482201219388,109.37278604949
Pontianak East,VIII,-0.0319438799883088,109.36910684175888
Pontianak East,VIII,-0.0312380688177331,109.36873181539892
Pontianak East,VIII,-0.0340583708229066,109.36957415382945
Pontianak East,VIII,-0.0336509790059036,109.37045038985008
Pontianak East,VIII,-0.0339913555887898,109.37016838162197
Pontianak East,VIII,-0.0345841344216722,109.36954272839338
Pontianak East,VIII,-0.0325386219530743,109.37020326437816
Pontianak East,VIII,-0.0310408749555689,109.37021064907516
Pontianak East,VIII,-0.0319576468279562,109.3702707795274
Pontianak East,IX,-0.0319731639707874,109.36868487160652
Pontianak East,IX,-0.0341464485139513,109.36912033805754
