0,1,2,3,4,5,6,7,8,9,10,11,12,13,14,15,16,17,18,19,20,21,22,23,24,25,26,27,28,29,30,31,32,33,34,35,36,37,38,39,40,41,42,43,44,45,46,47,48,49,50,51,52,53,54,55,56,57,58,59,60,61,62,63,64,65,66,67,68,69,70,71,72,73,74,75,76,77,78,79,80,81,82,83,84,85,86,87,88,89,90,91,92,93,94,95,96,97,98,99,100,101,102,103,104,105,106,107,108,109,110,111,112,113,114,115,116,117,118,119,120,121,122,123,124
0.0,0.1251719080500758,0.151758742738952,0.2662056138866831,0.34002426999428964,0.3530141969963311,0.16110907796207344,0.4563349556365204,1.010616873028104,0.22720371250386118,1.0398010658164596,1.6879382891228905,1.1849913998300257,1.323297417537411,0.9553979511757659,0.47829859027287813,0.7910894183593109,0.751521785030423,1.4866549888806226,0.49874074583524586,0.4437347179266445,0.5198237361396992,0.5860671119572968,1.3878935790781695,0.6082642256347811,0.6578721047802132,0.7704561292077856,1.663907598204744,0.9675581222841427,0.9021313168514096,0.9130008944832425,1.1564577533856906,0.41061507752330006,1.0430951826207517,1.7127930460649126,1.4515091942634692,1.5066105888243548,1.41113642252525,2.4148696562649,3.7376579278284217,1.5092202051817738,2.6089163710433754,3.614215817144156,1.4634301078087244,1.4981408457124876,3.0280491827003715,3.003094329352912,2.9321816319088327,2.851078426032256,2.816856223746071,2.705737453550137,2.745233670013744,2.703062465486224,2.7246440690582587,2.657346145840708,2.653740679004197,2.648446614553364,2.6095527650950134,2.522221480831537,2.52359682369907,2.532424378875411,2.448844796504058,2.4090667816620943,2.402557020336713,2.370462174431976,2.2580102204712937,2.2321014356644806,2.306103992751173,2.279173221007761,2.2479030407876945,2.1762929729377274,2.2390028799167623,2.164719004013696,2.0820085734005636,2.0901960529444534,2.083253795810414,1.9814243171901205,2.070232013087988,1.9932274258664704,1.9137060451483667,1.9760335243794789,1.8140216688180542,1.9408437158854421,1.8620224072361582,1.7205398318708924,1.6961611069778018,1.67789690614922,1.7977545663469892,1.63331378874578,1.585672778614902,1.7656173907471502,1.5735532411455404,1.4805395656301201,1.4873099281824207,1.6151493416903633,1.30354621855344,1.5884275249671844,1.513876293491477,1.50838131532195,1.5076772064005626,1.264435896523035,1.2273747385613105,1.4062983045767987,1.1534609471332447,1.307684320061961,1.3417884619504996,1.1619599247359127,1.292722494649401,1.3014923319644658,1.1217247839842133,1.266129749229526,1.2582580522466271,1.189398025591045,1.1932625765556248,1.060067530351277,1.2376369787109238,1.0290599956308117,1.1133850117031112,1.1524593790972733,0.8293094479824531,1.2005055958118307,1.085825544844262,3.808675791245504,3.5170894549864804,2.8122187170722466
0.1251719080500758,0.0,0.10922188065496337,0.141063584315553,0.2180097216891882,0.26106151993713644,0.11906925737185599,0.33970632548667806,1.0070217823326881,0.2925021936441722,1.1194091824330923,1.7129468429639385,1.2326249352861933,1.3423866333892711,1.0218676599776135,0.5872938339092356,0.815328397176319,0.7785064660417046,1.4755135528643,0.5534493718149622,0.48676541636502857,0.44658299090755027,0.5164507162056668,1.331495610760171,0.48628877793083675,0.5344947468965964,0.6550019955208604,1.7276364175856167,0.8479628009485672,0.8093348328766928,0.826609721235952,1.1080689741352925,0.38761565019950517,0.9906380126542976,1.6006795390668758,1.3609201120711043,1.450321286556451,1.3549159485206723,2.361318195453456,3.682427149483948,1.4975924658094932,2.581529424173547,3.5770304268634643,1.4923073996949665,1.5310640416272931,2.9390781214139805,2.9140256022803994,2.8520888823573936,2.760623830389607,2.7247007009544686,2.6228300745671227,2.6550430827225227,2.617338031914082,2.6316989561752693,2.568308433122919,2.562466304161939,2.557129493097679,2.5154384604845488,2.4353117719330357,2.432138172382854,2.4374209403859437,2.3526203619544273,2.3224384366492714,2.3058178531348648,2.273193119116543,2.170641815066465,2.1452558925428873,2.209373439231898,2.1816239394389596,2.149787397450264,2.082388076773232,2.139622555010318,2.0679044344182063,1.9885376155195482,1.9874078652806166,1.9805642725955905,1.8851202342449138,1.9670689877389171,1.8916558097491905,1.8182907041118075,1.8706085131472434,1.7171436648272598,1.835163627520448,1.7543967491752446,1.619824019431629,1.5946616140102068,1.575042441842502,1.6869129684657413,1.5305328133281522,1.4844124319015044,1.6536726650965097,1.4698482977216139,1.3730591509436263,1.3771741014627557,1.4975737411449903,1.193205445604676,1.4698037771133645,1.3955808566505246,1.3893622497368723,1.3876657796558816,1.1496764580754288,1.108453732038551,1.283679991319447,1.034894475655013,1.184834814727017,1.2173419768675189,1.039155374650408,1.1680934244946621,1.1765187561204113,0.9974161657579012,1.1409681112062633,1.1331005245658652,1.0643550998399438,1.0682629909268049,0.9348977861106847,1.1131050375645022,0.903912823331579,0.9889246920507091,1.028824297464846,0.7042713039502881,1.0783888868937985,0.9642435274895254,3.7320292272533657,3.430710450303327,2.721188485633736
0.151758742738952,0.10922188065496337,0.0,0.18989653451509228,0.2324366206362639,0.205189625025937,0.010710932316438753,0.3283852050021179,0.8989043286811458,0.20956229338233784,1.1902967720714233,1.8138480498154221,1.3238823821121246,1.4448608966428813,1.102165660943469,0.6274285470846755,0.9153868024686143,0.8775267288621974,1.583993482814266,0.6393371771337398,0.5779208937278005,0.5505287307720647,0.6209558028738954,1.4373712195217347,0.5402528560747092,0.5816483105240985,0.7223092328921087,1.8102509500338275,0.8383084243530036,0.7513028355950717,0.7613280825703462,1.014333640109568,0.28127677538684476,0.898935982542152,1.6686899336862095,1.4517842173533027,1.5561141168758819,1.4608107236597219,2.4672807860171213,3.7876904708176267,1.6061263510694836,2.6907066923168435,3.685525647942362,1.591735323857464,1.629025020690892,3.029371982868082,3.004264268671608,2.9479058327621566,2.849960411285675,2.8127930374767844,2.717177181064203,2.7446357974441233,2.7099719764421493,2.719243118097028,2.6587736460673916,2.6513288764273453,2.645964066897916,2.602138980588096,2.527303159398442,2.5209594428549686,2.5234566030525696,2.4376997291345575,2.4146966030159898,2.3904948712218967,2.357435821239824,2.262543848676712,2.2375220708848973,2.294151117803383,2.265709421075151,2.2333974111177017,2.1696470531983687,2.2220728783967374,2.152760746997956,2.0762443114478892,2.0666366791784947,2.0599065107894963,1.970642867370128,2.0459260170358413,1.9722773239812381,1.9046522587559414,1.947079474944889,1.8024226666076488,1.9113923673998257,1.828388503522446,1.7017493123452172,1.6758601229209704,1.6548889983145552,1.7566576230580384,1.6105514943115566,1.566084107257662,1.7218292019539296,1.549022195765665,1.4480974074981596,1.448680968210549,1.5558311958705302,1.2650388560562198,1.5257373088189805,1.4525056689348497,1.4445681655433404,1.440285235897364,1.214679508611266,1.1649811306540856,1.3280436894035932,1.092650035456016,1.2286187018484371,1.2520269353857951,1.083831268158344,1.2014176530706944,1.2058071858559096,1.0342070741873723,1.1627744424625777,1.1546784629249003,1.082852626446291,1.085943900181391,0.9585459092969975,1.1250697645924845,0.9261905543310801,1.0008430970060271,1.0347908723753532,0.7252461850782396,1.0767156964063156,0.9609063376116113,3.8293382079381417,3.5225393571382346,2.8101274827863048
0.2662056138866831,0.141063584315553,0.18989653451509228,0.0,0.08868179863950079,0.20091864960038613,0.19354071504121073,0.21716115741821718,1.0173240008917377,0.3993883607043386,1.2211855273592502,1.7554599332970333,1.3023389586657772,1.3813080153111077,1.1121548099746124,0.7179806652282041,0.8676533394677974,0.8345255006387269,1.4798622801964538,0.6423982193594749,0.5685575324201191,0.4006793715903008,0.47081290638013124,1.2837190086482801,0.353083236053892,0.39795277819659985,0.5324589042565742,1.8105512780497863,0.7139621363703247,0.7133165599958312,0.7390704141019424,1.0644729522821073,0.40476275621318114,0.9438934518245072,1.4790190783378208,1.2691999562524647,1.401663619507249,1.3071436865559403,2.311607233044467,3.6282731339080816,1.5012034540431716,2.5618651256944776,3.5440849360565085,1.540403045317948,1.5831645856467527,2.8452521515096683,2.820109382410907,2.76928041838078,2.6651864583499596,2.6271949309993468,2.5369355152245774,2.5600798377881024,2.5279743518176256,2.533332497405321,2.474911402049646,2.466288586122694,2.4609064613055676,2.415771727024261,2.3447923953594505,2.335937949426249,2.3367515838390682,2.250539123952269,2.232489706509699,2.203158800143575,2.169913495574897,2.0800971595803035,2.0554286556852697,2.1068913366636246,2.0781453928225666,2.0456409598755663,1.9837652072631755,2.033869357707838,1.9655873656771201,1.890686950718955,1.8775133554801566,1.8708113828594874,1.7838800697525605,1.8567221488801766,1.7835431756951636,1.7183807871503451,1.757466065395112,1.6156240866624396,1.7217512167399032,1.6385457911710237,1.5135390586239441,1.4874097185483266,1.466036357783725,1.566839546108756,1.4217647588685463,1.3778512629540094,1.532149012262465,1.3600315093154491,1.2583864741592756,1.2587846200514874,1.368405532901964,1.0751474829519825,1.3391594806602594,1.2655117531687419,1.258242068188996,1.2550824226518986,1.025331849702271,0.9779544572301114,1.1472224520174086,0.905121267195909,1.0480829199211261,1.0779085100318428,0.9026103119981302,1.0283423557275897,1.0360927168861844,0.8583117448603764,0.9999264980512409,0.9920528283627797,0.9233177946266362,0.9272520342415821,0.7938810759829962,0.9725159358543078,0.7628557178765175,0.8484300785967381,0.8892707035948287,0.5632435531513555,0.9406774152593382,0.8273356028592134,3.6523653852317044,3.3395470406612433,2.6250883507095994
0.34002426999428964,0.2180097216891882,0.2324366206362639,0.08868179863950079,0.0,0.15059650104533284,0.23212907107907227,0.12847953118605088,0.9764942812025084,0.4358329594040143,1.3096983626712997,1.8309261052751207,1.386088560970944,1.4562160601093483,1.1997011665830817,0.8028203080407584,0.9481491176379,0.9161014708602919,1.5409602855654239,0.7303173653125395,0.6558997236511598,0.4493655730557887,0.5170189625865217,1.3180403591876644,0.3188941974844567,0.35421821404372944,0.5106342239952927,1.8965912857291258,0.6301716189131492,0.6273489553522313,0.655300675096059,0.9958421518661172,0.3824202169745505,0.8745232116190901,1.4504603411762504,1.2717342132144767,1.4348758058973539,1.3413487219850644,2.34170618225586,3.6541045954462583,1.561908964086294,2.6091191690853583,3.5830424906447145,1.6179863016846998,1.6619073140512557,2.8422638584583546,2.8170705438339367,2.775401317187675,2.661010617486033,2.6212512823992054,2.5408957317516285,2.5564455196472977,2.5291181722468883,2.5267414021625307,2.4727386399339646,2.461722317005339,2.4563079660963747,2.4081712314638697,2.3452436199659887,2.3315423437858267,2.32835438423204,2.2409752504095795,2.2336021877150154,2.193134382158198,2.159363592172538,2.0809956754603576,2.056976028005685,2.097199711627999,2.067571596797171,2.0344958981546766,1.9778519918017543,2.021206054710581,1.9563258229369096,1.885672957922435,1.8610585403129691,1.8545151432883107,1.7760410657312689,1.8398505638590874,1.769099857310643,1.7119416831426995,1.7379015072679715,1.608000543811152,1.7019848797037234,1.6163332969019382,1.5016864217008055,1.4746904896863076,1.4516265924304979,1.5399585263246722,1.4077601020661417,1.3662357880837892,1.5036062528252985,1.3451967182184947,1.2388025132159164,1.2349581247030776,1.3300334386868515,1.0526491939931988,1.298607217724041,1.2260893010527156,1.217180797714125,1.211597707778594,0.9952224593397954,0.939094758492161,1.0966179437847385,0.8678713189939702,0.9971483905763722,1.0195965257945594,0.8527690387699578,0.9690264994234568,0.9738222887136524,0.8018452329337131,0.9325715451231114,0.9245442611072415,0.8537905765653282,0.8572283085235838,0.7275555677611807,0.8992452645446024,0.6955563253481845,0.7748829034897651,0.8126713026214909,0.49464267827825614,0.8606976634790725,0.746336775466264,3.6601461260796833,3.3383625971986786,2.6203834275791165
0.3530141969963311,0.26106151993713644,0.205189625025937,0.20091864960038613,0.15059650104533284,0.0,0.19809524070330076,0.15767244494356572,0.8262385633518503,0.3612852530853651,1.3801013548022312,1.9525955986911716,1.4876851562408324,1.5790861990699552,1.282535208231886,0.8311434856510486,1.0604029501179393,1.0257024287861063,1.6804513718057699,0.8132914352127829,0.7444530463384637,0.595251425359986,0.6640840536298894,1.4684544241876238,0.44833516152833425,0.47276767747674064,0.6443510388471504,1.9873634276961998,0.644883845881242,0.5506145024535141,0.5657701785694254,0.8651102166758543,0.23843179968046246,0.7450756890673669,1.5707895399262544,1.4157649605110405,1.5853838410098626,1.4917759244757895,2.4922916145128764,3.8043522624049526,1.7017249928009968,2.7568831843122537,3.733063066485585,1.735709802388137,1.777102010773374,2.981839454503637,2.9566271202998493,2.919959838951623,2.7999327514133148,2.7590391059749613,2.6845077470408256,2.6957737267145605,2.671267037541967,2.664155217409248,2.613017378926874,2.6005194348088034,2.595088069370918,2.5449796989235045,2.4871157642798325,2.470541670115352,2.4646709222722447,2.3765371841598277,2.375906112335194,2.3284086225902234,2.2942867972832333,2.223291356660973,2.1996348867944953,2.2328166749999623,2.2025788002594595,2.169119046237108,2.1161915965308755,2.1546942892547793,2.0924133543057684,2.024691263933988,1.9917371199486076,1.9853366084845594,1.9133494946905474,1.9702159773037426,1.9015703591983024,1.850267911965715,1.8661332967515016,1.7457090552647747,1.8301128174906147,1.7424360649683073,1.6366465078007786,1.6090707752655327,1.584778272776075,1.6617267991553837,1.541333591915794,1.5016835766726675,1.623771255197838,1.4783026087649822,1.3684050574165147,1.3607972461550506,1.439583952578457,1.1805662468737992,1.4055181733211497,1.3348730790636194,1.3238933870802456,1.3150748476351934,1.1162220555392697,1.0507219414119202,1.1904122604969376,0.9821310937985979,1.0913606343338949,1.1008533787368018,0.9503809009500753,1.0489661829220835,1.04783367860905,0.8893848759743308,0.9959085149159767,0.9876322652357465,0.9130524719435572,0.9151685504129816,0.7969250071977141,0.9476653137328609,0.7634399136832184,0.8247976929085928,0.8523701502298751,0.5661147463280624,0.8872695227890277,0.7710868598169207,3.805235242251155,3.4788389331316183,2.758988733140648
0.16110907796207344,0.11906925737185599,0.010710932316438753,0.19354071504121073,0.23212907107907227,0.19809524070330076,0.0,0.32474368273530024,0.8885932215752137,0.206825689363886,1.2001449883325122,1.8245495869946826,1.3344959766560018,1.4555350910027258,1.1124412578551741,0.6357328755559356,0.9260911599917486,0.8882365361029209,1.5941951475546903,0.6498624204401129,0.5885728942135194,0.5587416233554976,0.6292441523716054,1.4458356570237363,0.5423139601292633,0.5829193961102418,0.7255652723387491,1.8205764335675263,0.8337350504257748,0.7427907533003806,0.7522940300414929,1.0037330017626027,0.2706944078469599,0.8884066060945154,1.6716288383576785,1.4576869230953855,1.5645531374117594,1.4692784123932163,2.4757335928161632,3.7959617273911945,1.6163144824378712,2.700349880292315,3.6947337334911206,1.6024456251968195,1.6397338553645613,3.035077413378727,3.0099625839131083,2.9544505880799146,2.8555346920030784,2.818192227698337,2.723499703064854,2.750251253053633,2.7160344747525196,2.724569629610898,2.6645187886540174,2.656844412191521,2.651475886486205,2.6073540294788558,2.533278030416332,2.5264757232225787,2.5285843890576607,2.442702171316592,2.42071663566602,2.3954458824814426,2.3623305301160364,2.268519706046843,2.2435532244784158,2.299122364756095,2.2705895961979947,2.2382164553534927,2.1749667464756324,2.226738958208339,2.1577534072889044,2.0816334298752843,2.070898021527536,2.0641830555195484,1.9757416586271603,2.050141910899022,1.9767276217242629,1.9098715789438563,1.951004650107348,1.8075061812209754,1.9152915447633538,1.832021568894244,1.7064017035782824,1.680421930356505,1.6592802163639095,1.7597873985441712,1.6149716873230422,1.5707241624060564,1.7247760856970538,1.553345298439273,1.4519249999739092,1.4520803758542857,1.5576727375652406,1.2685254837316617,1.5273269862543335,1.454223886954637,1.4460981595048947,1.4415326425603847,1.217383047006582,1.1667505271823408,1.3284401795404084,1.0945868533132626,1.2289908104036666,1.2514479312385478,1.0843626981994787,1.2007211516122327,1.2047019918223616,1.0339474056711406,1.1609477711163967,1.1528332277224547,1.080743485472766,1.0837540507362953,0.9570151689188334,1.1223119061338953,0.9245481695940596,0.998149315035276,1.0315153075848809,0.7236654709713304,1.0727113395334908,0.9568164108658918,3.8361048635308235,3.5284558516801603,2.815646682449427
0.4563349556365204,0.33970632548667806,0.3283852050021179,0.21716115741821718,0.12847953118605088,0.15767244494356572,0.32474368273530024,0.0,0.9289347405812536,0.511567347157437,1.4379875269845381,1.9424008002854576,1.5085190211155766,1.5674520495594002,1.3268486068741527,0.9269311709497677,1.0671907613461884,1.0364677371288624,1.6341888934427713,0.8580045469146445,0.7830170021990256,0.5385357168728445,0.6013427610431713,1.3766951839064678,0.3106644133979786,0.3254641517868261,0.5059629005258977,2.0217212653352026,0.5118530572205762,0.5043645317231744,0.5366047687221623,0.9023945961350145,0.3852483060053279,0.7807469960879142,1.418253176894864,1.2866133304440455,1.4913483789760515,1.3997027337582244,2.3907831034908726,3.695295556222133,1.654566479455733,2.6815760810834113,3.642864322542371,1.73242225131303,1.777786561624501,2.8431696093546455,2.817946867248616,2.7895776930795493,2.660527739754112,2.6182798668097274,2.5524216143818044,2.5569626695281773,2.5366089528441997,2.523027197221023,2.47555885803967,2.4610967502540726,2.4556480893035157,2.4032590635349065,2.3521647064584585,2.3314806787689952,2.3224794016249906,2.2336310603461924,2.241773444623441,2.1852528699620004,2.150813163499921,2.0893134181638513,2.066306901296992,2.090094327707976,2.059271825819412,2.0254695655404418,1.976654302179827,2.0100003090452994,1.9503262258489535,1.8861264238985207,1.8448644546000885,1.8385810063073893,1.7728397013474742,1.8231266001264854,1.756254601388031,1.7110730368954183,1.7176293714694872,1.605932714994888,1.6815788503650044,1.5927106826076782,1.4940448893432714,1.4659450022278961,1.4405409011811867,1.5097535288753687,1.397569151607253,1.3598598381102207,1.4711033170872214,1.3342382974758722,1.2216719896944188,1.2114996810157381,1.2836192951309513,1.033098934903514,1.2490328241982676,1.1788237218546458,1.1674303991976402,1.15809266943436,0.9648079493589238,0.8957898882331639,1.0327502452972872,0.8282201307949597,0.933720791978343,0.9438219345932258,0.792994589300293,0.8920528455265748,0.8918388513931162,0.7317551222882066,0.8422754613542561,0.8340508173263637,0.7604053623730977,0.762934775914237,0.6413851752135034,0.7988732739193217,0.6081241041231945,0.6750365586457058,0.7069266135936711,0.40945388399375626,0.7484841292505144,0.6328208807911241,3.675513502664741,3.3411533222747245,2.619213662668625
1.010616873028104,1.0070217823326881,0.8989043286811458,1.0173240008917377,0.9764942812025084,0.8262385633518503,0.8885932215752137,0.9289347405812536,0.0,0.8082185178324673,1.9725636161257005,2.6968143338641215,2.1784109123941318,2.3338428880921667,1.923979012983403,1.3591537230712185,1.8015439802826643,1.7616851687876236,2.4824802863075917,1.498817794337435,1.4517283718970309,1.417903606048545,1.4877650000723022,2.294507025121907,1.2361048715927225,1.2395301118942743,1.4266064423754214,2.621545111201158,1.1176701948791679,0.7447399024072513,0.6854401305209504,0.41033239576570674,0.6205815960600801,0.40615778411264203,2.270197650866814,2.209491632717459,2.411175894964833,2.317803167925262,3.3162938340014474,4.623956366115415,2.5045155814602222,3.578865098621075,4.559248393645994,2.471019517685877,2.5032332525010146,3.7435423932929055,3.7183766638603184,3.706955783846913,3.559529625300278,3.5134613708435305,3.4676470663549486,3.457999976890697,3.4472676328935465,3.417497628451046,3.380329823571155,3.3608761383055605,3.355403764194765,3.2964456295371787,3.2628187412763827,3.232819822003908,3.2145726086237887,3.1238440471676467,3.1543386705415197,3.074916126230274,3.0395883383769875,3.0026798117066003,2.980863304085758,2.981904914104987,2.949305887859551,2.9145541332529885,2.878615878161083,2.8953320566060126,2.845200527677213,2.791042748692035,2.722707685348343,2.7170208029580487,2.6736018919333118,2.7002300393826952,2.6416016756149903,2.6156209256305285,2.589203206663048,2.50986388755129,2.5535059075357482,2.459601733423454,2.3914308442721923,2.3620729742508866,2.333446245601042,2.363831500279373,2.292546337138237,2.2609160797632644,2.3207725699152935,2.229107404689596,2.10906490947918,2.088038158297904,2.1035140318474532,1.9216104875807232,2.0613831340869684,2.0015667183963157,1.983712350421371,1.9637026223333975,1.8371018178862661,1.7452007438534594,1.8137730396014455,1.6898030366152814,1.7252047426676331,1.6893457347286291,1.609482518468851,1.6391438041753905,1.6178386512673224,1.5248230815941686,1.5367504182519054,1.528966465283381,1.4545178374679038,1.4518158577685814,1.392547771470958,1.4453015915574936,1.3613624827007094,1.353965434552887,1.341038516430331,1.2191287375328885,1.3208473000440384,1.2316217439837682,4.592658443812087,4.242736127422709,3.5173280821076474
0.22720371250386118,0.2925021936441722,0.20956229338233784,0.3993883607043386,0.4358329594040143,0.3612852530853651,0.206825689363886,0.511567347157437,0.8082185178324673,0.0,1.183069814705678,1.8912498936157942,1.3704862716520272,1.532461551512422,1.1210256970571952,0.5777306196648863,1.000975616475148,0.9601372303374159,1.7100880601740454,0.6914628758528178,0.6485484574151071,0.7344668381075447,0.803026328997449,1.611900612575679,0.749071966506262,0.7888986264037281,0.931843208672364,1.825102383946309,1.0042299050628993,0.8489440274780615,0.8436701522690451,1.0066517710101073,0.2707825951222711,0.9024629250476077,1.8782458322307976,1.653285521421538,1.7307296529995568,1.6352145044371582,2.6400790482007923,3.9626104014441528,1.7327703288712297,2.8354019415937475,3.8414113243713928,1.664598938604768,1.6956821713060344,3.231448170605278,3.206387244070505,3.1440017555701014,3.052823426920369,3.016595324098029,2.915142038725932,2.94728878072868,2.909833563749353,2.923424515738453,2.860691182941437,2.854551936228968,2.8492081810493737,2.8068699892323097,2.7278108173512723,2.724206524355356,2.728593020889913,2.643380007277352,2.614940536384363,2.596388765288472,2.5635531972773955,2.4631359580289005,2.4377577014071736,2.4999803392159605,2.4718959936104814,2.439814803433563,2.3739752692672984,2.4290194496660353,2.3585300644783356,2.280260012893283,2.274745971443097,2.267979831747046,2.1760159918316866,2.2541436803673167,2.1799089124337514,2.109518834513703,2.1558844394527537,2.0079050303350683,2.12024291390666,2.0376107310540474,1.9088264206431544,1.8832190717393589,1.8627247316856406,1.966209666227089,1.8183188469112481,1.7732301891649034,1.9313863556616169,1.7570464443160445,1.6570910978435154,1.6581226042018382,1.7641994893654964,1.474423882842309,1.733555751443935,1.6606229189092232,1.6522486640448406,1.6472045687041845,1.4241488827346058,1.3732285107068705,1.5319617666024685,1.3012223385270072,1.432481298797083,1.4511853493267484,1.288415171970155,1.3999544728863034,1.401834694266064,1.235297055936953,1.3538279203084822,1.3456082630371364,1.2719036860581703,1.2743412636753282,1.1521949088185097,1.3084923356225298,1.1191486190312143,1.185259160165722,1.2136458798709144,0.9192920913406517,1.2476749260374556,1.1315435793809447,4.023218547012044,3.7232102118926167,3.013299901955994
1.0398010658164596,1.1194091824330923,1.1902967720714233,1.2211855273592502,1.3096983626712997,1.3801013548022312,1.2001449883325122,1.4379875269845381,1.9725636161257005,1.183069814705678,0.0,0.90261783774712,0.3638266070118371,0.6840737936150157,0.16168488388856436,0.6134099236277515,0.5330791453298748,0.5289342039691969,1.040301987941995,0.582691261547911,0.6606316013737269,1.065854696792655,1.062195321628705,1.3539160384828757,1.4113108074653895,1.4693869864965488,1.4550339447204776,0.6512554226235556,1.9033046584107403,1.928125333895575,1.945870773199163,2.185718637365177,1.4366493815224874,2.076559879202601,2.172617267389325,1.7098768074491948,1.436758596967954,1.3683905076360112,2.1625616123256646,3.4110189244566436,1.059938670418243,2.1126306939172697,3.137631527326071,0.6967762679207251,0.6912602312319602,3.0797566306739776,3.0574893429305687,2.8931517096750072,2.931407497374908,2.919187257382063,2.7135392678863064,2.8302065754332815,2.7415362160969083,2.842847512935993,2.7361283769694076,2.758119864745037,2.7537347804359125,2.750310867076363,2.5889080168642726,2.6408761798488922,2.689943750042251,2.627974798264614,2.4832858254483563,2.5919353859033105,2.5690867570171685,2.355884929651448,2.3272173506292275,2.504450885360783,2.4898502469968573,2.468430588291953,2.3554742444993995,2.4755945682905116,2.3786104127364767,2.267190879737956,2.3839550976265533,2.376536483225411,2.210991881766147,2.370813701985389,2.2830051268110827,2.1421651688821335,2.315575210997227,2.072877111179707,2.287674638280543,2.243203816695688,2.0367204309706994,2.025059368617187,2.025305010511247,2.229596973786657,1.986814738612752,1.9296884328296189,2.2166241692436772,1.947447175167946,1.9144306963864726,1.9527215980878163,2.1691285757222,1.803529435507463,2.1632734296146983,2.0920521215599446,2.099587574044501,2.116836964951501,1.8271747196739432,1.8561226420936632,2.0814016608922863,1.789081967551994,1.999725439165337,2.0781890131304754,1.8716953770055738,2.041870898802322,2.069120692740418,1.8773836647265674,2.071225931716433,2.0651226265494396,2.0159054222820654,2.022624475610661,1.880871957470791,2.085103808906043,1.8590735507033718,1.9721120151076537,2.0285196737891047,1.6916822963589986,2.0984502266618095,1.9963984722592052,3.686312137519143,3.5127843839610065,2.9018858543592025
1.6879382891228905,1.7129468429639385,1.8138480498154221,1.7554599332970333,1.8309261052751207,1.9525955986911716,1.8245495869946826,1.9424008002854576,2.6968143338641215,1.8912498936157942,0.90261783774712,0.0,0.5616949878843635,0.374949670709967,0.8494340906426383,1.4103464822338558,0.8985035533270589,0.9369605199480254,0.5088330089229927,1.2002374244544969,1.2451554833573857,1.4201641366132214,1.3716754400586109,1.0543814686953101,1.7728171719274393,1.8191289650307703,1.711275544608244,0.5628749485375423,2.278346120855664,2.4406221224072304,2.478052404452464,2.8170729607445657,2.093649461695554,2.6975510153521207,2.0465359293598135,1.525272371425867,1.0624064599133667,1.0529942667898322,1.447844753193769,2.5837869714751833,0.508452025632877,1.254838118437314,2.259895373084495,0.22831979234664015,0.21322667725439332,2.4982653659379834,2.4796386058168345,2.26002550256444,2.383164393173147,2.388881847049996,2.1302140967171783,2.2946160824273103,2.178740399283668,2.331919884833364,2.2049365874916695,2.244713689229112,2.2414916193306964,2.2665540643711144,2.064193370784568,2.150386233218992,2.226262046965183,2.1891437173770365,1.9774625957246403,2.1659820983520546,2.153695298806524,1.887004063653141,1.8604182194495331,2.0974203270964438,2.0951435569635404,2.0850208332071913,1.9542518346665818,2.104696752629873,2.0030133010346822,1.885547573115451,2.0755954894958335,2.0689475187671413,1.8772262286685037,2.07042158924118,1.9880153547708057,1.8206708494030088,2.0580254584526996,1.791979541702706,2.041275445155701,2.0347210530705313,1.8134957311752817,1.8155223422865638,1.831798552164353,2.0680899405086146,1.807543306432033,1.756149489947467,2.074426355272757,1.795400672489804,1.822639733319196,1.8788720800691254,2.1275114520762504,1.7979650098358724,2.141530599599278,2.0870154156065044,2.104751819392689,2.1348565104263164,1.8689934661294971,1.9476620985772588,2.1662682794865287,1.9033404279288428,2.115922106341294,2.2207765708308513,2.0308188185778557,2.2030290593671675,2.243107211013216,2.0766324246297208,2.2815035875066574,2.278158032612619,2.2566636821819053,2.2651358976164238,2.140084456601186,2.3363387649887235,2.1312576455345633,2.252743482036919,2.318524270169003,2.028246707459879,2.4027461548970894,2.329128881079674,2.957114806663675,2.8655893774097203,2.363362910445425
1.1849913998300257,1.2326249352861933,1.3238823821121246,1.3023389586657772,1.386088560970944,1.4876851562408324,1.3344959766560018,1.5085190211155766,2.1784109123941318,1.3704862716520272,0.3638266070118371,0.5616949878843635,0.0,0.3251027587329253,0.28775283664350526,0.8562076998540379,0.44955236278204386,0.4746987141678376,0.6914441337379212,0.6862506686646396,0.7464090289392212,1.0398884089305624,1.0123443877320761,1.0769416704853108,1.405435127606402,1.4596139695284922,1.3991748823313968,0.5289492914380132,1.9173662755491967,2.0126716747879514,2.0411680191707684,2.338200244329789,1.5956032153718065,2.2222060753103334,1.9807227507413907,1.484991420552666,1.1430354405666023,1.0876121422484877,1.8110564812067353,3.0483997267314793,0.7095241282478132,1.7490990849546129,2.775084465926047,0.34176078933153214,0.349145394923316,2.761154271302848,2.739646905050843,2.561505478268186,2.620120202695834,2.612396106245857,2.392104339514355,2.5213851241412932,2.425238508891934,2.540517571302981,2.427665995611059,2.4544291904049507,2.4503095917419726,2.4544192713322768,2.2807644977887724,2.3421312966979926,2.3989375362810343,2.3432226606598827,2.178882531825506,2.3104148454899294,2.290311639851377,2.0596179934471155,2.0311199815470413,2.2272771109345126,2.216056079365201,2.1976553952233955,2.0779239307098556,2.208619583364045,2.1088552127349915,1.9939251083131893,2.1347297166059307,2.1274343525196975,1.9509857536313258,2.123881782188323,2.0362952440932913,1.884594085431102,2.081446943844956,1.8264957820423615,2.056697485659364,2.0240312354400953,1.8082154231533578,1.8008474051128012,1.8065154127694663,2.0263173985326266,1.771943452170328,1.715304027837456,2.019888993600829,1.7410129442698246,1.7287372112635548,1.7746958758140652,2.0083562898886376,1.6472682459477974,2.009975344210073,1.9436517932562705,1.9553413606146088,1.978031413337016,1.6904572962788198,1.740623764586433,1.9687656011964263,1.6811858372833268,1.8982467954598752,1.989657754256918,1.7853442878059294,1.960504798076064,1.9938946214806064,1.808788208009559,2.0119543900407515,2.0069473984011004,1.9691100856807922,1.976762930733871,1.8394531909562648,2.044456972471015,1.823121624394648,1.9426217236506582,2.0045298163220333,1.6820796780536502,2.0824380182705893,1.9918582908049534,3.337741825523239,3.18069131840347,2.5928566638441244
1.323297417537411,1.3423866333892711,1.4448608966428813,1.3813080153111077,1.4562160601093483,1.5790861990699552,1.4555350910027258,1.5674520495594002,2.3338428880921667,1.532461551512422,0.6840737936150157,0.374949670709967,0.3251027587329253,0.0,0.5776456761809468,1.0873452721347638,0.5323326961640974,0.5725622622603257,0.37051317118665156,0.8463943688377734,0.8839375162839298,1.0468908782656836,1.0003142502755653,0.8223973797800082,1.402670711173041,1.4503807351705855,1.351110539196653,0.6753619215091339,1.9111072401532923,2.065992853426232,2.103163322062784,2.4439888802800134,1.725577799784657,2.3241604040764123,1.7839316935958007,1.2691359379662133,0.8681311801902284,0.8284520694427101,1.4864061790556227,2.727476246473124,0.38720344449555844,1.4397085437681385,2.4694397338359444,0.1832392209051811,0.24263151275382625,2.452120009957884,2.431146521562938,2.244888699734562,2.3162983151322094,2.311749764498616,2.0820272864752787,2.219578414559591,2.1185104775420225,2.243332367917636,2.126425029955184,2.156562551811259,2.1526540563088776,2.1623932240603216,1.9803041375827015,2.048443767564989,2.1109426268217595,2.060480809772382,1.8816701285761726,2.030481682924909,2.0127496039114954,1.7694435599312397,1.741274176980369,1.9514877250685505,1.9431637234123023,1.9274459737613518,1.8030349627411875,1.9415259033164605,1.8403015154087137,1.7234876147697138,1.8836912857320236,1.8765873242574393,1.6926363083356453,1.874984138359293,1.7886734569662264,1.629296775476331,1.8444627537522456,1.5822506754892554,1.8228903441713418,1.8014157520910705,1.5808429409928677,1.5776294110425135,1.5882538450422747,1.8181907045419572,1.5581108604814171,1.503250042110054,1.8178878060870505,1.5358802619574965,1.5436331558610938,1.5956228673542654,1.839783549807442,1.492777469195927,1.848282293239239,1.7880468242499845,1.8033125216766939,1.830500783774064,1.5531189133108296,1.621611060070801,1.8456912255368438,1.571397887909942,1.787417512552172,1.8882480192932305,1.6920291216835086,1.8664673066615602,1.9045772289848606,1.731099096742843,1.9367301137468693,1.932857919348401,1.9064365764995586,1.914721704693518,1.7856412543734628,1.9852985553658002,1.774828761971232,1.8964269947184076,1.96153287653118,1.662811327707313,2.0445459670872888,1.9667398275607724,3.0134683655755694,2.863203033060631,2.2906861010771653
0.9553979511757659,1.0218676599776135,1.102165660943469,1.1121548099746124,1.1997011665830817,1.282535208231886,1.1124412578551741,1.3268486068741527,1.923979012983403,1.1210256970571952,0.16168488388856436,0.8494340906426383,0.28775283664350526,0.5776456761809468,0.0,0.5791069732532722,0.3728795777235576,0.37151776968399425,0.9155658511712418,0.47028815086540965,0.5438446015648876,0.9233991546789843,0.914653554220385,1.19831376222467,1.2766050175404564,1.3340339125534348,1.3090523695019074,0.7085205120111485,1.7764792938050589,1.8245289113035803,1.8463862352048102,2.1109810577822494,1.3619719481027879,1.9984161670871756,2.011368230011007,1.5484516864352964,1.2842652078166115,1.213427836711775,2.0344911419668907,3.2997749044805484,0.9363678663455509,2.017219920657211,3.046503273363797,0.6282336847789408,0.6366982285249934,2.931320060196698,2.9088052956295325,2.750329525743646,2.78070906776575,2.767205253405337,2.56651487852425,2.678876080332675,2.5926323953128385,2.6897643456697575,2.5847884420350633,2.6054607280187456,2.601011502251639,2.595802298598237,2.437638118189651,2.4871167593403296,2.534470833688943,2.4713952721297736,2.331112529553884,2.434844377934142,2.4115831422249743,2.201878387738147,2.1732094846853838,2.346760511490788,2.331691117368258,2.3098895801829924,2.197976028357594,2.316585828968798,2.2200130890102994,2.1091598915919616,2.223370174599872,2.2159468054533993,2.0514355155555566,2.210081559350464,2.1223033622257077,1.9824286172851198,2.1542218593044176,1.9122813738247455,2.1262235883829455,2.08153570628327,1.8752693626060026,1.863499928607337,1.8636552649990856,2.0680307112021565,1.8251366371333082,1.768011574254702,2.05522320447479,1.7857865354982838,1.7533041539894243,1.7919980000517135,2.009804189004849,1.6441643892488174,2.0046134784908487,1.9337878670949835,1.9417607209540626,1.959628993301486,1.6697461820430668,1.7013929278287354,1.9275285271711546,1.6352757842108026,1.847383373076364,1.9281658090959877,1.7215527614141193,1.893041944457991,1.9214962059051903,1.7305254010149578,1.9267736648193357,1.9208828868503365,1.8739771974791535,1.8809220239522484,1.7397305465405137,1.9447486198611494,1.7191068375284115,1.8340389616517745,1.8919570640345857,1.5575166188263183,1.9640967612948415,1.8647332443540545,3.5536240205193956,3.3696283425942384,2.75054822302152
0.47829859027287813,0.5872938339092356,0.6274285470846755,0.7179806652282041,0.8028203080407584,0.8311434856510486,0.6357328755559356,0.9269311709497677,1.3591537230712185,0.5777306196648863,0.6134099236277515,1.4103464822338558,0.8562076998540379,1.0873452721347638,0.5791069732532722,0.0,0.6092672878306432,0.5692232943219258,1.3520618779450015,0.31418876531284784,0.3496600244317511,0.7576301905911481,0.7948258519398302,1.4373890806995184,1.0067549252733616,1.063697892707981,1.1214248661282529,1.2631900600085795,1.4319427930744288,1.3784435980668799,1.3860440006092658,1.5843820754285962,0.8414792062583385,1.4793967698125543,2.00517431105478,1.6426713038981562,1.547927224810239,1.4583025226378634,2.4099742982884096,3.719010987308981,1.3750111945443355,2.494792393050314,3.5231849683847907,1.1829615987598168,1.2016517201822583,3.171536846946994,3.1473949190002513,3.034134373243521,3.0043883148341224,2.9792219624797487,2.8245760079696787,2.8988030647731216,2.8354239280560365,2.8923814317264815,2.8066167886303934,2.814171787641619,2.8091780042574293,2.785056823240828,2.6634978372395537,2.687168420701827,2.713762133943097,2.637921203671129,2.5512035491479934,2.59513081253212,2.5663762350126627,2.40697123166416,2.3791639732895633,2.5004680224856477,2.4783009632045774,2.4505991555857585,2.3590846754977552,2.448491750365444,2.36247063341233,2.2648872328644183,2.3209318677205193,2.313606116293788,2.180999223895153,2.303425923223463,2.219648385776442,2.1106802421608197,2.2236916665026056,2.02118832410006,2.1907151185797864,2.1246248967229864,1.9499565149782698,1.9303637425111977,1.919685743563572,2.080495774504941,1.8761571851991328,1.8223705806771273,2.0557241200696343,1.8232013278304873,1.7533653320714846,1.7745058315952495,1.945150794037884,1.598524105364408,1.926545083318355,1.8512698735884185,1.8511723329844048,1.8580611652057035,1.586084640747306,1.5769486841142102,1.7815175545893802,1.5030744359933974,1.6872139308914937,1.7404249579887414,1.5444128374460975,1.6952971101180145,1.7116200096001146,1.5223035285896382,1.6900066654641066,1.682649570940388,1.6198353187098333,1.6248449857692442,1.4854192083726947,1.6766291512029718,1.457258205354295,1.5542655519744941,1.60012361826437,1.2649077878342305,1.6560602675779104,1.5439596599431262,3.884254968820985,3.642151898345455,2.968977790973492
0.7910894183593109,0.815328397176319,0.9153868024686143,0.8676533394677974,0.9481491176379,1.0604029501179393,0.9260911599917486,1.0671907613461884,1.8015439802826643,1.000975616475148,0.5330791453298748,0.8985035533270589,0.44955236278204386,0.5323326961640974,0.3728795777235576,0.6092672878306432,0.0,0.0421462339622148,0.7458600718050135,0.32443136009742235,0.3527137128543965,0.5913852191485428,0.5681125439271791,0.8788507417818682,0.9564344155156317,1.0110986083562101,0.9603755140910206,0.9766568222584372,1.4679382291909233,1.5713574384303373,1.6028192267329218,1.9220928104254393,1.1951946583671444,1.803503760333378,1.6401804828448632,1.1875577039865424,0.9787425571549027,0.8970585092337422,1.8079443309706023,3.111506529793386,0.7689200517584122,1.8899082804982306,2.9163241143010983,0.6769870333792737,0.7168024348061918,2.627560114493234,2.604227266874286,2.467354218326962,2.4691057772583425,2.450709507278959,2.269610912558143,2.3652481612456366,2.2886298845428583,2.3691952893779074,2.271519307873206,2.286903250913874,2.2822152302901237,2.2697343788391864,2.125333017145542,2.1645651212210804,2.2045156524364384,2.136756206521111,2.0157544102249316,2.09797533980948,2.0728473660072986,1.8796026679995057,1.85108080618839,2.007325286264591,1.9900061187281242,1.9663410829611503,1.8599667345903315,1.9705819717019206,1.8764336362710805,1.7688464478994412,1.8682556249085813,1.860813081914512,1.703121521331126,1.853964101447873,1.7665602295631408,1.6332626182035326,1.7930522557716269,1.5577559234037486,1.7640288584831758,1.7157635716616708,1.513407039394003,1.5002017840207165,1.4986317590684382,1.698561275411317,1.4591488225976699,1.4021493364331499,1.684654469091879,1.4177950422030041,1.3817726243631072,1.4196709580968006,1.636979193840782,1.271341611018606,1.6320821105002483,1.5615347229389585,1.569867317182723,1.5883326432551623,1.298340053749293,1.3335498767616358,1.5607193976168754,1.269018996884107,1.4832078074349766,1.5679522087032876,1.3616752672100723,1.535160187510547,1.5658558095301922,1.3771328154902778,1.5774849114595761,1.5720571903197889,1.5302396768857525,1.5376307837333114,1.3985100232348366,1.60400569216772,1.3806464023722984,1.4989769766600596,1.559855263892396,1.234141966080184,1.6364209798641798,1.5439565155033863,3.2999612659445208,3.0827541756821315,2.4366119006756373
0.751521785030423,0.7785064660417046,0.8775267288621974,0.8345255006387269,0.9161014708602919,1.0257024287861063,0.8882365361029209,1.0364677371288624,1.7616851687876236,0.9601372303374159,0.5289342039691969,0.9369605199480254,0.4746987141678376,0.5725622622603257,0.37151776968399425,0.5692232943219258,0.0421462339622148,0.0,0.7874245174862657,0.28228625799963347,0.3116379533455359,0.5719353631068081,0.5532160726084251,0.9075566974795923,0.9353854958011238,0.9908116120302798,0.9472784223793265,0.9988233475878328,1.4454388961969704,1.5408249738760966,1.5712557940188756,1.8860310800121642,1.1567901270001124,1.76777690329795,1.6488426733749968,1.203826765791195,1.0094418386265174,0.9262556564343591,1.845343702161343,3.1505381421085383,0.8104936544690253,1.9314725025822388,2.957570786382456,0.7142219201277142,0.7526253724572772,2.6563950078335536,2.632951617778502,2.499061464206765,2.49680116988939,2.477589404885549,2.2996471973788855,2.3926705329697557,2.317629864648015,2.3953956536256564,2.2990632176966743,2.3135213646019257,2.308793639950774,2.2949478206388116,2.153143419711113,2.190533466024154,2.2289776174034466,2.160239809714889,2.0431382074889197,2.120969188086326,2.095409952923354,1.9058614017641327,1.8773949750418242,2.0297651726434025,2.0118877498771806,1.9877477187464632,1.8828819775185257,1.9913042415081104,1.8979064767625433,1.7912759916354064,1.8861353742601732,1.8786916220838612,1.723400674924573,1.8714831974023434,1.784290780699522,1.6533529974694494,1.808518297824132,1.5761365767477933,1.779031357460483,1.728868924875079,1.528790870981332,1.5148784235303574,1.5123609497082975,1.7090013132616406,1.4723353243889403,1.4154716154220026,1.694022349262556,1.4296534935360476,1.3901312952174507,1.426580538711916,1.6404627057480459,1.2749423304360339,1.6343514607801484,1.5631293469540115,1.5707685246300653,1.5883212302168574,1.2985184949582556,1.3301225235045626,1.5565664762240394,1.2644269675983775,1.4773664792350265,1.5600574835484815,1.3535289469404166,1.526185443321438,1.5559505696271339,1.366225853871527,1.5652216008070898,1.559632421973104,1.5161475372659317,1.5234084915494492,1.3835491600219942,1.589081175608114,1.3648746873038005,1.4823985106735806,1.5425715099449422,1.2143795978005343,1.618130110076932,1.5240194194524492,3.3343868283721614,3.113691876561476,2.4639386701452706
1.4866549888806226,1.4755135528643,1.583993482814266,1.4798622801964538,1.5409602855654239,1.6804513718057699,1.5941951475546903,1.6341888934427713,2.4824802863075917,1.7100880601740454,1.040301987941995,0.5088330089229927,0.6914441337379212,0.37051317118665156,0.9155658511712418,1.3520618779450015,0.7458600718050135,0.7874245174862657,0.0,1.06724878414406,1.081081432280973,1.0957772957437941,1.0335963505193624,0.5472238143480872,1.4101618092340542,1.4474915589496469,1.3096880992591602,0.995317319528326,1.8901483144939693,2.1074478459243204,2.15326373071353,2.535049945942927,1.8622734018027183,2.413413946014959,1.5402020372995688,1.019418685155065,0.5549789475313224,0.5448061513887039,1.1222867741648659,2.388845051517619,0.023087536190210152,1.1440528548468012,2.1711683267375945,0.47423514982153747,0.5303877111168198,2.084541592200117,2.063869799251915,1.8745170829274886,1.952015569893593,1.9497245805367374,1.7141501711055018,1.8568528469293948,1.7525602294938192,1.8841005856336286,1.764283098849362,1.7969807070525003,1.7932509501789806,1.8076986250971037,1.6190760408308356,1.6926661389167008,1.76005007892246,1.7147907372440283,1.5233991773861761,1.6877178223452798,1.6724756155948988,1.4181065200836902,1.390419098698506,1.6134432839006205,1.6082055418337746,1.5954604229129545,1.4671282378785924,1.61276155715615,1.510906277735566,1.3932413183362022,1.5734164018850394,1.5666238207664425,1.3765863661123445,1.5672756509376249,1.483693188660875,1.3178605710240006,1.5510731817240295,1.2851152121560145,1.5336237091288354,1.525934055347963,1.3046692831018545,1.3067437202527776,1.3232831539531222,1.5598427390324863,1.2996160886387376,1.2488106135628552,1.5669733665049235,1.289141939189402,1.3220500510621713,1.3796884911707292,1.6289420620648776,1.3121819143810267,1.6455546212927783,1.594553113473319,1.6136934416695812,1.6454946316942813,1.3911899079182377,1.4791896386413028,1.6897590916794645,1.4425844779952748,1.6482585539908636,1.7568561326594165,1.5777098100647995,1.7445946361948752,1.787017352901369,1.6338188009262629,1.83475804445558,1.832350359564712,1.8202440602166936,1.8289852956552681,1.7143393564644545,1.9005997859988675,1.7104276909156675,1.8298572325071176,1.896448141240565,1.6370241564446253,1.9827352940139744,1.9221869343616873,2.6473498087632787,2.492707613633481,1.9275872819158602
0.49874074583524586,0.5534493718149622,0.6393371771337398,0.6423982193594749,0.7303173653125395,0.8132914352127829,0.6498624204401129,0.8580045469146445,1.498817794337435,0.6914628758528178,0.582691261547911,1.2002374244544969,0.6862506686646396,0.8463943688377734,0.47028815086540965,0.31418876531284784,0.32443136009742235,0.28228625799963347,1.06724878414406,0.0,0.07913001317776105,0.5190740099987683,0.5367309135557217,1.123208329063596,0.8387252901883081,0.8973149589862375,0.9086266208312826,1.174218298955073,1.3218621880667698,1.3542749994590932,1.3762620975357602,1.6532711427463915,0.9093532182802289,1.538268971191691,1.7344214624831549,1.343966637170465,1.2338427204378986,1.1441139643402718,2.1013579990056828,3.414632997605138,1.0903363202683145,2.210738796628634,3.2348359581667645,0.9732394403979676,1.0044233551213517,2.8595491741997336,2.835500491196699,2.7200777997128536,2.6935174010583025,2.6693992626188123,2.5112282361757963,2.588111892169423,2.5229100570981733,2.583382446405572,2.495619283261386,2.50440071673592,2.499452355265338,2.4773600795885153,2.35194757155804,2.37804266679312,2.407134311687604,2.3328045417603525,2.2399241477536314,2.2907781123346576,2.2627456506891703,2.0967130635801805,2.0687590782046494,2.1967825341803775,2.175627048970919,2.148763606226292,2.0538337352554943,2.148113618556288,2.0600107758872492,1.960038460150792,2.0263812249533486,2.0189981943690287,1.8798265999943704,2.0096450665276304,1.9246011617944978,1.8093652008455585,1.9346367935413606,1.72274301309578,1.9025997511648431,1.8412441850525496,1.6578648822783633,1.639842373865948,1.6315633213529797,1.8049532283489766,1.5888454768908284,1.5337790410682164,1.7834194210733298,1.5387344041151827,1.4782595831441239,1.5048781446420842,1.6930475734211747,1.3356993393653014,1.6791568022100465,1.6047592012009173,1.6077363287299864,1.618996219444822,1.3366357015135135,1.3437080381905542,1.5603382231267273,1.2720162578984393,1.4713499131420897,1.5384345324413482,1.334686343845277,1.4978128409074678,1.5205886492298286,1.3280169911118205,1.513289339600099,1.506673841539876,1.4522827507643796,1.458481121833729,1.316355575127307,1.5179621409350117,1.2923219247227578,1.4014734779704836,1.4554208301306826,1.1166959772597467,1.5224102363473757,1.4179367398088292,3.5704164043704516,3.328654753645395,2.658526727592428
0.4437347179266445,0.48676541636502857,0.5779208937278005,0.5685575324201191,0.6558997236511598,0.7444530463384637,0.5885728942135194,0.7830170021990256,1.4517283718970309,0.6485484574151071,0.6606316013737269,1.2451554833573857,0.7464090289392212,0.8839375162839298,0.5438446015648876,0.3496600244317511,0.3527137128543965,0.3116379533455359,1.081081432280973,0.07913001317776105,0.0,0.4448912157797171,0.4670622125964891,1.0975961772208163,0.7597403376892278,0.8183430793422531,0.8325905248544558,1.2436634051576947,1.243207984497684,1.2815503792566505,1.3050352680974222,1.5920030896938093,0.8529107927634648,1.47580406912635,1.6715882813943208,1.2941079055921283,1.2108083712876128,1.1191656279747892,2.0907695039287013,3.4081689725227795,1.104109378094415,2.2212851405810414,3.2415068106780165,1.0199784830254166,1.0544135783840727,2.8238939779467325,2.799663026828574,2.6913077538966674,2.655874699898404,2.6301809137431422,2.4790897789770336,2.550194783319558,2.4884610899259876,2.5430707257336116,2.458213491389503,2.4651270026162235,2.460115853028748,2.435492842811927,2.3155390616251617,2.337912058790286,2.36411191455964,2.2882923328615647,2.2030493929519586,2.2455647840784794,2.2168975298189486,2.0582048670698203,2.0304800845562294,2.1509771701761133,2.1289697751989825,2.1014315525327167,2.0094411364838876,2.0996759002316328,2.0131667949764656,1.9152634063288823,1.9740969537436344,1.9667454300337208,1.831940553323431,1.9569075541621337,1.8725801246451887,1.7615765818164597,1.879339138434859,1.6728405818495027,1.8468233386907633,1.783259414068994,1.6040311140425834,1.5851509759254823,1.5756430729397557,1.7438348715907537,1.5325012980617725,1.4780279656689475,1.7211454324635127,1.4810256458180415,1.4167039943574993,1.4414617882909178,1.6249662412493975,1.269989617633621,1.6099945189839155,1.5353307591546301,1.537668995806509,1.5480836079831326,1.2675123421733567,1.271403506340782,1.4864467133365156,1.1992357010831207,1.3966543734335646,1.4622649784552746,1.2590944991693112,1.421185761750226,1.443447864476655,1.2509449032259852,1.4352087324736382,1.428549340320239,1.373737586532407,1.3798935374228614,1.2377856000755951,1.4391487154635578,1.2135888452315364,1.3224808621979562,1.376328219248307,1.0375765116148123,1.4432823976361537,1.3388799938823495,3.547396258454611,3.2968540382429246,2.6202275526296663
0.5198237361396992,0.44658299090755027,0.5505287307720647,0.4006793715903008,0.4493655730557887,0.595251425359986,0.5587416233554976,0.5385357168728445,1.417903606048545,0.7344668381075447,1.065854696792655,1.4201641366132214,1.0398884089305624,1.0468908782656836,0.9233991546789843,0.7576301905911481,0.5913852191485428,0.5719353631068081,1.0957772957437941,0.5190740099987683,0.4448912157797171,0.0,0.07076559631772088,0.887605714505555,0.3657729585662772,0.41977112753164764,0.3917026424493161,1.5679357486614554,0.8785638025196055,1.023613686070952,1.0648083624144962,1.439558016323328,0.8037728229875336,1.3178901952752273,1.2504744940325918,0.9368233024683458,1.0061896860035835,0.9110573063936692,1.9173345201731034,3.2372235719903544,1.116264142531017,2.16193495322921,3.143917186768647,1.2196794263477213,1.2696316626445854,2.5101678015915394,2.485276817333093,2.4124359608714427,2.3342019420327755,2.3013191934113264,2.185984737618943,2.2282365058737095,2.1838859779497786,2.209892290444041,2.139667395953255,2.1376015728783586,2.132345426588241,2.09609869277737,2.0035343144008197,2.007713652109386,2.020072963273556,1.9381603518915596,1.8903090551021196,1.8926623511079455,1.8613951268191087,1.7396593430356295,1.7135213228037283,1.796392805688285,1.7707323699462878,1.7404300365027812,1.66323742907239,1.7336977486110356,1.6554594710075918,1.5686455510184887,1.592454206440646,1.5853149179147439,1.4719304798537052,1.573480377556534,1.4932056299470369,1.403161863432985,1.4858049105305426,1.3060025316220834,1.4516060494145635,1.3796097804537841,1.2202415024780642,1.197808131507061,1.1830094657427614,1.3284172397933676,1.1386456372416893,1.0876862615767953,1.3016933699424091,1.0819982561530808,1.0025570578606187,1.0199760745996582,1.1880529721076525,0.8418637858205135,1.1705954237980791,1.0955021523038595,1.096546019516028,1.1054836248868074,0.8291232485458326,0.8272239628434676,1.0415867666420748,0.7546808598642668,0.9522760234854413,1.0207965742115097,0.8161825238352536,0.9814314669800007,1.0061893129049826,0.8137309673458989,1.0054323685259081,0.999292275499735,0.950727031550624,0.9576109061707914,0.81633200387451,1.0213943081960484,0.7959251483526361,0.9119219320974824,0.9712621219977251,0.6427964475710094,1.0462393004780612,0.9525930765211025,3.289745510120303,2.997968397249319,2.295781383811176
0.5860671119572968,0.5164507162056668,0.6209558028738954,0.47081290638013124,0.5170189625865217,0.6640840536298894,0.6292441523716054,0.6013427610431713,1.4877650000723022,0.803026328997449,1.062195321628705,1.3716754400586109,1.0123443877320761,1.0003142502755653,0.914653554220385,0.7948258519398302,0.5681125439271791,0.5532160726084251,1.0335963505193624,0.5367309135557217,0.4670622125964891,0.07076559631772088,0.0,0.8168924997512359,0.4029222871754038,0.4528899454424014,0.3946982127362978,1.5412820224699553,0.9145351474368757,1.0789350620139269,1.122092610895224,1.5035418508572898,0.8743286342008653,1.3818673271532793,1.210392398360772,0.8775939608141445,0.9355034221399775,0.840343424170114,1.8466672945187825,3.166736200238201,1.0537416997959608,2.0928011270744866,3.0734537116238836,1.1758931901038343,1.2274794538698,2.447538958315916,2.422704769486386,2.346430626444477,2.2723681714175896,2.2403618387383792,2.1210142633364475,2.1663475024274734,2.1200188744509827,2.149429317369143,2.0772896920017696,2.0763241543432365,2.0710944210462627,2.03639886343193,1.9402781499383535,1.9466511374860422,1.960982875810396,1.8799348104367208,1.8270072252800056,1.8348388371374933,1.803973807834682,1.6768222865800575,1.6504642931398636,1.738731519280984,1.713671324469407,1.6838252697555525,1.6040218088668314,1.6780200359929673,1.5981392840252857,1.5093412091224836,1.5399141644819305,1.5327142734276542,1.4147112008307419,1.5213365661737912,1.43997991813334,1.3455190936917594,1.4361428033552353,1.2497321160464616,1.4023651345084167,1.3328391036929088,1.167511710647069,1.1459226710994157,1.1325148476818068,1.2859038286976778,1.0883889908580608,1.036310774108251,1.260898270950351,1.033143687006765,0.9589493073286366,0.9797389126991747,1.1579708159648003,0.8050183910756497,1.1429934517890268,1.068405322939716,1.0710830384807826,1.0822980954891133,0.8004831131663047,0.8081649366565705,1.0277780941771137,0.7373596918601294,0.9417728707316563,1.0165065019962565,0.8102856273888808,0.9796881719597167,1.0071648683670267,0.81590057962506,1.0128133003345499,1.0070844423708247,0.9629332247000791,0.9702049274868215,0.8305733990240911,1.036104257178666,0.8125350242909581,0.9310670821008245,0.9924121842369469,0.6720226475615406,1.0701084317964247,0.9811268057612798,3.2226392294052615,2.9340668318857923,2.23425683951442
1.3878935790781695,1.331495610760171,1.4373712195217347,1.2837190086482801,1.3180403591876644,1.4684544241876238,1.4458356570237363,1.3766951839064678,2.294507025121907,1.611900612575679,1.3539160384828757,1.0543814686953101,1.0769416704853108,0.8223973797800082,1.19831376222467,1.4373890806995184,0.8788507417818682,0.9075566974795923,0.5472238143480872,1.123208329063596,1.0975961772208163,0.887605714505555,0.8168924997512359,0.0,1.093371652759103,1.1128186964748528,0.9393617305382707,1.4963525880298136,1.5016239217807497,1.785463598043465,1.840406132154578,2.2619869600419538,1.6884800555541235,2.1422171624820794,0.992979306254254,0.47242601377585475,0.11887174397021372,0.02345224820669712,1.0299107305800101,2.3511960083305383,0.5511908606391329,1.3197947188430774,2.2664549546432258,0.9795636223133931,1.0408485043204703,1.7488735520299095,1.7254737438248422,1.5973562117046451,1.5905636151370217,1.573361490283343,1.3929232378547847,1.4870333357751926,1.4100738390296796,1.493565049157214,1.3931760317306272,1.410241142352391,1.4056546913777266,1.3977442435564211,1.2467429323839336,1.289939704572662,1.3362009856322619,1.274342987184301,1.1377282514051983,1.2390518128532022,1.2172087544832002,1.0045562096006844,0.9759115802795182,1.1532492998235837,1.1405906531702443,1.1213139217272465,1.0038878982452013,1.1317395748654875,1.0322387902874097,0.9180037535741832,1.0627454004882564,1.0555696113652429,0.8750513012540221,1.0534032982161017,0.9667280487218116,0.8097917358230485,1.022577032757759,0.75985330146517,1.0018145441903912,0.9856950915029942,0.7640527745667969,0.7637989399560384,0.7784178904694661,1.014010233352118,0.7532394636984977,0.7018185845810673,1.020078305672943,0.741935677595496,0.7794068678952973,0.8384655654183357,1.087393216207322,0.7919654399901052,1.1068777462449209,1.0605666227016806,1.08141068119587,1.115208975491283,0.8824664572292268,0.9834374608805577,1.1770139988846504,0.9609093163830683,1.1494515895670332,1.2613385051624584,1.1036156570647482,1.257477922101931,1.3023848761045287,1.1739862287328182,1.3627093144912497,1.3617413450169558,1.3638315013051674,1.3727034758957677,1.2777562837093683,1.4428429170049175,1.2815133867680009,1.3931495369993612,1.4586484800746211,1.2572803094299994,1.5451999639205465,1.5053837394203293,2.449899079237159,2.208632774302007,1.5585078049778942
0.6082642256347811,0.48628877793083675,0.5402528560747092,0.353083236053892,0.3188941974844567,0.44833516152833425,0.5423139601292633,0.3106644133979786,1.2361048715927225,0.749071966506262,1.4113108074653895,1.7728171719274393,1.405435127606402,1.402670711173041,1.2766050175404564,1.0067549252733616,0.9564344155156317,0.9353854958011238,1.4101618092340542,0.8387252901883081,0.7597403376892278,0.3657729585662772,0.4029222871754038,1.093371652759103,0.0,0.058638083938293326,0.196374897703529,1.9330808480673252,0.5130131945751654,0.7021572001208907,0.7528640631094252,1.1686395851189086,0.6864470336380789,1.0490816152497382,1.1317338257785439,0.9760616991112171,1.2044786685927644,1.115793815754307,2.093448475275542,3.3914205050769506,1.4288200500562385,2.40977115466655,3.353620924218011,1.5787842431151626,1.6303712770500534,2.5347172628444654,2.5094979913946673,2.478927047136546,2.3524749812158983,2.311109135598655,2.2418902599514197,2.2485606931890567,2.2265545969814005,2.2161200059531962,2.1664773048926027,2.1530356985668906,2.1475968568691,2.096807382229727,2.042169606585876,2.0231939438806874,2.0164182113291003,1.9282138202634371,1.9315612770121016,1.8800753239907964,1.8459531227148736,1.7790494752802364,1.7559151363298753,1.7845006696497216,1.7542436997875246,1.720793282957633,1.668602575502198,1.7064921756742315,1.6441538369534374,1.5774997570425453,1.5443703024665396,1.5379077738625198,1.4654022095845713,1.5229845008312224,1.4535612280590502,1.4027667986792323,1.4200415003668858,1.2979648663161285,1.3840783788842819,1.2978188495670537,1.1883170443489635,1.1607395851395719,1.1365711213909484,1.2210852884698196,1.0930587859422123,1.0534043674307352,1.1848877415805925,1.03008584562437,0.9213691760946775,0.9162956887664654,1.0156655767720315,0.7344331925928193,0.9861015979227712,0.9125535119077424,0.9051598100108819,0.902200922575971,0.6766053747035563,0.6249831172746537,0.7980764176008641,0.552422699989607,0.6996157324314538,0.7390073127749003,0.5539024497989037,0.6918146439453686,0.7056933743049512,0.5189654358762585,0.6841055839332807,0.6769150604673755,0.6171992033883691,0.6228760450006517,0.4814730825450448,0.6800512076348305,0.45545288213332236,0.5627483411645807,0.6174562912847078,0.28091179291427887,0.6875998948094726,0.5892698831878079,3.364853486264565,3.0322480192867647,2.311383439027084
0.6578721047802132,0.5344947468965964,0.5816483105240985,0.39795277819659985,0.35421821404372944,0.47276767747674064,0.5829193961102418,0.3254641517868261,1.2395301118942743,0.7888986264037281,1.4693869864965488,1.8191289650307703,1.4596139695284922,1.4503807351705855,1.3340339125534348,1.063697892707981,1.0110986083562101,0.9908116120302798,1.4474915589496469,0.8973149589862375,0.8183430793422531,0.41977112753164764,0.4528899454424014,1.1128186964748528,0.058638083938293326,0.0,0.18768927766720891,1.9876993897948372,0.46168517980410045,0.6744161128678635,0.727937546299593,1.1524692737237023,0.7086350621248205,1.0342323693348516,1.0991085526784645,0.9699797818996491,1.2217632684444901,1.1348715366938227,2.103011569784058,3.395090096754484,1.4657112075155787,2.431652573290187,3.3672058837047194,1.6275664747151906,1.6798191560693485,2.5185046965706466,2.493282230230442,2.4694068235894013,2.335659566394677,2.2930799632579135,2.231211883504961,2.232297352379388,2.2138263258109676,2.197764623320236,2.1514226229397426,2.136253487041749,2.130800529547655,2.0779104413469978,2.029303753623296,2.006776234063269,1.9970778812914958,1.9081785514415894,1.9194501524769914,1.8597921788969198,1.8253490607831389,1.7671907818863712,1.7446212667113117,1.7646563496864924,1.7338091644739944,1.700006518730608,1.6518793432066916,1.6846078211005362,1.6249608351584919,1.5617358977292808,1.5200105773552306,1.5136809077232853,1.4478272800916254,1.4983600293811878,1.4309414071665036,1.386513136819363,1.3936243453879447,1.281208185884226,1.3575906076365367,1.269675629293939,1.168661358726435,1.140510295444227,1.115083617932404,1.1895662279112138,1.0721065099883766,1.0346402644099382,1.1521805040568809,1.0087744489834853,0.8966660200250487,0.888056356523528,0.9758300252776914,0.7083590392798543,0.9446871418190547,0.8719582914872199,0.8633535532427541,0.8586419804354074,0.644026036486546,0.584877425679869,0.7494412087996297,0.5138006504835253,0.6504430293266777,0.6855322422332844,0.5048361495694512,0.6375958584221603,0.6501175465409085,0.4652448849477772,0.6265391021889318,0.6192778138548813,0.5588920230795692,0.5645006038541311,0.4232875650553925,0.6214313316480021,0.3969802150777553,0.504170732539421,0.5591917225061863,0.22388532834560357,0.6300667888778151,0.5332209030135323,3.355411397954799,3.0167648737783828,2.2942467635944817
0.7704561292077856,0.6550019955208604,0.7223092328921087,0.5324589042565742,0.5106342239952927,0.6443510388471504,0.7255652723387491,0.5059629005258977,1.4266064423754214,0.931843208672364,1.4550339447204776,1.711275544608244,1.3991748823313968,1.351110539196653,1.3090523695019074,1.1214248661282529,0.9603755140910206,0.9472784223793265,1.3096880992591602,0.9086266208312826,0.8325905248544558,0.3917026424493161,0.3946982127362978,0.9393617305382707,0.196374897703529,0.18768927766720891,0.0,1.9274851370882204,0.5808346361552121,0.8473485566662834,0.903874267115302,1.3351173073303957,0.8826290905637595,1.2179451940057249,0.946843443594183,0.7830076915571628,1.0451033625707575,0.9608148607794025,1.9183935240045784,3.207840996522279,1.326536529238382,2.259104825148658,3.185096785111446,1.5322990562975536,1.5876552294462531,2.3383480293483063,2.3131285036839095,2.284183937089647,2.1561020154865096,2.1148071031225117,2.046646018924788,2.0521884609807293,2.0306611982133846,2.019858240958029,1.9701743574171793,1.9566632571791573,1.9512247169143029,1.9006311064734374,1.846230120239266,1.8268191240612792,1.8203296694408044,1.732293005026768,1.7358114968449492,1.6842268279905237,1.6502023012064024,1.5833586645079085,1.5604021397682197,1.5885521156694982,1.5584592882476989,1.5251234414711639,1.472233986405627,1.5112231753001097,1.4480779749970836,1.3811328391013467,1.35042573605244,1.3438863303559248,1.2690980568434258,1.3292186025220345,1.2587150397837568,1.2063925817297034,1.2276455652997995,1.1016093952538892,1.1917765532647087,1.1071058083052487,0.9924635737441254,0.9650734223481074,0.9413989610209945,1.0343897181147275,0.8976957444191586,0.8573767476845648,0.9999433525697133,0.8349234452040744,0.7283903569726048,0.7265956807016566,0.8452439573277216,0.5432869255710671,0.8199844414659662,0.744989949353272,0.7409690941250215,0.7432759148674802,0.4946744665254488,0.4609974982932807,0.6601682678623498,0.3865642913446712,0.5668613750315322,0.6298087975612257,0.42681434429680104,0.5897826085309856,0.6147115177536415,0.42249256972440596,0.6181314166879939,0.612442186622903,0.5702376884097996,0.5777781752801968,0.44059166535038924,0.645298619530893,0.42606616316665635,0.5471516122173371,0.6113508792742547,0.328086268239862,0.6935619433364186,0.6182764751574965,3.1701903604208503,2.835923986012219,2.1150196239864507
1.663907598204744,1.7276364175856167,1.8102509500338275,1.8105512780497863,1.8965912857291258,1.9873634276961998,1.8205764335675263,2.0217212653352026,2.621545111201158,1.825102383946309,0.6512554226235556,0.5628749485375423,0.5289492914380132,0.6753619215091339,0.7085205120111485,1.2631900600085795,0.9766568222584372,0.9988233475878328,0.995317319528326,1.174218298955073,1.2436634051576947,1.5679357486614554,1.5412820224699553,1.4963525880298136,1.9330808480673252,1.9876993897948372,1.9274851370882204,0.0,2.444131815639958,2.5237824501611485,2.548562201019028,2.819344206554379,2.0700601196530406,2.7069357724578373,2.455888894261834,1.9436109977004745,1.5345541757681742,1.501373258301858,2.010556734422699,3.122515596898758,1.003711444118757,1.7887927256085794,2.761964688261864,0.522878856555381,0.46499484148699866,3.051845058259838,3.032591631260009,2.8192924766318392,2.9306471121653654,2.9329629070847276,2.6823513374426717,2.8391515669032703,2.727668650715914,2.8716035402228925,2.747973109891979,2.784292596127966,2.7807927367995426,2.799556937981977,2.604759302212527,2.6839609677909837,2.7539730653136165,2.7099800176167665,2.5129665211515277,2.683030492794267,2.667624503677512,2.4122611662718563,2.3847688868451398,2.6082392995825283,2.6022948513880557,2.5886243168291982,2.461349124507839,2.604723304266386,2.5030048798716047,2.385523719121203,2.5547429207263863,2.547720177008146,2.361448086195127,2.5467427559345444,2.460990236339455,2.2995600489849237,2.518909660267415,2.255813819481307,2.497751296161395,2.47676555642327,2.256196192856926,2.252950861130087,2.263328320641334,2.4923625202291184,2.2327415238556774,2.1775918932712206,2.491018449477138,2.2091612535902017,2.211735713373659,2.2617962176610895,2.5025247303860634,2.1478510569141127,2.5080207580258413,2.4447130937874113,2.4582228890643063,2.483130060385846,2.1990611115303103,2.2562617339843447,2.4837552871836652,2.19948587013667,2.4169459987199517,2.51114747104895,2.308209685320437,2.4836499319989387,2.518092841576312,2.3346539167776066,2.5385479298387166,2.5336875889451917,2.4970700428562203,2.5047864191118023,2.3679419820193948,2.572771309143659,2.351872255773245,2.471494791015263,2.5334697138397027,2.210512873093117,2.611356594057156,2.5203302315247527,3.518267574153403,3.4271439671997155,2.9088993604174944
0.9675581222841427,0.8479628009485672,0.8383084243530036,0.7139621363703247,0.6301716189131492,0.644883845881242,0.8337350504257748,0.5118530572205762,1.1176701948791679,1.0042299050628993,1.9033046584107403,2.278346120855664,1.9173662755491967,1.9111072401532923,1.7764792938050589,1.4319427930744288,1.4679382291909233,1.4454388961969704,1.8901483144939693,1.3218621880667698,1.243207984497684,0.8785638025196055,0.9145351474368757,1.5016239217807497,0.5130131945751654,0.46168517980410045,0.5808346361552121,2.444131815639958,0.0,0.38413406075489515,0.44860369353476326,0.8864117110444596,0.8030265717211684,0.7890695403123311,1.1778139919012105,1.2458664568765123,1.599514635012736,1.521743192973214,2.429969655227053,3.6776219893443534,1.9071749969885012,2.814879712726278,3.7055181582989385,2.0889098738635026,2.141404890569216,2.677021399570374,2.652177387094283,2.6764989168164663,2.49278509207041,2.4418634587926067,2.434254918311865,2.395496564778528,2.4029170531617448,2.3459878015465665,2.3251142944523884,2.2975951445451317,2.29215559292322,2.2246697001100024,2.2212295466538396,2.1737619890477404,2.142424802687993,2.050563509955835,2.1191808776629095,2.001652442257319,1.9657652595969988,1.9726313343302013,1.9545202580675023,1.9127825714257325,1.8784410605356991,1.8430877855660337,1.826858769899588,1.8197403518208415,1.7827846551649214,1.7467915525796898,1.64215335902564,1.637170137155399,1.6246138941786514,1.6193570512632862,1.5709313317522173,1.575419045317241,1.5052491224019016,1.4718514861994243,1.4706113891012764,1.3742809828610323,1.3455492224761167,1.3151833417138816,1.282451154854904,1.2707233088725307,1.2465925130479583,1.227440528709446,1.2256432309377814,1.1858678493992871,1.060098979078678,1.0254923033583783,0.9973992284528418,0.8871666296928271,0.9531500297435734,0.8992688090840596,0.8788884774663037,0.8550953743864195,0.7859641090536645,0.6761299831598575,0.7009932955338817,0.6402086064085489,0.6185384562333879,0.5724174623190915,0.5248868330889499,0.5230826112062745,0.500214970066191,0.43281033273643355,0.4200445986909745,0.41210345409984067,0.3369339493331548,0.33448341382940483,0.2920441697365621,0.3366896386916372,0.26713476946266557,0.23629677596084048,0.23134117121628273,0.25314601071425463,0.2449402317786655,0.13054764191340293,3.553216842844989,3.174119921639292,2.449740278142641
0.9021313168514096,0.8093348328766928,0.7513028355950717,0.7133165599958312,0.6273489553522313,0.5506145024535141,0.7427907533003806,0.5043645317231744,0.7447399024072513,0.8489440274780615,1.928125333895575,2.4406221224072304,2.0126716747879514,2.065992853426232,1.8245289113035803,1.3784435980668799,1.5713574384303373,1.5408249738760966,2.1074478459243204,1.3542749994590932,1.2815503792566505,1.023613686070952,1.0789350620139269,1.785463598043465,0.7021572001208907,0.6744161128678635,0.8473485566662834,2.5237824501611485,0.38413406075489515,0.0,0.06473032477990605,0.5093888096176928,0.5908697593000268,0.4061991092100672,1.5604854627913796,1.589139485592792,1.8923583266228625,1.8072168964747697,2.757853286395326,4.028401097420999,2.1267129692141147,3.1050785871809587,4.028952589779922,2.2336678859339707,2.2800944982706213,3.0566330715416354,3.0317041146324977,3.0479584047452755,2.8722684012431365,2.8222400500508966,2.805992934295994,2.774001694247464,2.777307529194584,2.7262577264722996,2.7019245051025154,2.6761428901266076,2.670689326316472,2.6048666541533625,2.5945896310687186,2.5512068068840206,2.5226033082139327,2.4308574425392844,2.4906526392882817,2.381882739409449,2.346061353401865,2.3423165227753664,2.323124803131327,2.2920304975820165,2.2580064360496133,2.222725286687761,2.201853369366289,2.20019390285405,2.1602825360092783,2.1196019503916093,2.0233341006551986,2.018206470866927,1.9982917054719271,2.000566751664241,1.9498883557191515,1.9464910719855786,1.886882105632834,1.8418306654988654,1.851987851594432,1.7559716809978845,1.7172082874467238,1.6869835680042804,1.655284279692758,1.653637921913465,1.6177418288125056,1.5945977888762952,1.608813359557999,1.5558137253467303,1.4309750230305023,1.4003251540210588,1.381510672523292,1.251468599043833,1.3372805188952117,1.2830414209690344,1.262886345889165,1.2392280636666015,1.155054392187848,1.0503368885081525,1.0848647565322138,1.0066951145615728,1.0024965220448987,0.9544850786090997,0.9029140614112926,0.9060719713808574,0.8808191738317787,0.8124635476122901,0.7965367435267964,0.7890040893121043,0.7166276866913207,0.7131283374128002,0.6731995060638106,0.7017862362261454,0.6454544945128273,0.6174873380954812,0.5985412086254043,0.5533073791105558,0.5762235154585256,0.48893048269510936,3.9279110589577777,3.5544801088934697,2.8293479631257825
0.9130008944832425,0.826609721235952,0.7613280825703462,0.7390704141019424,0.655300675096059,0.5657701785694254,0.7522940300414929,0.5366047687221623,0.6854401305209504,0.8436701522690451,1.945870773199163,2.478052404452464,2.0411680191707684,2.103163322062784,1.8463862352048102,1.3860440006092658,1.6028192267329218,1.5712557940188756,2.15326373071353,1.3762620975357602,1.3050352680974222,1.0648083624144962,1.122092610895224,1.840406132154578,0.7528640631094252,0.727937546299593,0.903874267115302,2.548562201019028,0.44860369353476326,0.06473032477990605,0.0,0.4455810228744114,0.579199999945678,0.3414787841232834,1.62520177909643,1.6508869054407835,1.948216517242199,1.8623194739112812,2.817247570681646,4.090230391351769,2.172795551344252,3.159565998522046,4.0874312605568734,2.2689572166440954,2.3143848509479836,3.1212945064008104,3.096361785344834,3.1120327889847563,2.9369258570460786,2.8869357036076586,2.870105612862688,2.838610007380087,2.8416369966558466,2.7909502550704155,2.766430801269509,2.740755464400875,2.7353012425095184,2.6695576051902346,2.6588483827577454,2.6157582118384273,2.587294429523733,2.495553730692784,2.5547655904272903,2.446577321247913,2.410758651100903,2.4062928531852514,2.3870099816932537,2.35668617523598,2.3226767883479873,2.2873992993443655,2.2662585296317244,2.264898019061855,2.2248506395140377,2.183854017126395,2.088057666176226,2.082927354708735,2.062619343093494,2.0652909467420084,2.014539328939915,2.0106289658945555,1.9516116838378679,1.905898752717576,1.9167152121055027,1.8207017717317058,1.7814241484713185,1.7512145287158936,1.7195929962991863,1.7183452167762763,1.6819379438391056,1.6584969396513842,1.6735051197457136,1.6199351023683541,1.495191739959378,1.4647987278906103,1.4460026957352212,1.315281848615761,1.4016981509976367,1.3476581673051171,1.327444367229556,1.3036555571688488,1.219241451393449,1.114847340830564,1.1491048646279507,1.0707992758263127,1.067063724285597,1.0182645029775075,0.9675993418676575,0.970071453399581,0.9443579594022592,0.8771878195383781,0.8595301228304076,0.8520635154340938,0.780161873421842,0.7765238541057806,0.7379230074032647,0.7636423846440176,0.7101787707217231,0.6813384929359939,0.6610173139452478,0.6151917911660512,0.6358403555044645,0.5514788181307357,3.9922275171737476,3.6191704241814726,2.8940117490163564
1.1564577533856906,1.1080689741352925,1.014333640109568,1.0644729522821073,0.9958421518661172,0.8651102166758543,1.0037330017626027,0.9023945961350145,0.41033239576570674,1.0066517710101073,2.185718637365177,2.8170729607445657,2.338200244329789,2.4439888802800134,2.1109810577822494,1.5843820754285962,1.9220928104254393,1.8860310800121642,2.535049945942927,1.6532711427463915,1.5920030896938093,1.439558016323328,1.5035418508572898,2.2619869600419538,1.1686395851189086,1.1524692737237023,1.3351173073303957,2.819344206554379,0.8864117110444596,0.5093888096176928,0.4455810228744114,0.0,0.7496810974177196,0.12167857753507359,2.0637142502726697,2.0940273147708064,2.3728930914716835,2.2844307499459835,3.253249752061287,4.533048274966472,2.5556879504935113,3.576614732745222,4.519605519531917,2.5987490572084755,2.63863042133173,3.5633163351810535,3.5384513711225254,3.5573044198014028,3.3790412338346627,3.328266785760161,3.315310720905817,3.2814138721146637,3.2862537363143653,3.232380810596065,3.2101473091358925,3.183522133082539,3.1780763392849973,3.1110518607849773,3.1037069556916212,3.0591447683625717,3.0288022301808777,2.9369518869091964,2.999973063970161,2.8880318425519884,2.8521513252426685,2.8517032999235257,2.832506058353558,2.798932003838129,2.764680766133025,2.729343526480493,2.7105878171308637,2.7061377022688973,2.6681432291286526,2.628746194320713,2.528548090834772,2.5235765119771747,2.5072769251774867,2.5057496171278753,2.4569380935205536,2.455796187321053,2.391574520899338,2.3511891205070388,2.356990447326822,2.260606766636811,2.2264264536381773,2.1961802916368973,2.164336341695374,2.156358507555978,2.126990655032834,2.1039804373549114,2.110992196974416,2.0651411069177272,1.940204589327928,1.9088793304569658,1.8796795536476807,1.7608176087232565,1.8343564558182341,1.7837230752467013,1.762455328543682,1.7366973974427247,1.6643348241249014,1.5588108298299597,1.5802340760963718,1.5160489112269684,1.5028674446127668,1.4452593888178291,1.4099837461985847,1.3994615717127497,1.3697019039467442,1.318617928131589,1.2812459580219873,1.2743614060320043,1.2068870189089844,1.2021978080020024,1.1782424276788892,1.1786811540282736,1.1519073042614216,1.11158576733901,1.0818239169782535,1.0594564258242762,1.040537595395715,0.9748195503078446,4.436865063514071,4.060528456910219,3.336025033828971
0.41061507752330006,0.38761565019950517,0.28127677538684476,0.40476275621318114,0.3824202169745505,0.23843179968046246,0.2706944078469599,0.3852483060053279,0.6205815960600801,0.2707825951222711,1.4366493815224874,2.093649461695554,1.5956032153718065,1.725577799784657,1.3619719481027879,0.8414792062583385,1.1951946583671444,1.1567901270001124,1.8622734018027183,0.9093532182802289,0.8529107927634648,0.8037728229875336,0.8743286342008653,1.6884800555541235,0.6864470336380789,0.7086350621248205,0.8826290905637595,2.0700601196530406,0.8030265717211684,0.5908697593000268,0.579199999945678,0.7496810974177196,0.0,0.6400651379574623,1.8034412097318915,1.6532046405045568,1.8064170327168505,1.7119055111020036,2.7161695087867823,4.031913779664069,1.8842421536848724,2.9606595318771367,3.947650873436806,1.8706304884083138,1.9067599717006096,3.220269737599196,3.195057598352806,3.157240135145593,3.0383595145309914,2.997401185571847,2.9222060565274157,2.9342054988919775,2.9094033902227396,2.902483515231761,2.8514162215881043,2.838944174788253,2.8335123484800584,2.783240112737389,2.725304122999271,2.7089716807897957,2.702864960478654,2.614609788762713,2.6139959149571697,2.566431120056636,2.532242174281259,2.461376316017879,2.437625048139076,2.470912499900812,2.4405620165392943,2.407026409315982,2.354605596488426,2.392336262614816,2.3306003007200884,2.263122940913416,2.2285858130489102,2.2222350006898384,2.1516998673078915,2.2069661142828236,2.138996487405164,2.0886869111911985,2.1021459732176595,1.9840995398062067,2.0661041760649916,1.977653059309669,1.8747059865564042,1.8470268982556068,1.8224729726328286,1.8949956757782909,1.7791384748092856,1.739849007087574,1.8562643288474099,1.7160222909308644,1.6052115727292064,1.596254539672393,1.6662277499100153,1.416992888851368,1.630548366000251,1.5613602249768672,1.5490858187277043,1.5381389719570273,1.3500250553497808,1.2800141747281324,1.4072426282468307,1.2131272593844724,1.3092252997310374,1.3086774758092452,1.1717685497361288,1.2562986158943885,1.2502617264729405,1.1044953503795807,1.189788936370064,1.1814321243961738,1.1048401272116821,1.1057163961455958,0.999823180987828,1.128538981428078,0.9659293072370603,1.010205392565065,1.0271792578669783,0.7770143424892043,1.0473831855357272,0.9335060155057897,4.042232398821757,3.7172335895256463,2.997405020146368
1.0430951826207517,0.9906380126542976,0.898935982542152,0.9438934518245072,0.8745232116190901,0.7450756890673669,0.8884066060945154,0.7807469960879142,0.40615778411264203,0.9024629250476077,2.076559879202601,2.6975510153521207,2.2222060753103334,2.3241604040764123,1.9984161670871756,1.4793967698125543,1.803503760333378,1.76777690329795,2.413413946014959,1.538268971191691,1.47580406912635,1.3178901952752273,1.3818673271532793,2.1422171624820794,1.0490816152497382,1.0342323693348516,1.2179451940057249,2.7069357724578373,0.7890695403123311,0.4061991092100672,0.3414787841232834,0.12167857753507359,0.6400651379574623,0.0,1.9664597955113912,1.9813428693807522,2.253546044917739,2.1647264461745492,3.1363387177655877,4.419505549602199,2.4340395817666685,3.4560239884958537,4.401365246488874,2.4798510710881208,2.5202301675936343,3.46266531586656,3.4377224534348563,3.4512301461587174,3.278286801404266,3.228387920608701,3.209478799079715,3.1798259122887926,3.181856865410991,3.132396590247895,3.1073051316592992,3.081985993347014,3.076529797471134,3.0110010277246793,2.998810913398332,2.956792232652801,2.9287383844544808,2.8370077699366583,2.8941739087620744,2.788028313176328,2.7522146512960792,2.745186697462974,2.725547549492737,2.698046416892774,2.6640749396165617,2.6288065112837766,2.606795956757109,2.6063651123094043,2.5659504350281597,2.5238377727689665,2.429532861308217,2.42440532230435,2.4028943982883897,2.406765092454847,2.355890661426296,2.3502110549960458,2.2930601316242116,2.2452398452859557,2.258180180005752,2.162141269550138,2.1213336976406283,2.091183890025137,2.0598439481731243,2.0595312255101024,2.021795741460114,1.9972776591372314,2.014585363237767,1.9595390422538765,1.8351640289607778,1.8056385854571153,1.7860150154958243,1.6539062086830392,1.7413556737987999,1.688329921945877,1.6678149142363632,1.6433920226451726,1.559193850598385,1.4558422586421917,1.4880493791093659,1.4105437164404107,1.4075412748654021,1.3553598017062913,1.3090422189399922,1.3081362417342808,1.2805909754294829,1.2186621646423432,1.193835423595171,1.1866426290284515,1.1167237248322124,1.1125790829991262,1.079274375481571,1.0941383822023583,1.051653210276611,1.0192900461642145,0.9942610895985388,0.9491116303234339,0.9597093191495346,0.8856213473705589,4.332345198910754,3.960610878051142,3.235389945287424
1.7127930460649126,1.6006795390668758,1.6686899336862095,1.4790190783378208,1.4504603411762504,1.5707895399262544,1.6716288383576785,1.418253176894864,2.270197650866814,1.8782458322307976,2.172617267389325,2.0465359293598135,1.9807227507413907,1.7839316935958007,2.011368230011007,2.00517431105478,1.6401804828448632,1.6488426733749968,1.5402020372995688,1.7344214624831549,1.6715882813943208,1.2504744940325918,1.210392398360772,0.992979306254254,1.1317338257785439,1.0991085526784645,0.946843443594183,2.455888894261834,1.1778139919012105,1.5604854627913796,1.62520177909643,2.0637142502726697,1.8034412097318915,1.9664597955113912,0.0,0.5212816861700319,1.0054119538770148,0.9962234795743962,1.494789353908037,2.5971608865199216,1.5439014824001311,2.015578268374248,2.728399041869785,1.9546682824697317,2.0166388516631804,1.5034669108915282,1.4788769346452526,1.5303944708681134,1.319939426626961,1.2668955195586395,1.2902083359576568,1.2258381344356388,1.2482811662907665,1.1714403920903325,1.1617737739095184,1.1282507920299671,1.122885241250703,1.0505829711591714,1.073597155126116,1.009258087617818,0.9686202262938536,0.8767231153413654,0.9828686825919932,0.8281902562637213,0.7922442218209517,0.8510693980883249,0.8400279735708654,0.7434003736874207,0.7080741648887298,0.6727294092277238,0.6806196977763358,0.6464090026947743,0.6236603087897427,0.617860363479821,0.46722649422778423,0.4628134449724367,0.49809955988245436,0.4444575504651374,0.40891637933787894,0.47485847459932445,0.32945860791843273,0.3987665415635422,0.29621777648971837,0.19947230996869997,0.29075123294638283,0.27104897068648337,0.24050199211734932,0.09364334516991041,0.2484907721592976,0.29319533064979714,0.053159754779483474,0.2511393997179889,0.25882195248861395,0.2306744381937324,0.20392912818211711,0.41084689215875275,0.2509690575972329,0.28301464317309816,0.30695977856799606,0.3390778648120695,0.4552898744145375,0.5279320257885484,0.4950256418566144,0.5909885372041955,0.5617703001702296,0.635176233332893,0.6613972797908715,0.6736276871123953,0.7108445132696825,0.7490855597002974,0.8022483643125385,0.8075709901508805,0.8649495545415192,0.8709543890835962,0.887307480721984,0.9108047798820197,0.9157270473386965,0.9547325664159135,0.9933811743934741,1.0539079811340901,1.0539998539374473,1.0944574024189933,2.3909703935225215,1.9984617632670125,1.2766673110351439
1.4515091942634692,1.3609201120711043,1.4517842173533027,1.2691999562524647,1.2717342132144767,1.4157649605110405,1.4576869230953855,1.2866133304440455,2.209491632717459,1.653285521421538,1.7098768074491948,1.525272371425867,1.484991420552666,1.2691359379662133,1.5484516864352964,1.6426713038981562,1.1875577039865424,1.203826765791195,1.019418685155065,1.343966637170465,1.2941079055921283,0.9368233024683458,0.8775939608141445,0.47242601377585475,0.9760616991112171,0.9699797818996491,0.7830076915571628,1.9436109977004745,1.2458664568765123,1.589139485592792,1.6508869054407835,2.0940273147708064,1.6532046405045568,1.9813428693807522,0.5212816861700319,0.0,0.4969127431359072,0.4768925897813578,1.1883113213890906,2.4393440820064387,1.023616664308833,1.6256345928040319,2.4638306738863394,1.436748742616386,1.4986425027650245,1.5781640842206535,1.5531072966809045,1.5042128437419662,1.3999716124610047,1.3653626786297892,1.269163821675616,1.2942744758065925,1.2587780419363381,1.2733957370303295,1.2074065357809014,1.2022890022836388,1.196985444541213,1.1592755167093174,1.0756700784731807,1.072103311277134,1.0834431574068597,1.00251006518894,0.9632911722454638,0.9577570175203404,0.9274148259057104,0.8109355290475229,0.7862368258119121,0.8618985973459884,0.8378332343394544,0.8090412652831815,0.7265131255157747,0.8059085872841636,0.7220051135145202,0.6318735515193208,0.6844308212188204,0.6770029935773137,0.5392377724878195,0.6688346125963778,0.5824073317511251,0.4693104426231151,0.6058986239099907,0.3788358451745899,0.5778126701087585,0.5390694351476253,0.32687277405590526,0.31661339417425033,0.3216917698971482,0.5491327237633666,0.2891787625683773,0.23414453140304156,0.5508699124268083,0.2701806282132068,0.3163700927551298,0.37764810011056255,0.6224051970268621,0.38966239956904897,0.6467071567213614,0.6098613527269258,0.6334244187302873,0.670064093514018,0.4961548728908163,0.6124556341047356,0.7610258779577872,0.6195729849797431,0.7591348924932427,0.87010359741363,0.7593146248676096,0.8799290928667148,0.9261780979541923,0.8461571837601686,1.0022218015452764,1.0034460989137737,1.0262270399914792,1.0347104976561747,0.9755256618797544,1.0985155505059445,0.9899706310777757,1.0815370922591845,1.141116444789608,1.0358373440178679,1.2229100175331855,1.2129355463732052,2.3897073170053598,2.0707690122207594,1.360851139603678
1.5066105888243548,1.450321286556451,1.5561141168758819,1.401663619507249,1.4348758058973539,1.5853838410098626,1.5645531374117594,1.4913483789760515,2.411175894964833,1.7307296529995568,1.436758596967954,1.0624064599133667,1.1430354405666023,0.8681311801902284,1.2842652078166115,1.547927224810239,0.9787425571549027,1.0094418386265174,0.5549789475313224,1.2338427204378986,1.2108083712876128,1.0061896860035835,0.9355034221399775,0.11887174397021372,1.2044786685927644,1.2217632684444901,1.0451033625707575,1.5345541757681742,1.599514635012736,1.8923583266228625,1.948216517242199,2.3728930914716835,1.8064170327168505,2.253546044917739,1.0054119538770148,0.4969127431359072,0.0,0.09551686834978829,0.9111841129867614,2.2323253233269647,0.5539880549865986,1.2161292927287217,2.151558896794072,1.0126295695140786,1.0725018095914305,1.6510662047368712,1.628063724838897,1.4902251560557334,1.4970221483071797,1.482941521899319,1.2910502777789474,1.3947644505165553,1.3119520359641275,1.4060910196634586,1.3006880438476232,1.321421446379072,1.3170159738037213,1.3148437923931247,1.1536120810408372,1.20446211906216,1.2570115357348925,1.2001884295432348,1.0468593054395632,1.1676208073020244,1.1481428795488546,0.9199215728911029,0.8912820480569891,1.0857768695768444,1.0761492843112135,1.0596745102719625,0.9367260489828996,1.073404260305835,0.9722447075878498,0.8556248368812704,1.0214022501440039,1.0144800674709606,0.826933806266169,1.0143543988058723,0.9298870355550292,0.7658152737491111,0.9961005250885622,0.730136786557156,0.978900896145244,0.9742775660801971,0.7542102268492361,0.7586876810791766,0.7782013332891105,1.0155619508057858,0.7590084794694968,0.7122943087334974,1.0269761203028205,0.7576466072013573,0.8127462747416418,0.8736462489635082,1.119314251081495,0.8506583723406055,1.1431261909457762,1.1030928323217362,1.1255650278513643,1.161039643280767,0.9473311228102244,1.053852325409797,1.2357816551968963,1.0379710492597058,1.2163839446756617,1.3288457522987063,1.1818811587179054,1.3288917177454334,1.374482352587252,1.25655391018255,1.4393192820661422,1.4388905867314938,1.4458345210801526,1.4546798833385701,1.3663103143436701,1.5238262701951997,1.3720495243948598,1.480754778807268,1.5454904446354476,1.3584447189621647,1.6315529720602813,1.5972533532398487,2.336965773783956,2.104251748881121,1.466422480810128
1.41113642252525,1.3549159485206723,1.4608107236597219,1.3071436865559403,1.3413487219850644,1.4917759244757895,1.4692784123932163,1.3997027337582244,2.317803167925262,1.6352145044371582,1.3683905076360112,1.0529942667898322,1.0876121422484877,0.8284520694427101,1.213427836711775,1.4583025226378634,0.8970585092337422,0.9262556564343591,0.5448061513887039,1.1441139643402718,1.1191656279747892,0.9110573063936692,0.840343424170114,0.02345224820669712,1.115793815754307,1.1348715366938227,0.9608148607794025,1.501373258301858,1.521743192973214,1.8072168964747697,1.8623194739112812,2.2844307499459835,1.7119055111020036,2.1647264461745492,0.9962234795743962,0.4768925897813578,0.09551686834978829,0.0,1.0064733534547006,2.3278149985950445,0.5478035227025023,1.2982931755800573,2.243347733685364,0.9831653003249543,1.0442216219476157,1.7305021303923702,1.7071828619760108,1.5769703612038073,1.5730595787565187,1.5564999557013366,1.3736399282001097,1.4697717217250743,1.3915813598538467,1.4772905452010618,1.3758470818659212,1.3936693959371147,1.3891187101994538,1.3823745559716374,1.2292411579486937,1.2740110742124695,1.3215604901636915,1.260688936404647,1.1206491426077665,1.2259258966794122,1.2045435198385994,0.9886651156380776,0.9600037325493752,1.1408646833432203,1.128799835325709,1.1100655237688732,0.9914598163264767,1.1211525188306328,1.021248039518815,0.9064382107187855,1.0554570426472487,1.048324666562938,0.8662297111873329,1.0465583068982773,0.9602287026295832,0.8016874435693515,1.01817736563512,0.7544495373445137,0.998094262128091,0.9842217571035043,0.7625590087089723,0.7632378528770541,0.778851513443753,1.0151277344352942,0.7548100022951861,0.7042156600890229,1.0222581850693933,0.7454583569942699,0.7865115435540178,0.8460270700825614,1.094581261408609,0.8041545027697359,1.1149358058776206,1.0698253076501794,1.0910074953874624,1.1251618787900814,0.895982573318701,0.9981304375325262,1.1895475564533118,0.9768900660193038,1.163565242873028,1.2756191427623436,1.119910318495232,1.272514498141421,1.317571911247771,1.1911415415028401,1.3787872095527656,1.3779224495445177,1.3809421225497016,1.3898115777227371,1.2960882238749962,1.4597810635693784,1.3002211091853801,1.4113317049176244,1.476701700686728,1.2779606793494187,1.5631794111687292,1.5243898460921919,2.4282372916002486,2.1888940246825523,1.5412992792137912
2.4148696562649,2.361318195453456,2.4672807860171213,2.311607233044467,2.34170618225586,2.4922916145128764,2.4757335928161632,2.3907831034908726,3.3162938340014474,2.6400790482007923,2.1625616123256646,1.447844753193769,1.8110564812067353,1.4864061790556227,2.0344911419668907,2.4099742982884096,1.8079443309706023,1.845343702161343,1.1222867741648659,2.1013579990056828,2.0907695039287013,1.9173345201731034,1.8466672945187825,1.0299107305800101,2.093448475275542,2.103011569784058,1.9183935240045784,2.010556734422699,2.429969655227053,2.757853286395326,2.817247570681646,3.253249752061287,2.7161695087867823,3.1363387177655877,1.494789353908037,1.1883113213890906,0.9111841129867614,1.0064733534547006,0.0,1.3229288954722167,1.1029151424147907,0.5880018585675716,1.2758562592863418,1.5416466976973455,1.5822173772886396,1.1006216156892488,1.086456863020489,0.8313746477519731,1.0294632425874692,1.0568953559494436,0.7605093695339071,0.9670970083189465,0.8298230157624322,1.0333538496812673,0.8966311169109291,0.9561112234597793,0.9551682800524032,1.0192302808380704,0.7933178480864421,0.9164655583463283,1.019324022023812,1.0328104780460143,0.7629496201423724,1.038160491987429,1.0479279905731895,0.7761727860017937,0.7653966138394905,1.0242107075124465,1.0450161341578459,1.058953313132221,0.9458752537508074,1.0944157237744612,1.022650011715389,0.9464195589656188,1.1897357605716428,1.1871406739901194,1.0342395270311677,1.2010713717583184,1.1637760891984654,1.0316749519419854,1.2710327924141582,1.096088226325595,1.281443046890201,1.3451868328172905,1.2103919457994174,1.2357296976536385,1.2711060591954395,1.4459744553766276,1.2858280800739914,1.2752837592511352,1.482840586647635,1.3280437351612564,1.441606143507621,1.4969361706066668,1.6828719836928108,1.571053636095788,1.7239108920266033,1.71933161754151,1.7461852183741349,1.784756477451201,1.6785736375309404,1.7959806383130563,1.9108145400235115,1.8076545328135432,1.9296586398068236,2.0358384847386146,1.9459468186820694,2.0535465974935394,2.0992117723924215,2.0339856330503094,2.180751562273903,2.182800760020189,2.211280052181718,2.2195954802253373,2.1637559212158433,2.2810863211792367,2.17764416052321,2.2696142847732426,2.3285294017492513,2.207945947616155,2.4092815813109234,2.4011807472567996,1.5274832914428842,1.4209141553337399,1.023746637668239
3.7376579278284217,3.682427149483948,3.7876904708176267,3.6282731339080816,3.6541045954462583,3.8043522624049526,3.7959617273911945,3.695295556222133,4.623956366115415,3.9626104014441528,3.4110189244566436,2.5837869714751833,3.0483997267314793,2.727476246473124,3.2997749044805484,3.719010987308981,3.111506529793386,3.1505381421085383,2.388845051517619,3.414632997605138,3.4081689725227795,3.2372235719903544,3.166736200238201,2.3511960083305383,3.3914205050769506,3.395090096754484,3.207840996522279,3.122515596898758,3.6776219893443534,4.028401097420999,4.090230391351769,4.533048274966472,4.031913779664069,4.419505549602199,2.5971608865199216,2.4393440820064387,2.2323253233269647,2.3278149985950445,1.3229288954722167,0.0,2.3670589945681746,1.3337255109356188,0.5782589842156047,2.737267056823674,2.7632310153019524,1.322325039069095,1.3353902160083293,1.127236135364529,1.443742058890367,1.5090731111087652,1.3394566451144307,1.4893587424707737,1.403205458451723,1.5752713288188718,1.5092907593102967,1.567176165455331,1.5711957412698725,1.665318076491085,1.5478530218517133,1.6468493789923462,1.7294540933208675,1.806057622729924,1.6218160193889373,1.8445101862815938,1.8755293392372976,1.7462074850620093,1.7573286159432164,1.899563185126722,1.9344583207692199,1.9659567334288028,1.9219694697575738,2.000920432926946,1.9880336008409434,1.9793007943044838,2.1662540493665507,2.1677766689582856,2.0998923134348537,2.1863464164985977,2.195124451693674,2.132610077734262,2.29262986622457,2.2280378236350615,2.318047645734298,2.407580260961615,2.356146661849759,2.385952629411691,2.421344695551414,2.521652812520259,2.450126901592484,2.4592197481506433,2.5667504242565107,2.5058778884390986,2.6307318012139085,2.6755925000563408,2.800862636301938,2.79222702047306,2.8473974002387217,2.8658094733395925,2.8922819566214133,2.928481330103318,2.896505449666814,3.0114862636382695,3.075519096707232,3.0386492982493323,3.1178190133445733,3.212273736952719,3.1656297472028414,3.2408497204044786,3.2836985761601407,3.25777787115934,3.3722630536494975,3.37596840902867,3.4183986701605282,3.425946033978397,3.3955070993423373,3.4789882190771966,3.414574583366015,3.4911365671753245,3.543471269736899,3.475135693549714,3.6170733842705443,3.629274985121974,0.7566846293222095,1.1146392026652205,1.478703169918182
1.5092202051817738,1.4975924658094932,1.6061263510694836,1.5012034540431716,1.561908964086294,1.7017249928009968,1.6163144824378712,1.654566479455733,2.5045155814602222,1.7327703288712297,1.059938670418243,0.508452025632877,0.7095241282478132,0.38720344449555844,0.9363678663455509,1.3750111945443355,0.7689200517584122,0.8104936544690253,0.023087536190210152,1.0903363202683145,1.104109378094415,1.116264142531017,1.0537416997959608,0.5511908606391329,1.4288200500562385,1.4657112075155787,1.326536529238382,1.003711444118757,1.9071749969885012,2.1267129692141147,2.172795551344252,2.5556879504935113,1.8842421536848724,2.4340395817666685,1.5439014824001311,1.023616664308833,0.5539880549865986,0.5478035227025023,1.1029151424147907,2.3670589945681746,0.0,1.1209892531314143,2.1481973378050627,0.4841987452640061,0.5392096260867473,2.0706497918334557,2.050108084020135,1.8587466744284504,1.939333515566984,1.9376997207865674,1.700182637545017,1.8446556756923334,1.7393635783310526,1.872810996554274,1.7522749744591408,1.7856319259297944,1.7819474337231571,1.7974609200083371,1.6073639161524678,1.6822401174811092,1.750602940456589,1.7063297287251944,1.5124749425332331,1.6797786030424966,1.6649602965919372,1.4087571495140965,1.3811852602084287,1.606326511401151,1.6015763110961723,1.5892908267524553,1.4604606275733616,1.6070508035938138,1.505187080365547,1.3875063749132397,1.5702015412117014,1.5634540698989938,1.3728465167740944,1.5643818937603777,1.4812173893741845,1.3147906738455275,1.5498622248698986,1.2838279004141857,1.5328866955589484,1.5266548138564588,1.3056396869284115,1.308248863871453,1.3253456552535603,1.562189336208986,1.3023432677836977,1.25201559826404,1.5699954124781315,1.2929759726427048,1.3279766833446083,1.38596422770913,1.6352409655447533,1.3212279064585162,1.652452988733189,1.6022050829208299,1.6216009012143668,1.6536903089353767,1.4013555514999871,1.4904509576925646,1.699868520855593,1.4547286032025313,1.6594767701954936,1.7684122028200338,1.5904867232696616,1.7567265559153988,1.7993505854137262,1.6474604474036942,1.847914526839068,1.845589355886358,1.8342589427520202,1.843015024638259,1.7292254610496824,1.9146134208949466,1.7256566065192254,1.8448552465511863,1.9114556219937573,1.6540899618424705,1.9978267456216423,1.9381449938810216,2.628586966480715,2.4765874798278324,1.9152658962099194
2.6089163710433754,2.581529424173547,2.6907066923168435,2.5618651256944776,2.6091191690853583,2.7568831843122537,2.700349880292315,2.6815760810834113,3.578865098621075,2.8354019415937475,2.1126306939172697,1.254838118437314,1.7490990849546129,1.4397085437681385,2.017219920657211,2.494792393050314,1.8899082804982306,1.9314725025822388,1.1440528548468012,2.210738796628634,2.2212851405810414,2.16193495322921,2.0928011270744866,1.3197947188430774,2.40977115466655,2.431652573290187,2.259104825148658,1.7887927256085794,2.814879712726278,3.1050785871809587,3.159565998522046,3.576614732745222,2.9606595318771367,3.4560239884958537,2.015578268374248,1.6256345928040319,1.2161292927287217,1.2982931755800573,0.5880018585675716,1.3337255109356188,1.1209892531314143,0.0,1.0307539509165273,1.4229018478344604,1.4428535369808062,1.612220567310857,1.6028528429165256,1.3195681667891432,1.575513152506419,1.6120765532209984,1.3114373132243384,1.5275542035756333,1.3874691489281985,1.601176744429936,1.4662797730736203,1.529080677000577,1.5287258529596899,1.598936766057171,1.3747429004995775,1.5001739909344562,1.6041605672299095,1.6204871891574613,1.3504112190082072,1.62615688655542,1.6356496956028608,1.360857000340526,1.348290602318401,1.610419469119179,1.6300190788853965,1.6422853530912058,1.524518524835095,1.6770251104733842,1.600241170631541,1.5150239545396302,1.7599274759677923,1.7566466339762663,1.5901539479123528,1.7691952635497197,1.7229275027779523,1.5762740613697328,1.828325809624613,1.6242109691820972,1.834282524833988,1.887477754722308,1.724987298744113,1.7465311711424476,1.7798816729528901,1.979427202311417,1.7859310003769795,1.7638300083086949,2.0116759383787017,1.8174618298378467,1.9172186589398221,1.97686576706169,2.1890280120110037,2.014604502547739,2.2258247169613754,2.209183852604674,2.235218464085554,2.273680606545927,2.119883473623682,2.234344845692531,2.382639508266998,2.2312004012814537,2.3847589937280134,2.4956622606814816,2.374753617246782,2.505048179039418,2.5513093419842217,2.455850073357552,2.625118591151992,2.625839228921994,2.642240831194398,2.6509525531118303,2.573576893458877,2.717553335389583,2.5817159552030238,2.6860894775765396,2.7493152135263275,2.5745647313310553,2.83410492761309,2.8076646642210914,1.7978080877728284,1.8295453330970677,1.5769023679912895
3.614215817144156,3.5770304268634643,3.685525647942362,3.5440849360565085,3.5830424906447145,3.733063066485585,3.6947337334911206,3.642864322542371,4.559248393645994,3.8414113243713928,3.137631527326071,2.259895373084495,2.775084465926047,2.4694397338359444,3.046503273363797,3.5231849683847907,2.9163241143010983,2.957570786382456,2.1711683267375945,3.2348359581667645,3.2415068106780165,3.143917186768647,3.0734537116238836,2.2664549546432258,3.353620924218011,3.3672058837047194,3.185096785111446,2.761964688261864,3.7055181582989385,4.028952589779922,4.0874312605568734,4.519605519531917,3.947650873436806,4.401365246488874,2.728399041869785,2.4638306738863394,2.151558896794072,2.243347733685364,1.2758562592863418,0.5782589842156047,2.1481973378050627,1.0307539509165273,0.0,2.443331952069297,2.458150327322587,1.6996854585056553,1.705931247644613,1.4415239912529185,1.7753827923056624,1.83637574723134,1.597133898229149,1.7906272719767347,1.6741227856841905,1.880155813920704,1.7817465486709916,1.8473344669716962,1.8500848698953636,1.9437066296120837,1.7739820071319128,1.8931868660417521,1.9910563992396924,2.050910915025369,1.8171325781170533,2.0797923177203486,2.1048586824694477,1.908386647774206,1.9110501822253008,2.1117198596187956,2.1431392073442894,2.169318951887859,2.0934707668764037,2.206453132239276,2.167854118134954,2.128202586218153,2.3493463318178307,2.3490647509858023,2.2380705251996096,2.36625034625315,2.353663124973814,2.25369391772563,2.4591549931034504,2.3345887029848593,2.477979817514326,2.556796273518971,2.4572497421069497,2.484844766369803,2.5208375415986977,2.6663861583418744,2.5410892028073953,2.5371007591145176,2.7078705880917857,2.58853379850689,2.7067413219285563,2.759510856419542,2.9258946922273994,2.84426971627297,2.9696245092600244,2.9735392663530096,3.000529313855941,3.038648116799256,2.9516818649007606,3.0691165818716972,3.172595309210256,3.082766744507475,3.19788019263763,3.301688574875826,3.220110375763333,3.3221660130509325,3.36738185545633,3.3088030810727704,3.4508249389302845,3.4532248339886173,3.4843158727293257,3.492532091637484,3.439356311884909,3.5527514206264654,3.4534516931166452,3.544576320772041,3.602886814138958,3.481238868005561,3.682867380275561,3.6767640856692987,1.3204290081928265,1.6158989379782809,1.8013473755527165
1.4634301078087244,1.4923073996949665,1.591735323857464,1.540403045317948,1.6179863016846998,1.735709802388137,1.6024456251968195,1.73242225131303,2.471019517685877,1.664598938604768,0.6967762679207251,0.22831979234664015,0.34176078933153214,0.1832392209051811,0.6282336847789408,1.1829615987598168,0.6769870333792737,0.7142219201277142,0.47423514982153747,0.9732394403979676,1.0199784830254166,1.2196794263477213,1.1758931901038343,0.9795636223133931,1.5787842431151626,1.6275664747151906,1.5322990562975536,0.522878856555381,2.0889098738635026,2.2336678859339707,2.2689572166440954,2.5987490572084755,1.8706304884083138,2.4798510710881208,1.9546682824697317,1.436748742616386,1.0126295695140786,0.9831653003249543,1.5416466976973455,2.737267056823674,0.4841987452640061,1.4229018478344604,2.443331952069297,0.0,0.06198149984737248,2.548960462160577,2.528901110660309,2.3279808734626135,2.421243302643015,2.420811629435623,2.178517979136795,2.327519219990794,2.220104707703172,2.3567359876646075,2.2354484571362314,2.2695196183691984,2.265869188382681,2.2816213982470637,2.090936359288662,2.166433362828228,2.2342833351000704,2.1886843263183544,1.9966120677681785,2.1611246187140174,2.1453358587358813,1.8923416698855569,1.8646493025658464,2.085689433844202,2.0795235371133654,2.0657555341200764,1.9386158456756284,2.0818624316236156,1.9801352505774608,1.8626469224312912,2.033672709735735,2.0266986963656333,1.8395240487834505,2.0261051211920944,1.9408121791752533,1.778235820636801,2.001309951170115,1.7370504223852945,1.981176940346679,1.9641353958831804,1.7427563490241642,1.7410826670691215,1.7533736184152235,1.9856426819099158,1.7248083721545726,1.6707532674585464,1.9871171717193934,1.7052675615549264,1.71791474089059,1.770971102681871,2.0164554858469885,1.6723623668108833,2.02607819501475,1.966860625755704,1.9825837561528448,2.010295581782614,1.734431348469143,1.804133812759664,2.027766024006519,1.754352582622835,1.9702035759194436,2.071305110047338,1.8752592319077908,2.0496686856796744,2.0878118876694365,1.914214162119303,2.1198536669131327,2.1159564532895376,2.0891569349044046,2.0974197361931637,1.9678267654961092,2.167907117440598,1.956650837470734,2.0782214530654706,2.1431584598730864,1.841779004614516,2.225856171034454,2.1468125644960656,3.066548037886297,2.942431694708779,2.397899203656417
1.4981408457124876,1.5310640416272931,1.629025020690892,1.5831645856467527,1.6619073140512557,1.777102010773374,1.6397338553645613,1.777786561624501,2.5032332525010146,1.6956821713060344,0.6912602312319602,0.21322667725439332,0.349145394923316,0.24263151275382625,0.6366982285249934,1.2016517201822583,0.7168024348061918,0.7526253724572772,0.5303877111168198,1.0044233551213517,1.0544135783840727,1.2696316626445854,1.2274794538698,1.0408485043204703,1.6303712770500534,1.6798191560693485,1.5876552294462531,0.46499484148699866,2.141404890569216,2.2800944982706213,2.3143848509479836,2.63863042133173,1.9067599717006096,2.5202301675936343,2.0166388516631804,1.4986425027650245,1.0725018095914305,1.0442216219476157,1.5822173772886396,2.7632310153019524,0.5392096260867473,1.4428535369808062,2.458150327322587,0.06198149984737248,0.0,2.598643495941754,2.578806355908663,2.3745403211364975,2.472832612392022,2.4733027815325572,2.228359120703601,2.3798172242820566,2.271070477934736,2.4101864698416584,2.2880334851123294,2.3229214892237886,2.31932723564622,2.336309403150229,2.1439548466741654,2.220929391368827,2.2898098767975927,2.2451603789853163,2.0505897552261922,2.2180626785518314,2.202631203014748,1.9479655618718381,1.9203820732543804,2.143293957440956,2.1375035856594904,2.1240693999848776,1.9965194705469236,2.1405041777784337,2.03873028393323,1.9211782826377022,2.0937751537443337,2.0868204137037485,1.899245607864049,2.086362708215246,2.001221115213036,1.8382628605115314,2.062274605301699,1.7978306223494969,2.0423006147245037,2.025678918868928,1.8042558467888383,1.8027052376411024,1.8151118243350552,2.047501367075931,1.7866412555821782,1.7326287363108053,2.049049523942213,1.7672119397315003,1.7798530510158406,1.8328589578306507,2.078250125566501,1.7337060906713158,2.087747719338063,2.028371334944943,2.0440072385005292,2.071603052235258,1.7952460288807457,1.8642336040449645,2.0881976871642136,1.8139626341683948,2.0300378222477957,2.1307292005777425,1.9340860476698851,2.1086754898444453,2.1465757389415674,1.9721271276973489,2.1777773732560126,2.1738040587706076,2.1462165925787895,2.154441879621107,2.0241473033438004,2.2247806920449094,2.012548976773371,2.1340691359494417,2.198813372177791,1.8951950181099415,2.2811739725725566,2.2010210058889528,3.1048232684737274,2.987649087439931,2.450000145517367
3.0280491827003715,2.9390781214139805,3.029371982868082,2.8452521515096683,2.8422638584583546,2.981839454503637,3.035077413378727,2.8431696093546455,3.7435423932929055,3.231448170605278,3.0797566306739776,2.4982653659379834,2.761154271302848,2.452120009957884,2.931320060196698,3.171536846946994,2.627560114493234,2.6563950078335536,2.084541592200117,2.8595491741997336,2.8238939779467325,2.5101678015915394,2.447538958315916,1.7488735520299095,2.5347172628444654,2.5185046965706466,2.3383480293483063,3.051845058259838,2.677021399570374,3.0566330715416354,3.1212945064008104,3.5633163351810535,3.220269737599196,3.46266531586656,1.5034669108915282,1.5781640842206535,1.6510662047368712,1.7305021303923702,1.1006216156892488,1.322325039069095,2.0706497918334557,1.612220567310857,1.6996854585056553,2.548960462160577,2.598643495941754,0.0,0.025222855808372007,0.29716966175291437,0.18440868939701224,0.2377334577038643,0.37051470103567935,0.2862100525370515,0.33911441576530266,0.33220083852566207,0.3707884590029863,0.3827204813109866,0.3881906969987561,0.45289309399725297,0.5087714918064945,0.5117317397593344,0.5349633596534248,0.6268997198808997,0.6218236989360652,0.6756536059372147,0.7115945061317749,0.7707480055559339,0.7973388117999327,0.7646223389284833,0.7986645852318718,0.8339833762123596,0.8666510843022236,0.857675639164916,0.8986935387557891,0.957220221062939,1.0363481388186482,1.0409688831038952,1.071122578429633,1.0591465288774655,1.10678176486237,1.1320993565937734,1.1740378143154189,1.2372978700249337,1.2078380825216908,1.3046288996253297,1.35249174643879,1.3816452695906767,1.410107391246753,1.4127725582417547,1.4510945732852896,1.4846561313907405,1.4591419585936911,1.514586981098071,1.6347270104116343,1.6588647036972368,1.6977186676307614,1.8219357315325078,1.744909555834853,1.7862748568842093,1.809529393009487,1.8394110747129107,1.9085233083012818,2.007470586584221,1.9968250307195654,2.056977987340568,2.064816701193111,2.136522186797416,2.153760052172053,2.1766648283919174,2.2126613771359778,2.244750802975301,2.304031666223254,2.3096675349835447,2.368386805030458,2.3743327405937467,2.3850826148764668,2.4122347458021256,2.4116049622666123,2.457730066572078,2.4967752193760577,2.527275554811728,2.5556596834198166,2.597725275964798,0.9020612856761219,0.4992007475058231,0.22729622781996173
3.003094329352912,2.9140256022803994,3.004264268671608,2.820109382410907,2.8170705438339367,2.9566271202998493,3.0099625839131083,2.817946867248616,3.7183766638603184,3.206387244070505,3.0574893429305687,2.4796386058168345,2.739646905050843,2.431146521562938,2.9088052956295325,3.1473949190002513,2.604227266874286,2.632951617778502,2.063869799251915,2.835500491196699,2.799663026828574,2.485276817333093,2.422704769486386,1.7254737438248422,2.5094979913946673,2.493282230230442,2.3131285036839095,3.032591631260009,2.652177387094283,3.0317041146324977,3.096361785344834,3.5384513711225254,3.195057598352806,3.4377224534348563,1.4788769346452526,1.5531072966809045,1.628063724838897,1.7071828619760108,1.086456863020489,1.3353902160083293,2.050108084020135,1.6028528429165256,1.705931247644613,2.528901110660309,2.578806355908663,0.025222855808372007,0.0,0.29245201951014077,0.15943597883620197,0.21388046105612357,0.35045008496471025,0.26098722515151973,0.3162346479665838,0.30783350797271536,0.3457773424118783,0.3575329240813752,0.36300371931890174,0.4282979057603722,0.4843308145497798,0.48650989352870194,0.510299053512196,0.6022300025157077,0.5972961304720792,0.6509415473449731,0.6868882909010625,0.7459573079031362,0.7726145649741027,0.7396767438717604,0.7737766347550273,0.8091079859565999,0.8414300279529696,0.8329589912575946,0.8735791828890052,0.9320018722148627,1.01171797225261,1.0163081415719053,1.0459094096836543,1.0345121362981688,1.0818321351138451,1.106876786905595,1.1494321032198658,1.2120752716808008,1.1831743811035416,1.2799777522882527,1.3272986641168951,1.356460441606239,1.3849478648928406,1.388277128841223,1.4259148357077052,1.459442255529146,1.4346694358459815,1.4894045592244811,1.609586503497925,1.6338098753775856,1.6733658036619201,1.7967679233244727,1.7205791844674454,1.761721001245355,1.7850204090871964,1.8149847687559908,1.883427656427579,1.9824703714551923,1.9723713578473474,2.0318951618209677,2.040156221235572,2.1121024842265705,2.128845238944491,2.152148675670778,2.1882261954311795,2.219869817807361,2.279604773494308,2.285223803078128,2.3438144989543863,2.3497764042291,2.3602255615580106,2.3878333012245245,2.386710976085974,2.4330513971312278,2.4722164344748254,2.502165726952312,2.531254587704976,2.573072852017882,0.9248381344018205,0.5243601221075161,0.20244310328024287
2.9321816319088327,2.8520888823573936,2.9479058327621566,2.76928041838078,2.775401317187675,2.919959838951623,2.9544505880799146,2.7895776930795493,3.706955783846913,3.1440017555701014,2.8931517096750072,2.26002550256444,2.561505478268186,2.244888699734562,2.750329525743646,3.034134373243521,2.467354218326962,2.499061464206765,1.8745170829274886,2.7200777997128536,2.6913077538966674,2.4124359608714427,2.346430626444477,1.5973562117046451,2.478927047136546,2.4694068235894013,2.284183937089647,2.8192924766318392,2.6764989168164663,3.0479584047452755,3.1120327889847563,3.5573044198014028,3.157240135145593,3.4512301461587174,1.5303944708681134,1.5042128437419662,1.4902251560557334,1.5769703612038073,0.8313746477519731,1.127236135364529,1.8587466744284504,1.3195681667891432,1.4415239912529185,2.3279808734626135,2.3745403211364975,0.29716966175291437,0.29245201951014077,0.0,0.33388834475713314,0.39571842809666447,0.24226934579943685,0.36287829659992,0.285603723503758,0.4503899443695795,0.38620137834350293,0.4408096600909276,0.44503091448395365,0.5385152346920822,0.45745979275267246,0.53237501149435,0.6056504993313585,0.687175317179363,0.557413640429773,0.7293093100607028,0.7626426961569466,0.7062411949063682,0.7267880838425433,0.7967428566645303,0.8326045335644637,0.8665857716155349,0.8531526674540364,0.8985895826746081,0.9067522269261696,0.9298186526543737,1.0736932265985333,1.0765211594917599,1.0523780389299429,1.0954146818198498,1.1215346860012856,1.1015762007797607,1.2079705810041972,1.2061342231079597,1.2377089432437927,1.3326014320195596,1.3312207273856747,1.3615421827575542,1.394051102290491,1.4461855601356206,1.4305024749143265,1.4540063008154993,1.492704885518996,1.4921687122231009,1.6172914122513542,1.6512465083464944,1.7327118666627472,1.797372038530082,1.7802220936989512,1.8105893804362339,1.8357660108745757,1.8691934409172801,1.8930116519134352,2.0004115263625892,2.023521869812822,2.0412634014802973,2.0802781741682765,2.1634187862693866,2.15214699386665,2.1985921035419436,2.238156652446617,2.2447901343269194,2.329152922329612,2.3339564490733564,2.3858935572165967,2.392612561777886,2.3856580075153855,2.437704441678483,2.4093658509041425,2.468843431322625,2.514045640894779,2.5044167765375596,2.579973825900934,2.6093584778399097,0.8860186702775312,0.6196644521325108,0.3615948737364986
2.851078426032256,2.760623830389607,2.849960411285675,2.6651864583499596,2.661010617486033,2.7999327514133148,2.8555346920030784,2.660527739754112,3.559529625300278,3.052823426920369,2.931407497374908,2.383164393173147,2.620120202695834,2.3162983151322094,2.78070906776575,3.0043883148341224,2.4691057772583425,2.49680116988939,1.952015569893593,2.6935174010583025,2.655874699898404,2.3342019420327755,2.2723681714175896,1.5905636151370217,2.3524749812158983,2.335659566394677,2.1561020154865096,2.9306471121653654,2.49278509207041,2.8722684012431365,2.9369258570460786,3.3790412338346627,3.0383595145309914,3.278286801404266,1.319939426626961,1.3999716124610047,1.4970221483071797,1.5730595787565187,1.0294632425874692,1.443742058890367,1.939333515566984,1.575513152506419,1.7753827923056624,2.421243302643015,2.472832612392022,0.18440868939701224,0.15943597883620197,0.33388834475713314,0.0,0.06555818213542229,0.26895488818543306,0.1060577866463472,0.20578359713231625,0.15075385702124955,0.1979913354230634,0.1994427357325165,0.2048861129556361,0.26963961111560925,0.34382495935155144,0.32946844101787043,0.35134179745729754,0.4432167881069198,0.45404821361594755,0.4918107128930563,0.527763343475411,0.5980253755370332,0.6255133187096406,0.5802408225118556,0.6143606309427915,0.6497009531976158,0.6839033300370673,0.6737896681092727,0.7144659683766359,0.7753602006425562,0.8527221395545056,0.8572406252882814,0.8879076370491644,0.8755036960316545,0.922396806203723,0.9497138415533386,0.9904810186558457,1.0546199908979021,1.024086859908316,1.1209114690130741,1.1688153599145004,1.197860130674814,1.2260900500537504,1.229590177572177,1.2672487903811844,1.3013964250795815,1.2760417437420184,1.3307658996310676,1.4505863584059633,1.4744838586481563,1.5150673429047332,1.6379652744072422,1.5623456685873198,1.6028568822949312,1.6262692162189594,1.6564578986134082,1.7242138822226865,1.823062027935618,1.8137589391821773,1.8726389299544544,1.8810439683271678,1.9535778137923003,1.9694120653025629,1.993363678723324,2.0296548699977364,2.0604509133059277,2.121052712091068,2.12662510371112,2.1848874913391003,2.1908868866783004,2.2008229623723543,2.2293484434286324,2.2272850478923227,2.2738974566474774,2.313318336636164,2.343001275205747,2.37275427642788,2.4139682024406737,1.0787173638158722,0.6833808980618111,0.04334554204154931
2.816856223746071,2.7247007009544686,2.8127930374767844,2.6271949309993468,2.6212512823992054,2.7590391059749613,2.818192227698337,2.6182798668097274,3.5134613708435305,3.016595324098029,2.919187257382063,2.388881847049996,2.612396106245857,2.311749764498616,2.767205253405337,2.9792219624797487,2.450709507278959,2.477589404885549,1.9497245805367374,2.6693992626188123,2.6301809137431422,2.3013191934113264,2.2403618387383792,1.573361490283343,2.311109135598655,2.2930799632579135,2.1148071031225117,2.9329629070847276,2.4418634587926067,2.8222400500508966,2.8869357036076586,3.328266785760161,2.997401185571847,3.228387920608701,1.2668955195586395,1.3653626786297892,1.482941521899319,1.5564999557013366,1.0568953559494436,1.5090731111087652,1.9376997207865674,1.6120765532209984,1.83637574723134,2.420811629435623,2.4733027815325572,0.2377334577038643,0.21388046105612357,0.39571842809666447,0.06555818213542229,0.0,0.3006454983853916,0.0944343812450474,0.2270907621326128,0.09606930444024636,0.18544239057384385,0.16505397266442856,0.170078402515861,0.2174557345120667,0.3316782911153192,0.29373437245901063,0.29969136281118314,0.3913831346456764,0.436116288120224,0.4403598551204108,0.47618231176544373,0.5729030336028081,0.6010742810161203,0.5316916435566619,0.5648627131698375,0.5999587054722719,0.643536158537272,0.622135511905368,0.6688391699554714,0.7365598159968539,0.8001180780327769,0.8049121148342586,0.8457092588351858,0.8229285303395655,0.8732876170039795,0.9093371497839321,0.937622031449537,1.0133983257695216,0.9717219151590915,1.0684089479215855,1.1248001829687786,1.1534469359940884,1.1807546436065515,1.1758375494472995,1.2225498313008847,1.2584415123263222,1.222123002821982,1.2860980540603064,1.4045022778391885,1.4265849260971433,1.4603576332550092,1.5925294489279127,1.5074994978522032,1.5495120235509385,1.5725973226040137,1.6022211434938587,1.6769486035840375,1.7741492669951024,1.7597031456192813,1.82506290702858,1.828509544703894,1.8992998893694437,1.9193461987414038,1.9397317448916924,1.9754771193789953,2.0099801442502336,2.066821724765388,2.072502916610332,2.131652051992007,2.1375350089827294,2.1500716138365603,2.174957073589485,2.176932879861703,2.2214829949912605,2.2599804700212087,2.2958100634542467,2.318386892733594,2.361333854749767,1.138040181592813,0.732278707174721,0.03674162401349154
2.705737453550137,2.6228300745671227,2.717177181064203,2.5369355152245774,2.5408957317516285,2.6845077470408256,2.723499703064854,2.5524216143818044,3.4676470663549486,2.915142038725932,2.7135392678863064,2.1302140967171783,2.392104339514355,2.0820272864752787,2.56651487852425,2.8245760079696787,2.269610912558143,2.2996471973788855,1.7141501711055018,2.5112282361757963,2.4790897789770336,2.185984737618943,2.1210142633364475,1.3929232378547847,2.2418902599514197,2.231211883504961,2.046646018924788,2.6823513374426717,2.434254918311865,2.805992934295994,2.870105612862688,3.315310720905817,2.9222060565274157,3.209478799079715,1.2902083359576568,1.269163821675616,1.2910502777789474,1.3736399282001097,0.7605093695339071,1.3394566451144307,1.700182637545017,1.3114373132243384,1.597133898229149,2.178517979136795,2.228359120703601,0.37051470103567935,0.35045008496471025,0.24226934579943685,0.26895488818543306,0.3006454983853916,0.0,0.21911103228886575,0.08116582350227251,0.30171412216830706,0.18515009508173205,0.251882944005617,0.2541526817882765,0.3467460315596653,0.2166473097513599,0.3077567067209172,0.39706868669353107,0.4676633518467796,0.31534060741839104,0.5050852867470119,0.5361618928798292,0.4652756797632222,0.4867937157152533,0.5635006966956996,0.5990373202183116,0.6320316997716133,0.6115154983753119,0.6655283374208742,0.667035353268338,0.6875495821827226,0.8374766441186354,0.8399163729509675,0.8101245909541112,0.8587811755007373,0.8813126723810504,0.8595173842632798,0.9700723935716667,0.9642529552870869,0.9989786091995342,1.0931646352433342,1.089068316631694,1.1193769643157045,1.1518161243190248,1.2070921479040957,1.1883967126624033,1.2124408630764552,1.2534767826049245,1.2501793259520115,1.375193470516409,1.4089786571747365,1.4930465638604333,1.5557522365323273,1.5404991427564787,1.569620584889705,1.5949417581223637,1.6286765862982082,1.6509814417432387,1.7581823641423946,1.7825146233898364,1.799308935455816,1.8384385847071179,1.9222959187419149,1.9098797502994473,1.9570656407171387,1.996861061336882,2.00252098586461,2.087766425124767,2.092506895398404,2.1440127516053007,2.1507675118382594,2.1433901431601083,2.196277348597145,2.1671207582917185,2.2266955599064087,2.2721074560404992,2.263127489145103,2.338395185701853,2.3671981402813116,1.1251742459573657,0.8177702120725233,0.26571379838401743
2.745233670013744,2.6550430827225227,2.7446357974441233,2.5600798377881024,2.5564455196472977,2.6957737267145605,2.750251253053633,2.5569626695281773,3.457999976890697,2.94728878072868,2.8302065754332815,2.2946160824273103,2.5213851241412932,2.219578414559591,2.678876080332675,2.8988030647731216,2.3652481612456366,2.3926705329697557,1.8568528469293948,2.588111892169423,2.550194783319558,2.2282365058737095,2.1663475024274734,1.4870333357751926,2.2485606931890567,2.232297352379388,2.0521884609807293,2.8391515669032703,2.395496564778528,2.774001694247464,2.838610007380087,3.2814138721146637,2.9342054988919775,3.1798259122887926,1.2258381344356388,1.2942744758065925,1.3947644505165553,1.4697717217250743,0.9670970083189465,1.4893587424707737,1.8446556756923334,1.5275542035756333,1.7906272719767347,2.327519219990794,2.3798172242820566,0.2862100525370515,0.26098722515151973,0.36287829659992,0.1060577866463472,0.0944343812450474,0.21911103228886575,0.0,0.1402344279139622,0.08953257755577648,0.09408919216347866,0.0979021632421569,0.10334123883816167,0.18384731621662034,0.24129862584766595,0.2255389452716558,0.26125428266499306,0.35145588308046566,0.3495323397546419,0.39887422165087394,0.4346118827155056,0.49214439216584904,0.5197310255912058,0.48315722097400016,0.5180590325215292,0.5534649873276152,0.5804638600516379,0.5796562679649034,0.6141824687023609,0.6710925337240193,0.7590329875785011,0.7631812700917361,0.7850440549052229,0.781702499547644,0.824569021543422,0.8458965322872144,0.896729396517384,0.9510895362422711,0.9296257979287041,1.0264291217944126,1.066677494659216,1.0959416501078039,1.1247467653303542,1.1365660365117742,1.165454036496216,1.198557079954523,1.183176416994015,1.228905085520297,1.349592344310071,1.3748658009945882,1.4230347154319092,1.5364247524574686,1.4704661704456774,1.508842225511039,1.5326668670375057,1.5636059147701395,1.623940366372527,1.7241050632218111,1.7205316245344255,1.7725407533771462,1.7858117821130497,1.8605671534943293,1.8714571552948205,1.8994510006029952,1.936460082213082,1.9628561631101005,2.0278826909351952,2.0333018928401247,2.0903645982155328,2.0965098424601476,2.1034565376969545,2.136349464376562,2.1295070104838985,2.178332141309291,2.218870931988703,2.2424538166733843,2.2796589718191482,2.318612068135094,1.1665778079213154,0.7849484838508343,0.0716802955802062
2.703062465486224,2.617338031914082,2.7099719764421493,2.5279743518176256,2.5291181722468883,2.671267037541967,2.7160344747525196,2.5366089528441997,3.4472676328935465,2.909833563749353,2.7415362160969083,2.178740399283668,2.425238508891934,2.1185104775420225,2.5926323953128385,2.8354239280560365,2.2886298845428583,2.317629864648015,1.7525602294938192,2.5229100570981733,2.4884610899259876,2.1838859779497786,2.1200188744509827,1.4100738390296796,2.2265545969814005,2.2138263258109676,2.0306611982133846,2.727668650715914,2.4029170531617448,2.777307529194584,2.8416369966558466,3.2862537363143653,2.9094033902227396,3.181856865410991,1.2482811662907665,1.2587780419363381,1.3119520359641275,1.3915813598538467,0.8298230157624322,1.403205458451723,1.7393635783310526,1.3874691489281985,1.6741227856841905,2.220104707703172,2.271070477934736,0.33911441576530266,0.3162346479665838,0.285603723503758,0.20578359713231625,0.2270907621326128,0.08116582350227251,0.1402344279139622,0.0,0.22071666291121098,0.10837218522784162,0.17322457822738593,0.1759783004584107,0.2701276470491323,0.1845412872947603,0.24696957042392914,0.3268175296765507,0.4036963684608135,0.29555296120291125,0.4444950093482927,0.47740340242322654,0.4481284927860387,0.47254719266145156,0.5113740543028148,0.5472616038823044,0.5814396588441652,0.5760849330969682,0.6131129496560915,0.6250533536092436,0.658231165565312,0.7888923779135912,0.7918872142253591,0.7790178603208071,0.8107752167721185,0.8400204831887308,0.8328454988729341,0.923926977513256,0.9384522412906391,0.9542689663034497,1.0497461920966666,1.0606660539137107,1.0907458979870825,1.1220523349939664,1.1628767096317296,1.1602262682920113,1.1875685891596794,1.209489164818222,1.2228265339917346,1.346721402858362,1.377635289085113,1.4497952681889508,1.5299568780996355,1.4973439865104425,1.5295928568422739,1.5544667388135014,1.587337793123925,1.622672173467685,1.727618004355163,1.7424739193612386,1.7713690948714682,1.801636878586037,1.8825482525991553,1.8780525331804399,1.9187483228967168,1.9576580624590134,1.97039430046266,2.048848830417198,2.053823427052582,2.1072684744336283,2.1138238817855757,2.111346462730702,2.1574657979077694,2.135908158244168,2.1918439304176913,2.2356397731273527,2.237963172282917,2.300127176254382,2.3324103948041475,1.1506132684233021,0.8140849870006215,0.19424646856323805
2.7246440690582587,2.6316989561752693,2.719243118097028,2.533332497405321,2.5267414021625307,2.664155217409248,2.724569629610898,2.523027197221023,3.417497628451046,2.923424515738453,2.842847512935993,2.331919884833364,2.540517571302981,2.243332367917636,2.6897643456697575,2.8923814317264815,2.3691952893779074,2.3953956536256564,1.8841005856336286,2.583382446405572,2.5430707257336116,2.209892290444041,2.149429317369143,1.493565049157214,2.2161200059531962,2.197764623320236,2.019858240958029,2.8716035402228925,2.3459878015465665,2.7262577264722996,2.7909502550704155,3.232380810596065,2.902483515231761,3.132396590247895,1.1714403920903325,1.2733957370303295,1.4060910196634586,1.4772905452010618,1.0333538496812673,1.5752713288188718,1.872810996554274,1.601176744429936,1.880155813920704,2.3567359876646075,2.4101864698416584,0.33220083852566207,0.30783350797271536,0.4503899443695795,0.15075385702124955,0.09606930444024636,0.30171412216830706,0.08953257755577648,0.22071666291121098,0.0,0.13687574517494433,0.08731767072159953,0.09086681103798867,0.12140680348190849,0.267773020802104,0.20537289763748298,0.20366201706368517,0.29543341742488605,0.36181142230895635,0.3443825575352903,0.3802368812402849,0.4895926235566336,0.5181245019214245,0.4356603483930841,0.46879341749251674,0.5038927799323862,0.5496033724513724,0.5262493446244277,0.5731620898652285,0.6431692109838103,0.7044752486253318,0.7092033497523575,0.7508371009068752,0.7272830937850991,0.7772189167954255,0.8150672486932692,0.8420728648874047,0.9187474406598117,0.8760499574693767,0.9727835178718095,1.0292996414541666,1.057852243909569,1.0849799118294259,1.0806061828746216,1.126883966168248,1.16316873615922,1.1269577038999334,1.1904278351962918,1.3085931695718318,1.3305274109175862,1.3655395721758354,1.4966951951984513,1.4127471854799776,1.4541727388316004,1.4773706018000061,1.5072104145341843,1.5809166434128912,1.6780862693955758,1.6646295067223977,1.7290119727178772,1.7329473988043544,1.8043213714270439,1.823354705265846,1.8445098508890847,1.8804613642004455,1.9140342328274758,1.9718309185047809,1.9774688855474172,2.0363047791580633,2.042225553958062,2.054165313770206,2.0800360999838325,2.0809764070237664,2.125903816846816,2.164670384737931,2.1997723690586155,2.223460427074232,2.265816402371482,1.229470938225752,0.8282271408844615,0.10774788363644534
2.657346145840708,2.568308433122919,2.6587736460673916,2.474911402049646,2.4727386399339646,2.613017378926874,2.6645187886540174,2.47555885803967,3.380329823571155,2.860691182941437,2.7361283769694076,2.2049365874916695,2.427665995611059,2.126425029955184,2.5847884420350633,2.8066167886303934,2.271519307873206,2.2990632176966743,1.764283098849362,2.495619283261386,2.458213491389503,2.139667395953255,2.0772896920017696,1.3931760317306272,2.1664773048926027,2.1514226229397426,1.9701743574171793,2.747973109891979,2.3251142944523884,2.7019245051025154,2.766430801269509,3.2101473091358925,2.8514162215881043,3.1073051316592992,1.1617737739095184,1.2074065357809014,1.3006880438476232,1.3758470818659212,0.8966311169109291,1.5092907593102967,1.7522749744591408,1.4662797730736203,1.7817465486709916,2.2354484571362314,2.2880334851123294,0.3707884590029863,0.3457773424118783,0.38620137834350293,0.1979913354230634,0.18544239057384385,0.18515009508173205,0.09408919216347866,0.10837218522784162,0.13687574517494433,0.0,0.0674029719447175,0.06920235382855285,0.16200882754732224,0.14722854864424031,0.1525208743862114,0.22021129391385888,0.30132020673202226,0.25607923626773654,0.3447538597785184,0.37902788459454495,0.4011243434015423,0.4282843211693603,0.41930993124319427,0.4550752784864733,0.49007225018382133,0.5018945592276781,0.5195517973414896,0.5424628663938982,0.5898532237406139,0.6977852870378765,0.7013118299258514,0.7068916812227694,0.7201052844640532,0.7560449777541673,0.7652973975940855,0.8344815512527877,0.8709425060257342,0.8661030819099843,0.9624464145744246,0.9893279319677397,1.018976447975749,1.0488517591321302,1.0743835595100812,1.088605185741815,1.119525196926132,1.1210752860513926,1.1518218107160612,1.2739787104813318,1.3016689093320444,1.361502736743976,1.4595718489849736,1.4090493831836768,1.4442726522519487,1.4686572157733249,1.5006246487037964,1.549290926412619,1.6515880793865954,1.6567636936112584,1.698055475792236,1.7190367635279065,1.796922787895484,1.8004188963077576,1.834472630298166,1.8724657979439765,1.8923042794761407,1.9638259113318794,1.969022839555023,2.0243136825904866,2.0306641504341454,2.033147085356141,2.072428592425719,2.058538239157145,2.1106845185696748,2.1528203511326196,2.1668809124279824,2.215479680980418,2.251168590851666,1.2298384981069386,0.8658255945443647,0.16576759823186804
2.653740679004197,2.562466304161939,2.6513288764273453,2.466288586122694,2.461722317005339,2.6005194348088034,2.656844412191521,2.4610967502540726,3.3608761383055605,2.854551936228968,2.758119864745037,2.244713689229112,2.4544291904049507,2.156562551811259,2.6054607280187456,2.814171787641619,2.286903250913874,2.3135213646019257,1.7969807070525003,2.50440071673592,2.4651270026162235,2.1376015728783586,2.0763241543432365,1.410241142352391,2.1530356985668906,2.136253487041749,1.9566632571791573,2.784292596127966,2.2975951445451317,2.6761428901266076,2.740755464400875,3.183522133082539,2.838944174788253,3.081985993347014,1.1282507920299671,1.2022890022836388,1.321421446379072,1.3936693959371147,0.9561112234597793,1.567176165455331,1.7856319259297944,1.529080677000577,1.8473344669716962,2.2695196183691984,2.3229214892237886,0.3827204813109866,0.3575329240813752,0.4408096600909276,0.1994427357325165,0.16505397266442856,0.251882944005617,0.0979021632421569,0.17322457822738593,0.08731767072159953,0.0674029719447175,0.0,0.0054728899749234864,0.09848156851219059,0.18074683160045465,0.13036943532195233,0.167536928020215,0.25560702900368687,0.2755572683195075,0.3022640795547794,0.33780664418566386,0.40813279175428346,0.43641015718927684,0.385327944282305,0.4203156573652323,0.4557136734418717,0.484461391376938,0.4823107070477946,0.5165150598359917,0.5760500925255014,0.6616646271277369,0.6657274323954809,0.6885700337017743,0.6842966573834102,0.7266669611493451,0.7502797918383349,0.799286125818812,0.8551804445018675,0.8320334052800368,0.9288109943041248,0.9697736680657731,0.9989276304935966,1.027482748748347,1.0392086844626764,1.0683862214933542,1.1020926887274556,1.0858429317237537,1.1318729482687775,1.252217561626754,1.2771456675797532,1.3258425732435082,1.4392660543811233,1.373301943242444,1.4112355577157354,1.4351289811388614,1.4662095033256892,1.5263695872860221,1.626299456583719,1.623044302353952,1.6749335529188485,1.6880220978406484,1.7631089274128025,1.7735715356407884,1.8018314811837652,1.8389613829668316,1.8649585601160468,1.930382338636472,1.935773537757872,1.99264757583757,1.9988121172445892,2.0055554180315185,2.0388740077902616,2.0316160187205816,2.0804999937607653,2.1211592566810413,2.14497374680273,2.182157754944323,2.22079562080756,1.2635120610435853,0.8818707237588742,0.15880440633618093
2.648446614553364,2.557129493097679,2.645964066897916,2.4609064613055676,2.4563079660963747,2.595088069370918,2.651475886486205,2.4556480893035157,3.355403764194765,2.8492081810493737,2.7537347804359125,2.2414916193306964,2.4503095917419726,2.1526540563088776,2.601011502251639,2.8091780042574293,2.2822152302901237,2.308793639950774,1.7932509501789806,2.499452355265338,2.460115853028748,2.132345426588241,2.0710944210462627,1.4056546913777266,2.1475968568691,2.130800529547655,1.9512247169143029,2.7807927367995426,2.29215559292322,2.670689326316472,2.7353012425095184,3.1780763392849973,2.8335123484800584,3.076529797471134,1.122885241250703,1.196985444541213,1.3170159738037213,1.3891187101994538,0.9551682800524032,1.5711957412698725,1.7819474337231571,1.5287258529596899,1.8500848698953636,2.265869188382681,2.31932723564622,0.3881906969987561,0.36300371931890174,0.44503091448395365,0.2048861129556361,0.170078402515861,0.2541526817882765,0.10334123883816167,0.1759783004584107,0.09086681103798867,0.06920235382855285,0.0054728899749234864,0.0,0.094885657206442,0.1777950412585888,0.12500890047901242,0.16270980713535063,0.25048333689049396,0.27142882428336446,0.2970422285404344,0.33255712380300045,0.40329567479147416,0.4316016547837742,0.37992375928589284,0.4149299073582172,0.4503258361861248,0.47901724391922906,0.47698518196710415,0.5110463200849267,0.5706372990176712,0.6563323080556648,0.6603837151582901,0.6831100578001984,0.6789591108616735,0.721229075651942,0.7448438314640613,0.793942334185212,0.8497345416154997,0.8266685770285214,0.9234417807798285,0.9643042792582506,0.9934567392866539,1.0220099351008316,1.0338740693347976,1.0629146878831288,1.0966313200655495,1.0805109766234222,1.1264017453768447,1.246744786383011,1.271679923302106,1.3205260776975343,1.4337936395956505,1.3679884101552384,1.4058664116287451,1.429769409854465,1.4608681788976408,1.5208990681607464,1.6208394623750635,1.6176910246442628,1.6694639115144505,1.6826225124939271,1.7577591179580534,1.7681236060361787,1.7964597978258823,1.833606216610445,1.8595155433684256,1.9250268140853273,1.9304143122878357,1.9872606976248084,1.9934283609847592,2.000115426158669,2.0335215484410725,2.026169897735092,2.0750911882721135,2.1157731525854855,2.1395018781038613,2.1768017880776873,2.215390243277276,1.2688162487457693,0.887342604654438,0.16418199795671354
2.6095527650950134,2.5154384604845488,2.602138980588096,2.415771727024261,2.4081712314638697,2.5449796989235045,2.6073540294788558,2.4032590635349065,3.2964456295371787,2.8068699892323097,2.750310867076363,2.2665540643711144,2.4544192713322768,2.1623932240603216,2.595802298598237,2.785056823240828,2.2697343788391864,2.2949478206388116,1.8076986250971037,2.4773600795885153,2.435492842811927,2.09609869277737,2.03639886343193,1.3977442435564211,2.096807382229727,2.0779104413469978,1.9006311064734374,2.799556937981977,2.2246697001100024,2.6048666541533625,2.6695576051902346,3.1110518607849773,2.783240112737389,3.0110010277246793,1.0505829711591714,1.1592755167093174,1.3148437923931247,1.3823745559716374,1.0192302808380704,1.665318076491085,1.7974609200083371,1.598936766057171,1.9437066296120837,2.2816213982470637,2.336309403150229,0.45289309399725297,0.4282979057603722,0.5385152346920822,0.26963961111560925,0.2174557345120667,0.3467460315596653,0.18384731621662034,0.2701276470491323,0.12140680348190849,0.16200882754732224,0.09848156851219059,0.094885657206442,0.0,0.2262436152425366,0.11622243395334525,0.0822635020402118,0.17411857655810092,0.28997843127382195,0.22302085128442842,0.2589064963591425,0.39502231498685486,0.4236224707038391,0.31454272581172726,0.34745097865275143,0.3825130859916869,0.43326332127641104,0.40496618252816086,0.4529599491181199,0.5276070871338755,0.5834580257053117,0.5881036762655224,0.6321793323205689,0.606258102539386,0.6558528758200857,0.6974868643742256,0.7211461888849084,0.8003602530618974,0.7549714087363746,0.8517484358379986,0.9092653328928516,0.9376272800161903,0.9643882976892448,0.9600308399398265,1.0065056915706105,1.0435271877906942,1.006456187459879,1.0700311691791287,1.1876970854524116,1.2092486483079812,1.2454279040757936,1.3759448767347178,1.2927091828158876,1.3334248221529106,1.356751546211594,1.3868445189706191,1.4597180548246351,1.5566957641554968,1.5441739099288128,1.6077534101432083,1.6119378995173306,1.6839661898459437,1.7019601667204594,1.7238708060994044,1.7600571617194865,1.7926659552102056,1.8514496786123111,1.857037319080541,1.915516951938839,1.9214791946491012,1.9328247496121655,1.959729120926523,1.9596008386091852,2.0048661829510737,2.043918866803921,2.0785512826474926,2.10313900993983,2.1448397310776057,1.3468025502810999,0.9496135931697957,0.22630098492228976
2.522221480831537,2.4353117719330357,2.527303159398442,2.3447923953594505,2.3452436199659887,2.4871157642798325,2.533278030416332,2.3521647064584585,3.2628187412763827,2.7278108173512723,2.5889080168642726,2.064193370784568,2.2807644977887724,1.9803041375827015,2.437638118189651,2.6634978372395537,2.125333017145542,2.153143419711113,1.6190760408308356,2.35194757155804,2.3155390616251617,2.0035343144008197,1.9402781499383535,1.2467429323839336,2.042169606585876,2.029303753623296,1.846230120239266,2.604759302212527,2.2212295466538396,2.5945896310687186,2.6588483827577454,3.1037069556916212,2.725304122999271,2.998810913398332,1.073597155126116,1.0756700784731807,1.1536120810408372,1.2292411579486937,0.7933178480864421,1.5478530218517133,1.6073639161524678,1.3747429004995775,1.7739820071319128,2.090936359288662,2.1439548466741654,0.5087714918064945,0.4843308145497798,0.45745979275267246,0.34382495935155144,0.3316782911153192,0.2166473097513599,0.24129862584766595,0.1845412872947603,0.267773020802104,0.14722854864424031,0.18074683160045465,0.1777950412585888,0.2262436152425366,0.0,0.1283845784935124,0.2339242078868078,0.2778502917879213,0.11328557920472745,0.3061335390789624,0.33304607064599,0.2647594070318691,0.29014700941515226,0.3517345080293727,0.3866207353796377,0.4184889700650798,0.39579238866490735,0.45311503650140383,0.4504038067192756,0.4749960063452959,0.6221315860444131,0.6243496749133953,0.5966409458720077,0.6431760339066231,0.664688892260665,0.649015827304689,0.7538154077036878,0.7544914411237487,0.78246442541284,0.8765294441364201,0.8774800797633084,0.9076522147080446,0.9393841781763437,0.9904871747627195,0.9770152227191546,1.003523984771151,1.0368535512574728,1.0393925858618192,1.163683964550308,1.1957389772518834,1.2763995323089077,1.346204272055971,1.323853448980419,1.3532662474763164,1.3785195916526685,1.4121468635507741,1.439660003026767,1.5454816653256358,1.5661857957197933,1.588268385000201,1.6229283058170418,1.7060366400827913,1.696511225726767,1.7411329316908517,1.780721946619114,1.7890128417625042,1.8717016722337296,1.8764984992424616,1.9285666388377942,1.9352574904102204,1.9299482251453737,1.9802487149621617,1.9541287097668734,2.0119592347081614,2.056769807342777,2.054172044283467,2.122517364747159,2.15250565026948,1.3335788044201262,0.9954005185173881,0.31297789080494187
2.52359682369907,2.432138172382854,2.5209594428549686,2.335937949426249,2.3315423437858267,2.470541670115352,2.5264757232225787,2.3314806787689952,3.232819822003908,2.724206524355356,2.6408761798488922,2.150386233218992,2.3421312966979926,2.048443767564989,2.4871167593403296,2.687168420701827,2.1645651212210804,2.190533466024154,1.6926661389167008,2.37804266679312,2.337912058790286,2.007713652109386,1.9466511374860422,1.289939704572662,2.0231939438806874,2.006776234063269,1.8268191240612792,2.6839609677909837,2.1737619890477404,2.5512068068840206,2.6157582118384273,3.0591447683625717,2.7089716807897957,2.956792232652801,1.009258087617818,1.072103311277134,1.20446211906216,1.2740110742124695,0.9164655583463283,1.6468493789923462,1.6822401174811092,1.5001739909344562,1.8931868660417521,2.166433362828228,2.220929391368827,0.5117317397593344,0.48650989352870194,0.53237501149435,0.32946844101787043,0.29373437245901063,0.3077567067209172,0.2255389452716558,0.24696957042392914,0.20537289763748298,0.1525208743862114,0.13036943532195233,0.12500890047901242,0.11622243395334525,0.1283845784935124,0.0,0.10556034631709335,0.16017354014727347,0.1739369121854748,0.19798240833753092,0.23045523401323434,0.2853836394416977,0.31402999339111903,0.2670399356730001,0.30287630037821234,0.33774274855847336,0.35492514158860144,0.3678445842768429,0.3910077467602307,0.44590034788049626,0.5455416230157166,0.5489790387091885,0.5595614665565829,0.5677950814867126,0.6038918953852137,0.6204518736372068,0.6820481761965183,0.7255740184890365,0.7135919352193769,0.8099255626179742,0.8413990915507645,0.8707613849022046,0.8998937680286241,0.9219073921698455,0.9403207149485304,0.9730471657299853,0.9685982262634029,1.003724124786173,1.1248958600107402,1.1512702413536182,1.2090357624624124,1.311354988343271,1.2565856149432186,1.2917889215310485,1.3161505642438935,1.3481040217841547,1.3996870171412725,1.5009528790414206,1.5042548619198448,1.5483829264879576,1.566796795413138,1.644413433208946,1.6492326614332684,1.682036446684436,1.7199708449535478,1.740966011261445,1.8113362639449344,1.81654479403814,1.8719969824103855,1.8783230962476813,1.8817467049299563,1.9199354022086408,1.9073569159945716,1.958624867074196,2.000510640923628,2.0178867997522496,2.063002895060609,2.0990800352671144,1.3821612419217972,1.0104148807482924,0.2891711699241274
2.532424378875411,2.4374209403859437,2.5234566030525696,2.3367515838390682,2.32835438423204,2.4646709222722447,2.5285843890576607,2.3224794016249906,3.2145726086237887,2.728593020889913,2.689943750042251,2.226262046965183,2.3989375362810343,2.1109426268217595,2.534470833688943,2.713762133943097,2.2045156524364384,2.2289776174034466,1.76005007892246,2.407134311687604,2.36411191455964,2.020072963273556,1.960982875810396,1.3362009856322619,2.0164182113291003,1.9970778812914958,1.8203296694408044,2.7539730653136165,2.142424802687993,2.5226033082139327,2.587294429523733,3.0288022301808777,2.702864960478654,2.9287383844544808,0.9686202262938536,1.0834431574068597,1.2570115357348925,1.3215604901636915,1.019324022023812,1.7294540933208675,1.750602940456589,1.6041605672299095,1.9910563992396924,2.2342833351000704,2.2898098767975927,0.5349633596534248,0.510299053512196,0.6056504993313585,0.35134179745729754,0.29969136281118314,0.39706868669353107,0.26125428266499306,0.3268175296765507,0.20366201706368517,0.22021129391385888,0.167536928020215,0.16270980713535063,0.0822635020402118,0.2339242078868078,0.10556034631709335,0.0,0.09193649088719968,0.2643899412202384,0.14077297822907844,0.17667952331564624,0.34198031237302645,0.36986855517041817,0.23283122157495154,0.2653576693138961,0.3003448379862009,0.35696657118141045,0.3227591190775405,0.3722654006216039,0.4516657777330647,0.5014268769535024,0.506010836948596,0.5528722448982237,0.5242178755260904,0.573691462547241,0.6191307183070893,0.6391632668432986,0.721127715645176,0.6728787854504901,0.769678830284592,0.8284391836949128,0.8566139636845261,0.8830219548182209,0.8782710896249579,0.9253330111300272,0.9630198830319125,0.9247433905137412,0.9888297059466051,1.1060143220210377,1.1271806230818986,1.1639625639524098,1.2943848599988594,1.2112902301491881,1.251519880782057,1.2749304871972924,1.3051916412358622,1.377728810838588,1.4744866728691464,1.4624517567509387,1.52570004194467,1.5298604235770867,1.6023038274904937,1.619697247939418,1.6420219324321854,1.6783593107106058,1.7104049733525803,1.769763348638852,1.775318045535405,1.8335694859367688,1.839557406359907,1.8505717962596226,1.8780873149894148,1.877338405671889,1.9227671915509823,1.9619915108711121,1.9965304640775514,2.0214831943821054,2.062774873529143,1.4270300694541351,1.0318770325741582,0.3080521039406575
2.448844796504058,2.3526203619544273,2.4376997291345575,2.250539123952269,2.2409752504095795,2.3765371841598277,2.442702171316592,2.2336310603461924,3.1238440471676467,2.643380007277352,2.627974798264614,2.1891437173770365,2.3432226606598827,2.060480809772382,2.4713952721297736,2.637921203671129,2.136756206521111,2.160239809714889,1.7147907372440283,2.3328045417603525,2.2882923328615647,1.9381603518915596,1.8799348104367208,1.274342987184301,1.9282138202634371,1.9081785514415894,1.732293005026768,2.7099800176167665,2.050563509955835,2.4308574425392844,2.495553730692784,2.9369518869091964,2.614609788762713,2.8370077699366583,0.8767231153413654,1.00251006518894,1.2001884295432348,1.260688936404647,1.0328104780460143,1.806057622729924,1.7063297287251944,1.6204871891574613,2.050910915025369,2.1886843263183544,2.2451603789853163,0.6268997198808997,0.6022300025157077,0.687175317179363,0.4432167881069198,0.3913831346456764,0.4676633518467796,0.35145588308046566,0.4036963684608135,0.29543341742488605,0.30132020673202226,0.25560702900368687,0.25048333689049396,0.17411857655810092,0.2778502917879213,0.16017354014727347,0.09193649088719968,0.0,0.2702061327741943,0.04901468863659406,0.08480370330897154,0.3041298738437578,0.3295244274925827,0.1437757255224383,0.17469411126905798,0.20929019869034496,0.278970924309459,0.2308476911258833,0.28495431975690894,0.3730390845364123,0.4095125886793158,0.41407813957323236,0.4675458715589013,0.43229947833798665,0.4824715723227061,0.5352533496484319,0.5472645397537513,0.635493273266712,0.5809449382360818,0.6777486586216809,0.7399038476426779,0.7677209814599117,0.7934616312315048,0.7864872685645221,0.83611141959112,0.8749450949931185,0.8329878946162922,0.899527103707013,1.0157776531640115,1.0361233675210493,1.0723696391700255,1.2043455918569748,1.1197294807849174,1.1596447609423968,1.1830979221687583,1.2134604626876253,1.2868302924543789,1.3830265039524028,1.3706730179865463,1.4346486257311604,1.4379269104502193,1.5105594729396385,1.5279672343646835,1.5501700246550907,1.586591636283905,1.618606093379836,1.6780013523221577,1.6835361404585572,1.741671977334994,1.7476702981075969,1.7587327057191147,1.7863514170815236,1.7855536397229694,1.8308312414405172,1.8701015486215098,1.9055318452648566,1.929736705836845,1.970842849615115,1.517927588201888,1.1236490709826403,0.39994670219640793
2.4090667816620943,2.3224384366492714,2.4146966030159898,2.232489706509699,2.2336021877150154,2.375906112335194,2.42071663566602,2.241773444623441,3.1543386705415197,2.614940536384363,2.4832858254483563,1.9774625957246403,2.178882531825506,1.8816701285761726,2.331112529553884,2.5512035491479934,2.0157544102249316,2.0431382074889197,1.5233991773861761,2.2399241477536314,2.2030493929519586,1.8903090551021196,1.8270072252800056,1.1377282514051983,1.9315612770121016,1.9194501524769914,1.7358114968449492,2.5129665211515277,2.1191808776629095,2.4906526392882817,2.5547655904272903,2.999973063970161,2.6139959149571697,2.8941739087620744,0.9828686825919932,0.9632911722454638,1.0468593054395632,1.1206491426077665,0.7629496201423724,1.6218160193889373,1.5124749425332331,1.3504112190082072,1.8171325781170533,1.9966120677681785,2.0505897552261922,0.6218236989360652,0.5972961304720792,0.557413640429773,0.45404821361594755,0.436116288120224,0.31534060741839104,0.3495323397546419,0.29555296120291125,0.36181142230895635,0.25607923626773654,0.2755572683195075,0.27142882428336446,0.28997843127382195,0.11328557920472745,0.1739369121854748,0.2643899412202384,0.2702061327741943,0.0,0.28076340579260206,0.29751703528073487,0.1526204441684588,0.17719340152204296,0.2949620599082053,0.3260086392896773,0.35294350724804324,0.3023809422851469,0.38983586383877233,0.36621782729058305,0.37298889630227683,0.5453709471420598,0.5465601603315544,0.4959270106031908,0.5649861793046861,0.5757142894166976,0.5441867605112382,0.6709750278942184,0.6489347808227535,0.6971769115693375,0.788688792867047,0.7738093510574076,0.8041349720534874,0.8367414517652572,0.9030277605589948,0.8730935672982115,0.8972917405457588,0.9488600616437449,0.9348389310894316,1.0598860503569627,1.09414021945102,1.186597911001121,1.240537212644002,1.2338065126529258,1.259621582285094,1.2853078978903592,1.319814893730439,1.3356477371402111,1.4430652066783276,1.4722039239343847,1.4839684441181564,1.525693896478348,1.6115764250163351,1.5949944887803804,1.6452213941631648,1.6856369130226547,1.6876897704289842,1.776252540577028,1.7808186904189627,1.8310406495685703,1.837907241605234,1.8285086835362694,1.8846089368437873,1.8520552238343677,1.9127400565103718,1.9589204730526493,1.9480967581680844,2.0262650595186456,2.0531715136776985,1.4395454892612114,1.1083135154947883,0.42085854169169
2.402557020336713,2.3058178531348648,2.3904948712218967,2.203158800143575,2.193134382158198,2.3284086225902234,2.3954458824814426,2.1852528699620004,3.074916126230274,2.596388765288472,2.5919353859033105,2.1659820983520546,2.3104148454899294,2.030481682924909,2.434844377934142,2.59513081253212,2.09797533980948,2.120969188086326,1.6877178223452798,2.2907781123346576,2.2455647840784794,1.8926623511079455,1.8348388371374933,1.2390518128532022,1.8800753239907964,1.8597921788969198,1.6842268279905237,2.683030492794267,2.001652442257319,2.381882739409449,2.446577321247913,2.8880318425519884,2.566431120056636,2.788028313176328,0.8281902562637213,0.9577570175203404,1.1676208073020244,1.2259258966794122,1.038160491987429,1.8445101862815938,1.6797786030424966,1.62615688655542,2.0797923177203486,2.1611246187140174,2.2180626785518314,0.6756536059372147,0.6509415473449731,0.7293093100607028,0.4918107128930563,0.4403598551204108,0.5050852867470119,0.39887422165087394,0.4444950093482927,0.3443825575352903,0.3447538597785184,0.3022640795547794,0.2970422285404344,0.22302085128442842,0.3061335390789624,0.19798240833753092,0.14077297822907844,0.04901468863659406,0.28076340579260206,0.0,0.03595265480397261,0.28879404871873926,0.31191651034475404,0.09646336755760201,0.1260200197590567,0.16039309240995445,0.23809832643903847,0.18202204641993006,0.23792279825665388,0.330861554173625,0.36096683743078894,0.3654345892093723,0.42114963237527037,0.3837328954273799,0.4334825855803787,0.48950115538679867,0.49875092941043075,0.5887271168854603,0.5322761534682893,0.6291018652129832,0.6917701275130942,0.7194368285030913,0.7449220339350887,0.7381952066366751,0.7876885957431194,0.8269644871020997,0.7847388772952572,0.851065291482615,0.9669974693814797,0.9871474067279824,1.0243349485857707,1.1556148573740164,1.0717327596832946,1.1111564225778348,1.134695795574999,1.165225002534437,1.2378794634124453,1.3340118201652553,1.3223579249924338,1.3856698781176358,1.3892409944344668,1.462293815951003,1.4789864230872827,1.5017217069614273,1.5382883434751777,1.5696529331797675,1.6297048335555897,1.6352082958749696,1.693119372944838,1.6991435203842769,1.709803902571471,1.7380918793232518,1.736593850781544,1.782116040749659,1.8215666218190605,1.8565589345302063,1.8814589309826801,1.9221641019369788,1.5654481508399223,1.1726090397782827,0.44858084599513437
2.370462174431976,2.273193119116543,2.357435821239824,2.169913495574897,2.159363592172538,2.2942867972832333,2.3623305301160364,2.150813163499921,3.0395883383769875,2.5635531972773955,2.5690867570171685,2.153695298806524,2.290311639851377,2.0127496039114954,2.4115831422249743,2.5663762350126627,2.0728473660072986,2.095409952923354,1.6724756155948988,2.2627456506891703,2.2168975298189486,1.8613951268191087,1.803973807834682,1.2172087544832002,1.8459531227148736,1.8253490607831389,1.6502023012064024,2.667624503677512,1.9657652595969988,2.346061353401865,2.410758651100903,2.8521513252426685,2.532242174281259,2.7522146512960792,0.7922442218209517,0.9274148259057104,1.1481428795488546,1.2045435198385994,1.0479279905731895,1.8755293392372976,1.6649602965919372,1.6356496956028608,2.1048586824694477,2.1453358587358813,2.202631203014748,0.7115945061317749,0.6868882909010625,0.7626426961569466,0.527763343475411,0.47618231176544373,0.5361618928798292,0.4346118827155056,0.47740340242322654,0.3802368812402849,0.37902788459454495,0.33780664418566386,0.33255712380300045,0.2589064963591425,0.33304607064599,0.23045523401323434,0.17667952331564624,0.08480370330897154,0.29751703528073487,0.03595265480397261,0.0,0.28697421706393067,0.30790037234731776,0.06596499826514383,0.09180167799625157,0.125405094682123,0.21361639887507783,0.14608532628310017,0.20594303709791817,0.3041654447629513,0.32502373150545466,0.32948253248199855,0.38947580181928215,0.34778669652,0.39802916974272556,0.45846195038002857,0.46280972812759735,0.5564411486063956,0.4963235379304875,0.5931492612118332,0.6577648692733747,0.6852203307144115,0.7103314645230767,0.7022933898084548,0.7532641130762483,0.7931280492630989,0.7488469013975837,0.8165756813878439,0.9319934454301528,0.9517098048798461,0.9884995840604135,1.1206867528314934,1.035908484883129,1.0752146739659194,1.0987671842184796,1.1293317655055355,1.2025097152791644,1.2983482874427519,1.2864454049858598,1.3502160772289566,1.3532894423887691,1.4263915608213193,1.4431758571256332,1.4657845182522686,1.5023774275169242,1.533803037554401,1.5937950508997691,1.5992919446934504,1.6571701897176911,1.6631965475326447,1.673930219091883,1.7021899411644559,1.7007518001637036,1.7461667454355352,1.7856188113083582,1.8211191559874138,1.8455524801895515,1.8862123482690456,1.6011562295112738,1.2084518373772588,0.48453245161182895
2.2580102204712937,2.170641815066465,2.262543848676712,2.0800971595803035,2.0809956754603576,2.223291356660973,2.268519706046843,2.0893134181638513,3.0026798117066003,2.4631359580289005,2.355884929651448,1.887004063653141,2.0596179934471155,1.7694435599312397,2.201878387738147,2.40697123166416,1.8796026679995057,1.9058614017641327,1.4181065200836902,2.0967130635801805,2.0582048670698203,1.7396593430356295,1.6768222865800575,1.0045562096006844,1.7790494752802364,1.7671907818863712,1.5833586645079085,2.4122611662718563,1.9726313343302013,2.3423165227753664,2.4062928531852514,2.8517032999235257,2.461376316017879,2.745186697462974,0.8510693980883249,0.8109355290475229,0.9199215728911029,0.9886651156380776,0.7761727860017937,1.7462074850620093,1.4087571495140965,1.360857000340526,1.908386647774206,1.8923416698855569,1.9479655618718381,0.7707480055559339,0.7459573079031362,0.7062411949063682,0.5980253755370332,0.5729030336028081,0.4652756797632222,0.49214439216584904,0.4481284927860387,0.4895926235566336,0.4011243434015423,0.40813279175428346,0.40329567479147416,0.39502231498685486,0.2647594070318691,0.2853836394416977,0.34198031237302645,0.3041298738437578,0.1526204441684588,0.28879404871873926,0.28697421706393067,0.0,0.028670001546091048,0.2509650286568039,0.2691639274626106,0.2831693384998132,0.18516580440248823,0.3192228839027727,0.26072858989922715,0.23344126365014506,0.44129050165257944,0.44080030913552315,0.3555342250447154,0.45787589107166604,0.4515111709100535,0.3975344527287827,0.5537657246344939,0.5008519172943456,0.5758772622588149,0.6624259907449057,0.6273392654828422,0.6577291795089334,0.6911942331071307,0.776087713227274,0.7260500301526132,0.7479106573045582,0.8208320657669106,0.7870084247362141,0.9125837469553761,0.9490357438083401,1.0548948257713264,1.0912805003450101,1.1016101112899743,1.1230358086157313,1.1491525619652672,1.1845906343532315,1.1877958345399104,1.2966245218779877,1.3346925099381288,1.3357335535367643,1.3844844239195357,1.4732675630225132,1.4492849074607002,1.5052663805037845,1.5465244266672302,1.5420894582522722,1.636622098082059,1.6409339092415047,1.6891442501111722,1.6961872574997165,1.6826915284089698,1.74464686684554,1.7056226278137852,1.7690395058651,1.8165724578277678,1.7981764752105558,1.8855153099342021,1.9092555022077364,1.5904162645080393,1.2601081158259648,0.5620240295458571
2.2321014356644806,2.1452558925428873,2.2375220708848973,2.0554286556852697,2.056976028005685,2.1996348867944953,2.2435532244784158,2.066306901296992,2.980863304085758,2.4377577014071736,2.3272173506292275,1.8604182194495331,2.0311199815470413,1.741274176980369,2.1732094846853838,2.3791639732895633,1.85108080618839,1.8773949750418242,1.390419098698506,2.0687590782046494,2.0304800845562294,1.7135213228037283,1.6504642931398636,0.9759115802795182,1.7559151363298753,1.7446212667113117,1.5604021397682197,2.3847688868451398,1.9545202580675023,2.323124803131327,2.3870099816932537,2.832506058353558,2.437625048139076,2.725547549492737,0.8400279735708654,0.7862368258119121,0.8912820480569891,0.9600037325493752,0.7653966138394905,1.7573286159432164,1.3811852602084287,1.348290602318401,1.9110501822253008,1.8646493025658464,1.9203820732543804,0.7973388117999327,0.7726145649741027,0.7267880838425433,0.6255133187096406,0.6010742810161203,0.4867937157152533,0.5197310255912058,0.47254719266145156,0.5181245019214245,0.4282843211693603,0.43641015718927684,0.4316016547837742,0.4236224707038391,0.29014700941515226,0.31402999339111903,0.36986855517041817,0.3295244274925827,0.17719340152204296,0.31191651034475404,0.30790037234731776,0.028670001546091048,0.0,0.26771491736923847,0.2830394090555486,0.2940090384926187,0.1858239090647003,0.3290879090526864,0.26285044326452894,0.22250245389253165,0.4410009388027042,0.44002900086667807,0.34264262041051696,0.4565537398273652,0.4447091143774977,0.3807867922173291,0.5486826925298185,0.48278826430890365,0.5693439913883089,0.6538480828995367,0.6100479929098155,0.6404234111929069,0.6743300122660799,0.7669511496957219,0.7082597485704902,0.7285273512800752,0.8112138094316971,0.7686558832094732,0.8944460191323427,0.932108203022096,1.0435910497036522,1.0717615867507495,1.0900735499998415,1.1098043883213593,1.1360680867412145,1.1718379214807828,1.1691577722016502,1.2787612639743264,1.3209311776770032,1.3167993670454348,1.3691416622523584,1.4591067571919598,1.4317570799597212,1.4904081531607396,1.5320000649900176,1.524587524771956,1.621845483232043,1.626049133219902,1.6733725458213198,1.6804916243346661,1.6650351408647437,1.729692591466054,1.6876315716936319,1.7524147245628228,1.8005598021147022,1.7779898371956357,1.8701844892170796,1.8924929059100792,1.6118573978169564,1.2854727242987993,0.5898233134191186
2.306103992751173,2.209373439231898,2.294151117803383,2.1068913366636246,2.097199711627999,2.2328166749999623,2.299122364756095,2.090094327707976,2.981904914104987,2.4999803392159605,2.504450885360783,2.0974203270964438,2.2272771109345126,1.9514877250685505,2.346760511490788,2.5004680224856477,2.007325286264591,2.0297651726434025,1.6134432839006205,2.1967825341803775,2.1509771701761133,1.796392805688285,1.738731519280984,1.1532492998235837,1.7845006696497216,1.7646563496864924,1.5885521156694982,2.6082392995825283,1.9127825714257325,2.2920304975820165,2.35668617523598,2.798932003838129,2.470912499900812,2.698046416892774,0.7434003736874207,0.8618985973459884,1.0857768695768444,1.1408646833432203,1.0242107075124465,1.899563185126722,1.606326511401151,1.610419469119179,2.1117198596187956,2.085689433844202,2.143293957440956,0.7646223389284833,0.7396767438717604,0.7967428566645303,0.5802408225118556,0.5316916435566619,0.5635006966956996,0.48315722097400016,0.5113740543028148,0.4356603483930841,0.41930993124319427,0.385327944282305,0.37992375928589284,0.31454272581172726,0.3517345080293727,0.2670399356730001,0.23283122157495154,0.1437757255224383,0.2949620599082053,0.09646336755760201,0.06596499826514383,0.2509650286568039,0.26771491736923847,0.0,0.035904498640146186,0.07078770661732006,0.14940786526830419,0.1020631010668384,0.14146923851204857,0.23849520511249941,0.2785052514636622,0.2820036391308608,0.3247178987589774,0.30079576499549904,0.34215954390727443,0.39325640298133757,0.41526822617283565,0.49226728864757563,0.4473053858110087,0.5439308966757397,0.5962184251221117,0.6241494353797717,0.6502522331215784,0.6552608574030199,0.6926954145389794,0.7311896874900031,0.7019500547520573,0.7561601074295372,0.8732028837419876,0.8949385342356571,0.9423227627229291,1.0615536415028177,0.9898579166543865,1.0262732572177278,1.0503573664187242,1.0818792568430948,1.1452579690098148,1.242966176303612,1.2383889548789144,1.2933867665136556,1.3027034314284316,1.3785171897116193,1.3891921293974818,1.4168007326200145,1.4542422041782115,1.4803154110344103,1.5456483693684537,1.5509628753049145,1.6074131446526732,1.6136102612230008,1.620775423119099,1.6541980232792788,1.647106332602718,1.6951768642634628,1.735931215353846,1.764118462797875,1.7973988911002174,1.8354677243331317,1.647591443058114,1.2630136441959299,0.5373661898941352
2.279173221007761,2.1816239394389596,2.265709421075151,2.0781453928225666,2.067571596797171,2.2025788002594595,2.2705895961979947,2.059271825819412,2.949305887859551,2.4718959936104814,2.4898502469968573,2.0951435569635404,2.216056079365201,1.9431637234123023,2.331691117368258,2.4783009632045774,1.9900061187281242,2.0118877498771806,1.6082055418337746,2.175627048970919,2.1289697751989825,1.7707323699462878,1.713671324469407,1.1405906531702443,1.7542436997875246,1.7338091644739944,1.5584592882476989,2.6022948513880557,1.8784410605356991,2.2580064360496133,2.3226767883479873,2.764680766133025,2.4405620165392943,2.6640749396165617,0.7080741648887298,0.8378332343394544,1.0761492843112135,1.128799835325709,1.0450161341578459,1.9344583207692199,1.6015763110961723,1.6300190788853965,2.1431392073442894,2.0795235371133654,2.1375035856594904,0.7986645852318718,0.7737766347550273,0.8326045335644637,0.6143606309427915,0.5648627131698375,0.5990373202183116,0.5180590325215292,0.5472616038823044,0.46879341749251674,0.4550752784864733,0.4203156573652323,0.4149299073582172,0.34745097865275143,0.3866207353796377,0.30287630037821234,0.2653576693138961,0.17469411126905798,0.3260086392896773,0.1260200197590567,0.09180167799625157,0.2691639274626106,0.2830394090555486,0.035904498640146186,0.0,0.03540944445549212,0.14112524614855612,0.06654984723446505,0.11588492259183487,0.2227705926001834,0.242710073250395,0.2462896985847296,0.29896731622942946,0.2650547271873307,0.30843605969282395,0.3685344560027141,0.37965664916417224,0.46521439430640343,0.4119027051369295,0.5086044072315082,0.5660045031004953,0.5935368868217059,0.618903807245729,0.6196769400770855,0.6617026999501924,0.701337798804374,0.6663612160527491,0.7250633009110089,0.8410858019830227,0.8618238012469525,0.9066942405207541,1.0296544391331208,0.9542218377555204,0.9910075803181287,1.0150132264931633,1.0464078535026187,1.1123890805627235,1.2093416668594321,1.2030113674395975,1.2603423818823143,1.2677607894685115,1.3431240467366943,1.355111483230787,1.3815758150571822,1.418890121498966,1.4460931830675012,1.5103028543719184,1.5156442223676192,1.5723319345063993,1.5784987801126689,1.5864673333292736,1.6188356168139686,1.612940417733634,1.6603429871578548,1.7008436837325647,1.7311762692025365,1.7620654259639288,1.8005887384956452,1.6830116453345942,1.2966808880751393,0.5713685631024532
2.2479030407876945,2.149787397450264,2.2333974111177017,2.0456409598755663,2.0344958981546766,2.169119046237108,2.2382164553534927,2.0254695655404418,2.9145541332529885,2.439814803433563,2.468430588291953,2.0850208332071913,2.1976553952233955,1.9274459737613518,2.3098895801829924,2.4505991555857585,1.9663410829611503,1.9877477187464632,1.5954604229129545,2.148763606226292,2.1014315525327167,1.7404300365027812,1.6838252697555525,1.1213139217272465,1.720793282957633,1.700006518730608,1.5251234414711639,2.5886243168291982,1.8430877855660337,2.222725286687761,2.2873992993443655,2.729343526480493,2.407026409315982,2.6288065112837766,0.6727294092277238,0.8090412652831815,1.0596745102719625,1.1100655237688732,1.058953313132221,1.9659567334288028,1.5892908267524553,1.6422853530912058,2.169318951887859,2.0657555341200764,2.1240693999848776,0.8339833762123596,0.8091079859565999,0.8665857716155349,0.6497009531976158,0.5999587054722719,0.6320316997716133,0.5534649873276152,0.5814396588441652,0.5038927799323862,0.49007225018382133,0.4557136734418717,0.4503258361861248,0.3825130859916869,0.4184889700650798,0.33774274855847336,0.3003448379862009,0.20929019869034496,0.35294350724804324,0.16039309240995445,0.125405094682123,0.2831693384998132,0.2940090384926187,0.07078770661732006,0.03540944445549212,0.0,0.13307670944128455,0.03730515547342602,0.0899473764631281,0.20407741204650803,0.20782618506966277,0.21124409075070769,0.26981009775820325,0.2300528881711867,0.2733469669149223,0.3399623817502933,0.34448061250917583,0.4344599862738211,0.37658443337302333,0.47325729921167725,0.5328100103628995,0.5600632459067342,0.5849562983478153,0.5844765930290857,0.627958020339507,0.6683156961129564,0.6311652311237091,0.6912340839603989,0.806647380054401,0.8268956673770058,0.8715350923299565,0.9953100548190675,0.9190702234477462,0.9556455657375712,0.9796768708569344,1.011130749341963,1.0775540427032637,1.1741959805001252,1.1676888939827483,1.2254232213990628,1.2323524814278644,1.3078086058109892,1.3198216099207298,1.3462043971215525,1.3835580321808592,1.4107674680615028,1.4749684762517088,1.480300258491312,1.5369348702652488,1.5431058466277037,1.551122011714594,1.5835079359229325,1.577626732821989,1.6249338775395488,1.665447579787176,1.696288099724746,1.7267270674872481,1.7651793195592622,1.718308928428614,1.3318935131921192,0.6066877514462464
2.1762929729377274,2.082388076773232,2.1696470531983687,1.9837652072631755,1.9778519918017543,2.1161915965308755,2.1749667464756324,1.976654302179827,2.878615878161083,2.3739752692672984,2.3554742444993995,1.9542518346665818,2.0779239307098556,1.8030349627411875,2.197976028357594,2.3590846754977552,1.8599667345903315,1.8828819775185257,1.4671282378785924,2.0538337352554943,2.0094411364838876,1.66323742907239,1.6040218088668314,1.0038878982452013,1.668602575502198,1.6518793432066916,1.472233986405627,2.461349124507839,1.826858769899588,2.201853369366289,2.2662585296317244,2.7105878171308637,2.354605596488426,2.606795956757109,0.6806196977763358,0.7265131255157747,0.9367260489828996,0.9914598163264767,0.9458752537508074,1.9219694697575738,1.4604606275733616,1.524518524835095,2.0934707668764037,1.9386158456756284,1.9965194705469236,0.8666510843022236,0.8414300279529696,0.8531526674540364,0.6839033300370673,0.643536158537272,0.6115154983753119,0.5804638600516379,0.5760849330969682,0.5496033724513724,0.5018945592276781,0.484461391376938,0.47901724391922906,0.43326332127641104,0.39579238866490735,0.35492514158860144,0.35696657118141045,0.278970924309459,0.3023809422851469,0.23809832643903847,0.21361639887507783,0.18516580440248823,0.1858239090647003,0.14940786526830419,0.14112524614855612,0.13307670944128455,0.0,0.1603468685903392,0.07728141296795746,0.09471311743568303,0.2561471147363623,0.2556384735959181,0.20502440000269737,0.2727921999634713,0.2735457377485764,0.26594969463984275,0.37168276360182084,0.37072382120687863,0.396101408075787,0.48649006976589554,0.4874333727996588,0.5171038055101478,0.5472858157557855,0.6008169725162827,0.5867350244592217,0.6182295640830514,0.646548854316557,0.6499281731311839,0.7723812381306899,0.8017445588087843,0.8842703764209963,0.9576776800529893,0.9315137886922515,0.9584434544828857,0.9839306711421065,1.0180913923736068,1.0480025591199145,1.1517995434376582,1.1712551460995,1.1967819111153915,1.2271447375958366,1.3109240193505327,1.301983104394526,1.3455525693686456,1.3853861502463525,1.3943098936889367,1.4762610554150826,1.4809924306421407,1.532777877182912,1.5394767188998515,1.5352619305052901,1.5847645282251925,1.5598800803228048,1.6163202359465008,1.660977549228502,1.6651002795104655,1.7268947327348494,1.7568784537637578,1.7264386441089077,1.3652633063704234,0.6428016717498434
2.2390028799167623,2.139622555010318,2.2220728783967374,2.033869357707838,2.021206054710581,2.1546942892547793,2.226738958208339,2.0100003090452994,2.8953320566060126,2.4290194496660353,2.4755945682905116,2.104696752629873,2.208619583364045,1.9415259033164605,2.316585828968798,2.448491750365444,1.9705819717019206,1.9913042415081104,1.61276155715615,2.148113618556288,2.0996759002316328,1.7336977486110356,1.6780200359929673,1.1317395748654875,1.7064921756742315,1.6846078211005362,1.5112231753001097,2.604723304266386,1.8197403518208415,2.20019390285405,2.264898019061855,2.7061377022688973,2.392336262614816,2.6063651123094043,0.6464090026947743,0.8059085872841636,1.073404260305835,1.1211525188306328,1.0944157237744612,2.000920432926946,1.6070508035938138,1.6770251104733842,2.206453132239276,2.0818624316236156,2.1405041777784337,0.857675639164916,0.8329589912575946,0.8985895826746081,0.6737896681092727,0.622135511905368,0.6655283374208742,0.5796562679649034,0.6131129496560915,0.5262493446244277,0.5195517973414896,0.4823107070477946,0.47698518196710415,0.40496618252816086,0.45311503650140383,0.3678445842768429,0.3227591190775405,0.2308476911258833,0.38983586383877233,0.18202204641993006,0.14608532628310017,0.3192228839027727,0.3290879090526864,0.1020631010668384,0.06654984723446505,0.03730515547342602,0.1603468685903392,0.0,0.10186382364348534,0.21954442989126222,0.1793767898295452,0.18359985335024445,0.26861168469527064,0.20205665832776315,0.2542222024250761,0.33906533610226974,0.3171011713131851,0.42851435446672625,0.35034223865884934,0.4471824010580678,0.5203393439089783,0.5466640469387315,0.5699222625705502,0.5569175594031752,0.6135280552456306,0.6560233208092253,0.6035406659975373,0.6764063618652757,0.7894003341653912,0.8072965994715612,0.8435553662926345,0.978279392327063,0.8910295779774269,0.9294162864433557,0.9530991570451797,0.9839502900963323,1.058283586476776,1.1530113654569945,1.140902239261228,1.205636565989088,1.2072565252523215,1.2809195902931834,1.297352613675828,1.3200202935125476,1.3568357207387223,1.3878688260260938,1.448258269468152,1.4537039198437065,1.5112639054472408,1.5173211248483665,1.527936112361155,1.5567077130183071,1.5548358677147494,1.6001114965699461,1.6397308529082568,1.6765328263506605,1.7000321682729431,1.7401809058760453,1.745764985372784,1.3544122344163156,0.630580174628597
2.164719004013696,2.0679044344182063,2.152760746997956,1.9655873656771201,1.9563258229369096,2.0924133543057684,2.1577534072889044,1.9503262258489535,2.845200527677213,2.3585300644783356,2.3786104127364767,2.0030133010346822,2.1088552127349915,1.8403015154087137,2.2200130890102994,2.36247063341233,1.8764336362710805,1.8979064767625433,1.510906277735566,2.0600107758872492,2.0131667949764656,1.6554594710075918,1.5981392840252857,1.0322387902874097,1.6441538369534374,1.6249608351584919,1.4480779749970836,2.5030048798716047,1.7827846551649214,2.1602825360092783,2.2248506395140377,2.6681432291286526,2.3306003007200884,2.5659504350281597,0.6236603087897427,0.7220051135145202,0.9722447075878498,1.021248039518815,1.022650011715389,1.9880336008409434,1.505187080365547,1.600241170631541,2.167854118134954,1.9801352505774608,2.03873028393323,0.8986935387557891,0.8735791828890052,0.9067522269261696,0.7144659683766359,0.6688391699554714,0.667035353268338,0.6141824687023609,0.6250533536092436,0.5731620898652285,0.5424628663938982,0.5165150598359917,0.5110463200849267,0.4529599491181199,0.4504038067192756,0.3910077467602307,0.3722654006216039,0.28495431975690894,0.36621782729058305,0.23792279825665388,0.20594303709791817,0.26072858989922715,0.26285044326452894,0.14146923851204857,0.11588492259183487,0.0899473764631281,0.07728141296795746,0.10186382364348534,0.0,0.11768075741270491,0.18177918839071172,0.1820398001888531,0.18353310848374418,0.19996007250500347,0.2149837130092095,0.25275315804181087,0.3050046176984317,0.3508063155247417,0.3323903642734401,0.42612944861433905,0.4563063889724365,0.48471408591728593,0.5119722644543673,0.5401044493375342,0.5537246136866688,0.5907545409995425,0.5864509122321593,0.6172703377354094,0.7361603204071326,0.7606957516829221,0.8260894734105019,0.9238348383891788,0.8735708730537293,0.9045473589057796,0.9294726654300532,0.962571383503338,1.0098887024230647,1.1101205517424253,1.1174432852229972,1.1584255244182944,1.1772857287809468,1.2575028755857665,1.258225205522752,1.2938110674706986,1.33260861134996,1.3499809386014143,1.4238125710005203,1.428810098459741,1.4827981447813545,1.4892652951069707,1.4907827817959525,1.5324327885095184,1.516349802716652,1.568457350851435,1.6112494639079387,1.6285873053265445,1.6751515388982212,1.7089783388724646,1.771897999752973,1.397837899062535,0.6721465752738423
2.0820085734005636,1.9885376155195482,2.0762443114478892,1.890686950718955,1.885672957922435,2.024691263933988,2.0816334298752843,1.8861264238985207,2.791042748692035,2.280260012893283,2.267190879737956,1.885547573115451,1.9939251083131893,1.7234876147697138,2.1091598915919616,2.2648872328644183,1.7688464478994412,1.7912759916354064,1.3932413183362022,1.960038460150792,1.9152634063288823,1.5686455510184887,1.5093412091224836,0.9180037535741832,1.5774997570425453,1.5617358977292808,1.3811328391013467,2.385523719121203,1.7467915525796898,2.1196019503916093,2.183854017126395,2.628746194320713,2.263122940913416,2.5238377727689665,0.617860363479821,0.6318735515193208,0.8556248368812704,0.9064382107187855,0.9464195589656188,1.9793007943044838,1.3875063749132397,1.5150239545396302,2.128202586218153,1.8626469224312912,1.9211782826377022,0.957220221062939,0.9320018722148627,0.9298186526543737,0.7753602006425562,0.7365598159968539,0.6875495821827226,0.6710925337240193,0.658231165565312,0.6431692109838103,0.5898532237406139,0.5760500925255014,0.5706372990176712,0.5276070871338755,0.4749960063452959,0.44590034788049626,0.4516657777330647,0.3730390845364123,0.37298889630227683,0.330861554173625,0.3041654447629513,0.23344126365014506,0.22250245389253165,0.23849520511249941,0.2227705926001834,0.20407741204650803,0.09471311743568303,0.21954442989126222,0.11768075741270491,0.0,0.24490425805975963,0.24168754978976412,0.12307236729851889,0.25486094746887716,0.22561370633709657,0.17548052181726187,0.3321729783218323,0.28120609259086965,0.34977723437665204,0.4317601749177515,0.4025083874726954,0.43266005889701037,0.46450655535605934,0.5445539736102506,0.5020589021888134,0.5301699804318065,0.588719028493974,0.5645953689632986,0.6886910077033152,0.7214318949808598,0.8215988995988666,0.8718438978336587,0.8682462860472179,0.8898557845628717,0.9159023301538806,0.9512255372194433,0.9646681725147285,1.07080912373372,1.1017799591207558,1.1132949546300572,1.153215041307072,1.2406296973416766,1.2223339944512446,1.2733179018926395,1.314203221458197,1.3149714882308459,1.4045421204868493,1.4089745712514965,1.4583758979641503,1.4652976938209545,1.455842458444381,1.5127406987570484,1.4796584637014487,1.539758512707702,1.5861448324348761,1.5798319124586697,1.6540431670507894,1.6801840673195043,1.8085127655949875,1.455051249537696,0.7347424153804808
2.0901960529444534,1.9874078652806166,2.0666366791784947,1.8775133554801566,1.8610585403129691,1.9917371199486076,2.070898021527536,1.8448644546000885,2.722707685348343,2.274745971443097,2.3839550976265533,2.0755954894958335,2.1347297166059307,1.8836912857320236,2.223370174599872,2.3209318677205193,1.8682556249085813,1.8861353742601732,1.5734164018850394,2.0263812249533486,1.9740969537436344,1.592454206440646,1.5399141644819305,1.0627454004882564,1.5443703024665396,1.5200105773552306,1.35042573605244,2.5547429207263863,1.64215335902564,2.0233341006551986,2.088057666176226,2.528548090834772,2.2285858130489102,2.429532861308217,0.46722649422778423,0.6844308212188204,1.0214022501440039,1.0554570426472487,1.1897357605716428,2.1662540493665507,1.5702015412117014,1.7599274759677923,2.3493463318178307,2.033672709735735,2.0937751537443337,1.0363481388186482,1.01171797225261,1.0736932265985333,0.8527221395545056,0.8001180780327769,0.8374766441186354,0.7590329875785011,0.7888923779135912,0.7044752486253318,0.6977852870378765,0.6616646271277369,0.6563323080556648,0.5834580257053117,0.6221315860444131,0.5455416230157166,0.5014268769535024,0.4095125886793158,0.5453709471420598,0.36096683743078894,0.32502373150545466,0.44129050165257944,0.4410009388027042,0.2785052514636622,0.242710073250395,0.20782618506966277,0.2561471147363623,0.1793767898295452,0.18177918839071172,0.24490425805975963,0.0,0.007443770392688026,0.19997752561419316,0.022810610564783097,0.10202501571557415,0.25565401717763675,0.13778799861352967,0.31108882867094495,0.171613408844921,0.2683084013787152,0.37240368551656516,0.3948166892747388,0.41241503904356097,0.3775461787851648,0.45696916263074067,0.5052409897425691,0.4241786728431094,0.5177083170376233,0.6233780189867834,0.6361535371866657,0.6642885905818211,0.8117656663268183,0.7117853236130695,0.7501910738002812,0.7737817244837845,0.8045735824425463,0.8869680613718588,0.9783719227722335,0.9615429928982205,1.0331310970338172,1.0284877716872418,1.101548852138932,1.1208872256201634,1.1407668782631888,1.1774778983060814,1.2108707036442081,1.2688999057264096,1.2743594936387972,1.332167666613302,1.3381808819910266,1.3505849398982581,1.3773396967376228,1.3778796612763904,1.4214328057266206,1.460606886100085,1.5035790659603308,1.5206715207452621,1.5613826297821007,1.925059159174693,1.5321616139478311,0.8094588125735773
2.083253795810414,1.9805642725955905,2.0599065107894963,1.8708113828594874,1.8545151432883107,1.9853366084845594,2.0641830555195484,1.8385810063073893,2.7170208029580487,2.267979831747046,2.376536483225411,2.0689475187671413,2.1274343525196975,1.8765873242574393,2.2159468054533993,2.313606116293788,1.860813081914512,1.8786916220838612,1.5666238207664425,2.0189981943690287,1.9667454300337208,1.5853149179147439,1.5327142734276542,1.0555696113652429,1.5379077738625198,1.5136809077232853,1.3438863303559248,2.547720177008146,1.637170137155399,2.018206470866927,2.082927354708735,2.5235765119771747,2.2222350006898384,2.42440532230435,0.4628134449724367,0.6770029935773137,1.0144800674709606,1.048324666562938,1.1871406739901194,2.1677766689582856,1.5634540698989938,1.7566466339762663,2.3490647509858023,2.0266986963656333,2.0868204137037485,1.0409688831038952,1.0163081415719053,1.0765211594917599,0.8572406252882814,0.8049121148342586,0.8399163729509675,0.7631812700917361,0.7918872142253591,0.7092033497523575,0.7013118299258514,0.6657274323954809,0.6603837151582901,0.5881036762655224,0.6243496749133953,0.5489790387091885,0.506010836948596,0.41407813957323236,0.5465601603315544,0.3654345892093723,0.32948253248199855,0.44080030913552315,0.44002900086667807,0.2820036391308608,0.2462896985847296,0.21124409075070769,0.2556384735959181,0.18359985335024445,0.1820398001888531,0.24168754978976412,0.007443770392688026,0.0,0.19382142555170173,0.018893531435547405,0.09459572105135387,0.24880011605810604,0.13355870821020246,0.3036661108618179,0.16686934803911319,0.2636737198011464,0.36521182518669304,0.3877386533718126,0.40553943968215656,0.3735386348313691,0.4500811524957059,0.49818561609595274,0.42020251035692807,0.5109334669834854,0.6170244590116821,0.6302014812694926,0.6604487668496947,0.8054859494006698,0.7079661271176116,0.7458175718113151,0.7695120783763267,0.8004858740774189,0.8810761735548035,0.9728582952722248,0.9573503554823433,1.027372383668199,1.0238496516740478,1.0973930759555461,1.1156619690800225,1.1364204924285124,1.1732793236204968,1.2057496329793012,1.2647020049181046,1.2701309427329746,1.3277007256930393,1.333743084100921,1.3455420434935763,1.3731702046660441,1.372756279014055,1.4167645011227652,1.456158576025968,1.4978969093588355,1.5164780926980754,1.5567647105217792,1.9290069118452136,1.5370407521869007,0.8139973096223306
1.9814243171901205,1.8851202342449138,1.970642867370128,1.7838800697525605,1.7760410657312689,1.9133494946905474,1.9757416586271603,1.7728397013474742,2.6736018919333118,2.1760159918316866,2.210991881766147,1.8772262286685037,1.9509857536313258,1.6926363083356453,2.0514355155555566,2.180999223895153,1.703121521331126,1.723400674924573,1.3765863661123445,1.8798265999943704,1.831940553323431,1.4719304798537052,1.4147112008307419,0.8750513012540221,1.4654022095845713,1.4478272800916254,1.2690980568434258,2.361448086195127,1.6246138941786514,1.9982917054719271,2.062619343093494,2.5072769251774867,2.1516998673078915,2.4028943982883897,0.49809955988245436,0.5392377724878195,0.826933806266169,0.8662297111873329,1.0342395270311677,2.0998923134348537,1.3728465167740944,1.5901539479123528,2.2380705251996096,1.8395240487834505,1.899245607864049,1.071122578429633,1.0459094096836543,1.0523780389299429,0.8879076370491644,0.8457092588351858,0.8101245909541112,0.7850440549052229,0.7790178603208071,0.7508371009068752,0.7068916812227694,0.6885700337017743,0.6831100578001984,0.6321793323205689,0.5966409458720077,0.5595614665565829,0.5528722448982237,0.4675458715589013,0.4959270106031908,0.42114963237527037,0.38947580181928215,0.3555342250447154,0.34264262041051696,0.3247178987589774,0.29896731622942946,0.26981009775820325,0.20502440000269737,0.26861168469527064,0.18353310848374418,0.12307236729851889,0.19997752561419316,0.19382142555170173,0.0,0.19869073166972437,0.13352974528615494,0.07047941738535628,0.23824711684933528,0.1682561794008166,0.2472491501589404,0.3188085179053831,0.2824754283876197,0.3122585155023028,0.3430511614562631,0.4289376900962429,0.3818799990229865,0.41353521663231185,0.4717550044132768,0.4449756594162364,0.5679200733198864,0.5991249001125826,0.7012911329284485,0.7527102483603203,0.7476161172495502,0.7675370781642512,0.7936987605850327,0.8292989226924482,0.8437754264308425,0.9488500924910827,0.9791714026620534,0.9925216140385804,1.0301454053514831,1.1178503175716044,1.0999700565881954,1.1503192143951577,1.1912979915451103,1.1925376111108392,1.2815738619113504,1.2859813129243347,1.3353069649078866,1.342226080523884,1.3334481609059248,1.3897399239267791,1.3575023657972527,1.416833042549788,1.4630901591821526,1.460298745375574,1.5309903152076727,1.5572829188389665,1.9296202860972276,1.5699732841097138,0.8464206204634801
2.070232013087988,1.9670689877389171,2.0459260170358413,1.8567221488801766,1.8398505638590874,1.9702159773037426,2.050141910899022,1.8231266001264854,2.7002300393826952,2.2541436803673167,2.370813701985389,2.07042158924118,2.123881782188323,1.874984138359293,2.210081559350464,2.303425923223463,1.853964101447873,1.8714831974023434,1.5672756509376249,2.0096450665276304,1.9569075541621337,1.573480377556534,1.5213365661737912,1.0534032982161017,1.5229845008312224,1.4983600293811878,1.3292186025220345,2.5467427559345444,1.6193570512632862,2.000566751664241,2.0652909467420084,2.5057496171278753,2.2069661142828236,2.406765092454847,0.4444575504651374,0.6688346125963778,1.0143543988058723,1.0465583068982773,1.2010713717583184,2.1863464164985977,1.5643818937603777,1.7691952635497197,2.36625034625315,2.0261051211920944,2.086362708215246,1.0591465288774655,1.0345121362981688,1.0954146818198498,0.8755036960316545,0.8229285303395655,0.8587811755007373,0.781702499547644,0.8107752167721185,0.7272830937850991,0.7201052844640532,0.6842966573834102,0.6789591108616735,0.606258102539386,0.6431760339066231,0.5677950814867126,0.5242178755260904,0.43229947833798665,0.5649861793046861,0.3837328954273799,0.34778669652,0.45787589107166604,0.4565537398273652,0.30079576499549904,0.2650547271873307,0.2300528881711867,0.2727921999634713,0.20205665832776315,0.19996007250500347,0.25486094746887716,0.022810610564783097,0.018893531435547405,0.19869073166972437,0.0,0.08787888810259165,0.24975544728932017,0.11505078024846609,0.2983037485674561,0.14880361124961378,0.24550138792317572,0.3539827954860344,0.37567265629109536,0.3923351383198096,0.3549193697076056,0.4369191218506759,0.48592467411800544,0.4015684247532388,0.4972327593788611,0.6018122418038346,0.6139665565053547,0.6417545262719437,0.7900479269477153,0.6892634935345961,0.7274347515790907,0.7510562850193953,0.7819174083680624,0.8647007103945619,0.9557791421762875,0.9388455810404253,1.010726404869131,1.0056841426803564,1.078866166146728,1.098152081759442,1.1180196456150469,1.1547791269153942,1.1881032392733397,1.2462016543265442,1.2516501664534596,1.3093910499150723,1.315410675538786,1.3277992548355015,1.3546524823757868,1.355112317824402,1.3986268609386796,1.437834503705546,1.4811026587827993,1.4979755116433449,1.5385816813004005,1.9476408830493364,1.5549703303634583,0.8322439382658786
1.9932274258664704,1.8916558097491905,1.9722773239812381,1.7835431756951636,1.769099857310643,1.9015703591983024,1.9767276217242629,1.756254601388031,2.6416016756149903,2.1799089124337514,2.2830051268110827,1.9880153547708057,2.0362952440932913,1.7886734569662264,2.1223033622257077,2.219648385776442,1.7665602295631408,1.784290780699522,1.483693188660875,1.9246011617944978,1.8725801246451887,1.4932056299470369,1.43997991813334,0.9667280487218116,1.4535612280590502,1.4309414071665036,1.2587150397837568,2.460990236339455,1.5709313317522173,1.9498883557191515,2.014539328939915,2.4569380935205536,2.138996487405164,2.355890661426296,0.40891637933787894,0.5824073317511251,0.9298870355550292,0.9602287026295832,1.1637760891984654,2.195124451693674,1.4812173893741845,1.7229275027779523,2.353663124973814,1.9408121791752533,2.001221115213036,1.10678176486237,1.0818321351138451,1.1215346860012856,0.922396806203723,0.8732876170039795,0.8813126723810504,0.824569021543422,0.8400204831887308,0.7772189167954255,0.7560449777541673,0.7266669611493451,0.721229075651942,0.6558528758200857,0.664688892260665,0.6038918953852137,0.573691462547241,0.4824715723227061,0.5757142894166976,0.4334825855803787,0.39802916974272556,0.4515111709100535,0.4447091143774977,0.34215954390727443,0.30843605969282395,0.2733469669149223,0.2735457377485764,0.2542222024250761,0.2149837130092095,0.22561370633709657,0.10202501571557415,0.09459572105135387,0.13352974528615494,0.08787888810259165,0.0,0.17003518758973576,0.10755864642616514,0.21042803382071354,0.12464334423485994,0.21297669224007423,0.2731173019462386,0.2970977942722576,0.31760796528416724,0.3273153343929696,0.3617841958882689,0.40755684834360095,0.37319383376864995,0.42393291542196854,0.535229863976161,0.5536814629549672,0.6118716344181514,0.7241204494690605,0.6592739843451092,0.6895724007057478,0.7144905802574818,0.747670846665135,0.8045035594646988,0.9009139404207751,0.9024614461614544,0.9521945648264346,0.9630032364031372,1.0425279189009162,1.0470896380411958,1.079012212099104,1.1176696305959106,1.138333181789679,1.2088974171945879,1.213925344341833,1.2683600594799833,1.2747612845893599,1.2788942351271162,1.317520924457663,1.3050586983321975,1.354736964180042,1.3968502600569197,1.4230929619768542,1.4603011100799677,1.4951881691262476,1.9858684078833009,1.6050682713595414,0.879522385695132
1.9137060451483667,1.8182907041118075,1.9046522587559414,1.7183807871503451,1.7119416831426995,1.850267911965715,1.9098715789438563,1.7110730368954183,2.6156209256305285,2.109518834513703,2.1421651688821335,1.8206708494030088,1.884594085431102,1.629296775476331,1.9824286172851198,2.1106802421608197,1.6332626182035326,1.6533529974694494,1.3178605710240006,1.8093652008455585,1.7615765818164597,1.403161863432985,1.3455190936917594,0.8097917358230485,1.4027667986792323,1.386513136819363,1.2063925817297034,2.2995600489849237,1.575419045317241,1.9464910719855786,2.0106289658945555,2.455796187321053,2.0886869111911985,2.3502110549960458,0.47485847459932445,0.4693104426231151,0.7658152737491111,0.8016874435693515,1.0316749519419854,2.132610077734262,1.3147906738455275,1.5762740613697328,2.25369391772563,1.778235820636801,1.8382628605115314,1.1320993565937734,1.106876786905595,1.1015762007797607,0.9497138415533386,0.9093371497839321,0.8595173842632798,0.8458965322872144,0.8328454988729341,0.8150672486932692,0.7652973975940855,0.7502797918383349,0.7448438314640613,0.6974868643742256,0.649015827304689,0.6204518736372068,0.6191307183070893,0.5352533496484319,0.5441867605112382,0.48950115538679867,0.45846195038002857,0.3975344527287827,0.3807867922173291,0.39325640298133757,0.3685344560027141,0.3399623817502933,0.26594969463984275,0.33906533610226974,0.25275315804181087,0.17548052181726187,0.25565401717763675,0.24880011605810604,0.07047941738535628,0.24975544728932017,0.17003518758973576,0.0,0.2610981138517028,0.10575829380450756,0.26040279900194635,0.3136731604685106,0.22988730834850438,0.26026831907234377,0.2936874626685118,0.4159358562949138,0.32895283472612524,0.3548645424697828,0.45534124069181015,0.3907009751730043,0.5157231018801149,0.5515327403405028,0.6747573750221634,0.6971889883113337,0.7199034663723742,0.7335507357171659,0.7601638145104813,0.7968335229479613,0.7914641871424816,0.8993133064536236,0.942945903358981,0.9398331548323543,0.9887304012943073,1.0802018127969253,1.051791302925468,1.1104519014223155,1.1524682139684694,1.1445851191110914,1.2419444218996647,1.2460204444026846,1.292667790512722,1.299817592014035,1.2852302610191475,1.34956401047357,1.3083453721434743,1.3717094898728943,1.4197869518195887,1.4051699896773164,1.4897053413110704,1.5118519998129525,1.9824901924267764,1.6302614532041777,0.9087229981249709
1.9760335243794789,1.8706085131472434,1.947079474944889,1.757466065395112,1.7379015072679715,1.8661332967515016,1.951004650107348,1.7176293714694872,2.589203206663048,2.1558844394527537,2.315575210997227,2.0580254584526996,2.081446943844956,1.8444627537522456,2.1542218593044176,2.2236916665026056,1.7930522557716269,1.808518297824132,1.5510731817240295,1.9346367935413606,1.879339138434859,1.4858049105305426,1.4361428033552353,1.022577032757759,1.4200415003668858,1.3936243453879447,1.2276455652997995,2.518909660267415,1.5052491224019016,1.886882105632834,1.9516116838378679,2.391574520899338,2.1021459732176595,2.2930601316242116,0.32945860791843273,0.6058986239099907,0.9961005250885622,1.01817736563512,1.2710327924141582,2.29262986622457,1.5498622248698986,1.828325809624613,2.4591549931034504,2.001309951170115,2.062274605301699,1.1740378143154189,1.1494321032198658,1.2079705810041972,0.9904810186558457,0.937622031449537,0.9700723935716667,0.896729396517384,0.923926977513256,0.8420728648874047,0.8344815512527877,0.799286125818812,0.793942334185212,0.7211461888849084,0.7538154077036878,0.6820481761965183,0.6391632668432986,0.5472645397537513,0.6709750278942184,0.49875092941043075,0.46280972812759735,0.5537657246344939,0.5486826925298185,0.41526822617283565,0.37965664916417224,0.34448061250917583,0.37168276360182084,0.3171011713131851,0.3050046176984317,0.3321729783218323,0.13778799861352967,0.13355870821020246,0.23824711684933528,0.11505078024846609,0.10755864642616514,0.2610981138517028,0.0,0.26604608125125956,0.0360535490640653,0.13096870661984805,0.27972746944215937,0.29512203515664964,0.3040396672226477,0.24002745587508253,0.3478527498649084,0.40137137238707854,0.2867073265736447,0.40397041486600616,0.49930344074674066,0.5063390514949982,0.527054630504194,0.685700772497869,0.5745912218853721,0.6124054964795653,0.636005505244081,0.6669284864592078,0.7559232735501094,0.8440997977070331,0.8238059486958994,0.9006773342106594,0.890889471604414,0.9638392242327607,0.9849528569743535,1.0029788998231488,1.0397378714840126,1.0744805961309631,1.1311605735023424,1.136602759399645,1.1944079172987647,1.2004085592253446,1.2138937111964527,1.239620096357985,1.2414714638256483,1.283860999573006,1.322838013834112,1.370254797897134,1.3829356116130411,1.423743641090876,2.0625383996121327,1.669479198089486,0.9472089200043635
1.8140216688180542,1.7171436648272598,1.8024226666076488,1.6156240866624396,1.608000543811152,1.7457090552647747,1.8075061812209754,1.605932714994888,2.50986388755129,2.0079050303350683,2.072877111179707,1.791979541702706,1.8264957820423615,1.5822506754892554,1.9122813738247455,2.02118832410006,1.5577559234037486,1.5761365767477933,1.2851152121560145,1.72274301309578,1.6728405818495027,1.3060025316220834,1.2497321160464616,0.75985330146517,1.2979648663161285,1.281208185884226,1.1016093952538892,2.255813819481307,1.4718514861994243,1.8418306654988654,1.905898752717576,2.3511891205070388,1.9840995398062067,2.2452398452859557,0.3987665415635422,0.3788358451745899,0.730136786557156,0.7544495373445137,1.096088226325595,2.2280378236350615,1.2838279004141857,1.6242109691820972,2.3345887029848593,1.7370504223852945,1.7978306223494969,1.2372978700249337,1.2120752716808008,1.2061342231079597,1.0546199908979021,1.0133983257695216,0.9642529552870869,0.9510895362422711,0.9384522412906391,0.9187474406598117,0.8709425060257342,0.8551804445018675,0.8497345416154997,0.8003602530618974,0.7544914411237487,0.7255740184890365,0.721127715645176,0.635493273266712,0.6489347808227535,0.5887271168854603,0.5564411486063956,0.5008519172943456,0.48278826430890365,0.49226728864757563,0.46521439430640343,0.4344599862738211,0.37072382120687863,0.42851435446672625,0.3508063155247417,0.28120609259086965,0.31108882867094495,0.3036661108618179,0.1682561794008166,0.2983037485674561,0.21042803382071354,0.10575829380450756,0.26604608125125956,0.0,0.25103487313998285,0.27076805162765,0.1282961773784657,0.15842800678050814,0.19341017472759112,0.35522065576528117,0.22549155491949377,0.2491465070508669,0.3885338346758822,0.286171656161637,0.4117580538749589,0.4501022362102014,0.5915767521924281,0.5918005727469943,0.6350371955682863,0.6422897949330197,0.6691691641417005,0.7066477077184435,0.6870154572200206,0.7959832506161599,0.8487408827057836,0.8351402342437596,0.8902901103845464,0.9844621565395821,0.948997601111324,1.0129291380889163,1.0556612782323798,1.0418315328017715,1.1443956799111148,1.1482216166429402,1.1929412788428055,1.20023760657035,1.1822483439458245,1.251482851372518,1.2049004052151588,1.2703577115612787,1.3195161812224407,1.2996996672857424,1.3907118405699868,1.4102341569671397,2.087809196782291,1.7356700757066923,1.013430140958815
1.9408437158854421,1.835163627520448,1.9113923673998257,1.7217512167399032,1.7019848797037234,1.8301128174906147,1.9152915447633538,1.6815788503650044,2.5535059075357482,2.12024291390666,2.287674638280543,2.041275445155701,2.056697485659364,1.8228903441713418,2.1262235883829455,2.1907151185797864,1.7640288584831758,1.779031357460483,1.5336237091288354,1.9025997511648431,1.8468233386907633,1.4516060494145635,1.4023651345084167,1.0018145441903912,1.3840783788842819,1.3575906076365367,1.1917765532647087,2.497751296161395,1.4706113891012764,1.851987851594432,1.9167152121055027,2.356990447326822,2.0661041760649916,2.258180180005752,0.29621777648971837,0.5778126701087585,0.978900896145244,0.998094262128091,1.281443046890201,2.318047645734298,1.5328866955589484,1.834282524833988,2.477979817514326,1.981176940346679,2.0423006147245037,1.2078380825216908,1.1831743811035416,1.2377089432437927,1.024086859908316,0.9717219151590915,0.9989786091995342,0.9296257979287041,0.9542689663034497,0.8760499574693767,0.8661030819099843,0.8320334052800368,0.8266685770285214,0.7549714087363746,0.78246442541284,0.7135919352193769,0.6728787854504901,0.5809449382360818,0.6971769115693375,0.5322761534682893,0.4963235379304875,0.5758772622588149,0.5693439913883089,0.4473053858110087,0.4119027051369295,0.37658443337302333,0.396101408075787,0.35034223865884934,0.3323903642734401,0.34977723437665204,0.171613408844921,0.16686934803911319,0.2472491501589404,0.14880361124961378,0.12464334423485994,0.26040279900194635,0.0360535490640653,0.25103487313998285,0.0,0.09684189650620906,0.2509547664776825,0.26435414057738826,0.2711802732694077,0.20861144724685407,0.3145609569613374,0.3688603167574891,0.2552475393651215,0.36961137593321847,0.46348654085501284,0.4702879925982388,0.495660322709359,0.6497114887474194,0.5432193994699029,0.5792164436791288,0.6031209779009077,0.6345963304480066,0.7199270332640523,0.8084814088868995,0.7911087226422516,0.8647992173247602,0.8569819817954281,0.9312245599577906,0.9498085383226321,0.9698266176195428,1.0069906583726027,1.0395387895415982,1.0984053030238932,1.10376201957175,1.1609326101375774,1.1670075054227091,1.1791171654242816,1.206933454155352,1.2065438564010664,1.2498954900698611,1.2894080004309638,1.3345068916361775,1.3501720421885943,1.3898994352021579,2.094891226399261,1.7037729991736512,0.980851836756399
1.8620224072361582,1.7543967491752446,1.828388503522446,1.6385457911710237,1.6163332969019382,1.7424360649683073,1.832021568894244,1.5927106826076782,2.459601733423454,2.0376107310540474,2.243203816695688,2.0347210530705313,2.0240312354400953,1.8014157520910705,2.08153570628327,2.1246248967229864,1.7157635716616708,1.728868924875079,1.525934055347963,1.8412441850525496,1.783259414068994,1.3796097804537841,1.3328391036929088,0.9856950915029942,1.2978188495670537,1.269675629293939,1.1071058083052487,2.47676555642327,1.3742809828610323,1.7559716809978845,1.8207017717317058,2.260606766636811,1.977653059309669,2.162141269550138,0.19947230996869997,0.5390694351476253,0.9742775660801971,0.9842217571035043,1.3451868328172905,2.407580260961615,1.5266548138564588,1.887477754722308,2.556796273518971,1.9641353958831804,2.025678918868928,1.3046288996253297,1.2799777522882527,1.3326014320195596,1.1209114690130741,1.0684089479215855,1.0931646352433342,1.0264291217944126,1.0497461920966666,0.9727835178718095,0.9624464145744246,0.9288109943041248,0.9234417807798285,0.8517484358379986,0.8765294441364201,0.8099255626179742,0.769678830284592,0.6777486586216809,0.788688792867047,0.6291018652129832,0.5931492612118332,0.6624259907449057,0.6538480828995367,0.5439308966757397,0.5086044072315082,0.47325729921167725,0.48649006976589554,0.4471824010580678,0.42612944861433905,0.4317601749177515,0.2683084013787152,0.2636737198011464,0.3188085179053831,0.24550138792317572,0.21297669224007423,0.3136731604685106,0.13096870661984805,0.27076805162765,0.09684189650620906,0.0,0.22167401576028717,0.22401930881612223,0.2182893815112221,0.11433899808561165,0.2566147494419208,0.3136453046868317,0.16038357310814705,0.3025302291881471,0.3815034782583708,0.38168545866666637,0.4001266789949873,0.5638581381705396,0.44765503051043,0.48242465457808253,0.5064264905063164,0.5381847574354301,0.6289564578676701,0.7144072997917126,0.6944685049827838,0.7722897557465552,0.7601895207489013,0.8346077433923575,0.8542532773410653,0.8730245654328551,0.9103113260240386,0.9436076206420673,1.001717854908751,1.0070429594562558,1.0640909827220806,1.0701688327704404,1.082947848202216,1.1102681357394315,1.1105858683388157,1.153125968574736,1.1925674668485093,1.2409559312307743,1.2534718001713492,1.2930971899268306,2.1915109190310784,1.800367475890283,1.0776707141644621
1.7205398318708924,1.619824019431629,1.7017493123452172,1.5135390586239441,1.5016864217008055,1.6366465078007786,1.7064017035782824,1.4940448893432714,2.3914308442721923,1.9088264206431544,2.0367204309706994,1.8134957311752817,1.8082154231533578,1.5808429409928677,1.8752693626060026,1.9499565149782698,1.513407039394003,1.528790870981332,1.3046692831018545,1.6578648822783633,1.6040311140425834,1.2202415024780642,1.167511710647069,0.7640527745667969,1.1883170443489635,1.168661358726435,0.9924635737441254,2.256196192856926,1.3455492224761167,1.7172082874467238,1.7814241484713185,2.2264264536381773,1.8747059865564042,2.1213336976406283,0.29075123294638283,0.32687277405590526,0.7542102268492361,0.7625590087089723,1.2103919457994174,2.356146661849759,1.3056396869284115,1.724987298744113,2.4572497421069497,1.7427563490241642,1.8042558467888383,1.35249174643879,1.3272986641168951,1.3312207273856747,1.1688153599145004,1.1248001829687786,1.089068316631694,1.066677494659216,1.0606660539137107,1.0292996414541666,0.9893279319677397,0.9697736680657731,0.9643042792582506,0.9092653328928516,0.8774800797633084,0.8413990915507645,0.8284391836949128,0.7399038476426779,0.7738093510574076,0.6917701275130942,0.6577648692733747,0.6273392654828422,0.6100479929098155,0.5962184251221117,0.5660045031004953,0.5328100103628995,0.4874333727996588,0.5203393439089783,0.4563063889724365,0.4025083874726954,0.37240368551656516,0.36521182518669304,0.2824754283876197,0.3539827954860344,0.2731173019462386,0.22988730834850438,0.27972746944215937,0.1282961773784657,0.2509547664776825,0.22167401576028717,0.0,0.030390267381739416,0.06520206927159224,0.2697144371383477,0.09956022797742727,0.13568805700325923,0.2926339808611252,0.16250103618563208,0.28623381284352417,0.32214079095012277,0.472528726244992,0.47024545045426086,0.5142413903344611,0.516878397565315,0.5438419096066198,0.581711735879763,0.5621930667425192,0.6694327003530056,0.7215237388678939,0.7107899877244701,0.7620121222609754,0.8566534015465255,0.8219456498145825,0.8847347559708316,0.9275808806433044,0.9147517703119696,1.0161847210359607,1.0199815073753866,1.0646934172990765,1.0719752720078572,1.0553621147743069,1.1232128206220098,1.0784657395790527,1.1424998734794067,1.191355633516703,1.1778701089394221,1.2624191209267543,1.2824939651279008,2.211020968062635,1.8515822228429695,1.1269537430315273
1.6961611069778018,1.5946616140102068,1.6758601229209704,1.4874097185483266,1.4746904896863076,1.6090707752655327,1.680421930356505,1.4659450022278961,2.3620729742508866,1.8832190717393589,2.025059368617187,1.8155223422865638,1.8008474051128012,1.5776294110425135,1.863499928607337,1.9303637425111977,1.5002017840207165,1.5148784235303574,1.3067437202527776,1.639842373865948,1.5851509759254823,1.197808131507061,1.1459226710994157,0.7637989399560384,1.1607395851395719,1.140510295444227,0.9650734223481074,2.252950861130087,1.3151833417138816,1.6869835680042804,1.7512145287158936,2.1961802916368973,1.8470268982556068,2.091183890025137,0.27104897068648337,0.31661339417425033,0.7586876810791766,0.7632378528770541,1.2357296976536385,2.385952629411691,1.308248863871453,1.7465311711424476,2.484844766369803,1.7410826670691215,1.8027052376411024,1.3816452695906767,1.356460441606239,1.3615421827575542,1.197860130674814,1.1534469359940884,1.1193769643157045,1.0959416501078039,1.0907458979870825,1.057852243909569,1.018976447975749,0.9989276304935966,0.9934567392866539,0.9376272800161903,0.9076522147080446,0.8707613849022046,0.8566139636845261,0.7677209814599117,0.8041349720534874,0.7194368285030913,0.6852203307144115,0.6577291795089334,0.6404234111929069,0.6241494353797717,0.5935368868217059,0.5600632459067342,0.5171038055101478,0.5466640469387315,0.48471408591728593,0.43266005889701037,0.3948166892747388,0.3877386533718126,0.3122585155023028,0.37567265629109536,0.2970977942722576,0.26026831907234377,0.29512203515664964,0.15842800678050814,0.26435414057738826,0.22401930881612223,0.030390267381739416,0.0,0.03602852845917038,0.2588562840304745,0.06963143110742015,0.11051942447203496,0.27759319379614306,0.13296557395756414,0.2560317509678716,0.29181025811811684,0.4473292564689643,0.44064922166041937,0.48823891402483005,0.48881380422270365,0.5157975278893868,0.5538262899759258,0.5320083110724584,0.6390620566686946,0.692420426701735,0.6806468539422335,0.7320428875379021,0.82715527814263,0.7915557351201553,0.8548972882717897,0.8978610774369401,0.8843615674412525,0.9863219260161162,0.9900776336225631,1.0345135725193777,1.0418129224674186,1.024974105726012,1.093254011360819,1.0480949135484419,1.112161935652814,1.1611110833371339,1.14804341633801,1.2323223094192208,1.2521387120938827,2.241161519417294,1.8807845042572031,1.1559119247923264
1.67789690614922,1.575042441842502,1.6548889983145552,1.466036357783725,1.4516265924304979,1.584778272776075,1.6592802163639095,1.4405409011811867,2.333446245601042,1.8627247316856406,2.025305010511247,1.831798552164353,1.8065154127694663,1.5882538450422747,1.8636552649990856,1.919685743563572,1.4986317590684382,1.5123609497082975,1.3232831539531222,1.6315633213529797,1.5756430729397557,1.1830094657427614,1.1325148476818068,0.7784178904694661,1.1365711213909484,1.115083617932404,0.9413989610209945,2.263328320641334,1.282451154854904,1.655284279692758,1.7195929962991863,2.164336341695374,1.8224729726328286,2.0598439481731243,0.24050199211734932,0.3216917698971482,0.7782013332891105,0.778851513443753,1.2711060591954395,2.421344695551414,1.3253456552535603,1.7798816729528901,2.5208375415986977,1.7533736184152235,1.8151118243350552,1.410107391246753,1.3849478648928406,1.394051102290491,1.2260900500537504,1.1807546436065515,1.1518161243190248,1.1247467653303542,1.1220523349939664,1.0849799118294259,1.0488517591321302,1.027482748748347,1.0220099351008316,0.9643882976892448,0.9393841781763437,0.8998937680286241,0.8830219548182209,0.7934616312315048,0.8367414517652572,0.7449220339350887,0.7103314645230767,0.6911942331071307,0.6743300122660799,0.6502522331215784,0.618903807245729,0.5849562983478153,0.5472858157557855,0.5699222625705502,0.5119722644543673,0.46450655535605934,0.41241503904356097,0.40553943968215656,0.3430511614562631,0.3923351383198096,0.31760796528416724,0.2936874626685118,0.3040396672226477,0.19341017472759112,0.2711802732694077,0.2182893815112221,0.06520206927159224,0.03602852845917038,0.0,0.2373755311812998,0.04458797126229775,0.09782798488999919,0.2515049997752896,0.1064878642048408,0.22512821420658394,0.2578460862036213,0.4123051245211245,0.41189494234967644,0.4528050526147983,0.4527936131719347,0.4797782663675803,0.5178211067906126,0.500770273989706,0.6063675832882224,0.6565339780260787,0.6495384322388071,0.6968842774753646,0.7914823632939314,0.7583523892973492,0.8195485138269196,0.8623789445955826,0.8511048671325484,0.951004689874896,0.9548161428467826,0.9997907163150684,1.0070426612719268,0.9918481879351917,1.0580733247411216,1.0153206633869931,1.0780847243961449,1.1265874500621085,1.1180857011022511,1.1973929062579307,1.218185561475406,2.2726345763597084,1.9093069954894997,1.1839429567044666
1.7977545663469892,1.6869129684657413,1.7566576230580384,1.566839546108756,1.5399585263246722,1.6617267991553837,1.7597873985441712,1.5097535288753687,2.363831500279373,1.966209666227089,2.229596973786657,2.0680899405086146,2.0263173985326266,1.8181907045419572,2.0680307112021565,2.080495774504941,1.698561275411317,1.7090013132616406,1.5598427390324863,1.8049532283489766,1.7438348715907537,1.3284172397933676,1.2859038286976778,1.014010233352118,1.2210852884698196,1.1895662279112138,1.0343897181147275,2.4923625202291184,1.2707233088725307,1.653637921913465,1.7183452167762763,2.156358507555978,1.8949956757782909,2.0595312255101024,0.09364334516991041,0.5491327237633666,1.0155619508057858,1.0151277344352942,1.4459744553766276,2.521652812520259,1.562189336208986,1.979427202311417,2.6663861583418744,1.9856426819099158,2.047501367075931,1.4127725582417547,1.388277128841223,1.4461855601356206,1.229590177572177,1.1758375494472995,1.2070921479040957,1.1365660365117742,1.1628767096317296,1.0806061828746216,1.0743835595100812,1.0392086844626764,1.0338740693347976,0.9600308399398265,0.9904871747627195,0.9219073921698455,0.8782710896249579,0.7864872685645221,0.9030277605589948,0.7381952066366751,0.7022933898084548,0.776087713227274,0.7669511496957219,0.6552608574030199,0.6196769400770855,0.5844765930290857,0.6008169725162827,0.5569175594031752,0.5401044493375342,0.5445539736102506,0.3775461787851648,0.3735386348313691,0.4289376900962429,0.3549193697076056,0.3273153343929696,0.4159358562949138,0.24002745587508253,0.35522065576528117,0.20861144724685407,0.11433899808561165,0.2697144371383477,0.2588562840304745,0.2373755311812998,0.0,0.26111660906390116,0.314989596648529,0.04669201153388736,0.2853059583577712,0.32725223988155633,0.31072351711354274,0.2871367203641182,0.4942160503147517,0.3346921770110547,0.37380061057048625,0.3967670265691773,0.42705234174169365,0.5455567020535047,0.6211205009488676,0.5841858899630917,0.683356133546462,0.6538371663134461,0.7240987446643242,0.7550175729497423,0.7639069273967066,0.8001059589853134,0.8425420216154212,0.8915182550463807,0.8970502202529784,0.9558748691349336,0.9617150917067016,0.9805200400908828,0.9998969827178134,1.0090959844846543,1.04661202679497,1.0841585246137244,1.1473508148225886,1.1432653947544982,1.1860445208215793,2.3025455063144826,1.9069035006447246,1.1862769443483967
1.63331378874578,1.5305328133281522,1.6105514943115566,1.4217647588685463,1.4077601020661417,1.541333591915794,1.6149716873230422,1.397569151607253,2.292546337138237,1.8183188469112481,1.986814738612752,1.807543306432033,1.771943452170328,1.5581108604814171,1.8251366371333082,1.8761571851991328,1.4591488225976699,1.4723353243889403,1.2996160886387376,1.5888454768908284,1.5325012980617725,1.1386456372416893,1.0883889908580608,0.7532394636984977,1.0930587859422123,1.0721065099883766,0.8976957444191586,2.2327415238556774,1.2465925130479583,1.6177418288125056,1.6819379438391056,2.126990655032834,1.7791384748092856,2.021795741460114,0.2484907721592976,0.2891787625683773,0.7590084794694968,0.7548100022951861,1.2858280800739914,2.450126901592484,1.3023432677836977,1.7859310003769795,2.5410892028073953,1.7248083721545726,1.7866412555821782,1.4510945732852896,1.4259148357077052,1.4305024749143265,1.2672487903811844,1.2225498313008847,1.1883967126624033,1.165454036496216,1.1602262682920113,1.126883966168248,1.088605185741815,1.0683862214933542,1.0629146878831288,1.0065056915706105,0.9770152227191546,0.9403207149485304,0.9253330111300272,0.83611141959112,0.8730935672982115,0.7876885957431194,0.7532641130762483,0.7260500301526132,0.7082597485704902,0.6926954145389794,0.6617026999501924,0.627958020339507,0.5867350244592217,0.6135280552456306,0.5537246136866688,0.5020589021888134,0.45696916263074067,0.4500811524957059,0.3818799990229865,0.4369191218506759,0.3617841958882689,0.32895283472612524,0.3478527498649084,0.22549155491949377,0.3145609569613374,0.2566147494419208,0.09956022797742727,0.06963143110742015,0.04458797126229775,0.26111660906390116,0.0,0.057145585392240864,0.26814447891024884,0.06354928197446764,0.18679774601903565,0.2255864651021257,0.4031021485242663,0.37104973737861746,0.4408662914602644,0.43378341301734163,0.4607106876034695,0.4991880818750713,0.4626965143252419,0.5705854945852376,0.6324644248214505,0.6112547082079373,0.6678517350324337,0.7652627701256319,0.7235071624621139,0.7913265352170764,0.8348549071708931,0.8163406574511968,0.9225401355620537,0.9260780206932313,0.968865086892457,0.9762798259221412,0.956781190596932,1.028914747715885,0.979572599669837,1.0451884975557282,1.0949652840588808,1.0784188385982654,1.1671512446035397,1.1849374350927075,2.3105682777615155,1.950254851480646,1.2252459508542384
1.585672778614902,1.4844124319015044,1.566084107257662,1.3778512629540094,1.3662357880837892,1.5016835766726675,1.5707241624060564,1.3598598381102207,2.2609160797632644,1.7732301891649034,1.9296884328296189,1.756149489947467,1.715304027837456,1.503250042110054,1.768011574254702,1.8223705806771273,1.4021493364331499,1.4154716154220026,1.2488106135628552,1.5337790410682164,1.4780279656689475,1.0876862615767953,1.036310774108251,0.7018185845810673,1.0534043674307352,1.0346402644099382,0.8573767476845648,2.1775918932712206,1.227440528709446,1.5945977888762952,1.6584969396513842,2.1039804373549114,1.739849007087574,1.9972776591372314,0.29319533064979714,0.23414453140304156,0.7122943087334974,0.7042156600890229,1.2752837592511352,2.4592197481506433,1.25201559826404,1.7638300083086949,2.5371007591145176,1.6707532674585464,1.7326287363108053,1.4846561313907405,1.459442255529146,1.4540063008154993,1.3013964250795815,1.2584415123263222,1.2124408630764552,1.198557079954523,1.1875685891596794,1.16316873615922,1.119525196926132,1.1020926887274556,1.0966313200655495,1.0435271877906942,1.003523984771151,0.9730471657299853,0.9630198830319125,0.8749450949931185,0.8972917405457588,0.8269644871020997,0.7931280492630989,0.7479106573045582,0.7285273512800752,0.7311896874900031,0.701337798804374,0.6683156961129564,0.6182295640830514,0.6560233208092253,0.5907545409995425,0.5301699804318065,0.5052409897425691,0.49818561609595274,0.41353521663231185,0.48592467411800544,0.40755684834360095,0.3548645424697828,0.40137137238707854,0.2491465070508669,0.3688603167574891,0.3136453046868317,0.13568805700325923,0.11051942447203496,0.09782798488999919,0.314989596648529,0.057145585392240864,0.0,0.31827897973385644,0.053657849756866736,0.17184377174893914,0.22243097871841683,0.4289119456585411,0.34337407843943135,0.46295142816110574,0.4467908596074562,0.47328930428818233,0.5119339676748296,0.44147684120990544,0.5537016275429468,0.6361523392752494,0.5884505901153263,0.6632337552557857,0.7648316148480355,0.7077418587927673,0.7874843802174404,0.8320061938773424,0.8003795128744482,0.9178218038235391,0.9208855590941072,0.9597353332471693,0.9674215132752247,0.9397959784085431,1.0227267172385521,0.9611302742164312,1.0322493792265957,1.0842823804947201,1.050849035943623,1.1587929131854653,1.171061968191155,2.336607896255491,1.9834569199044203,1.2598079847483328
1.7656173907471502,1.6536726650965097,1.7218292019539296,1.532149012262465,1.5036062528252985,1.623771255197838,1.7247760856970538,1.4711033170872214,2.3207725699152935,1.9313863556616169,2.2166241692436772,2.074426355272757,2.019888993600829,1.8178878060870505,2.05522320447479,2.0557241200696343,1.684654469091879,1.694022349262556,1.5669733665049235,1.7834194210733298,1.7211454324635127,1.3016933699424091,1.260898270950351,1.020078305672943,1.1848877415805925,1.1521805040568809,0.9999433525697133,2.491018449477138,1.2256432309377814,1.608813359557999,1.6735051197457136,2.110992196974416,1.8562643288474099,2.014585363237767,0.053159754779483474,0.5508699124268083,1.0269761203028205,1.0222581850693933,1.482840586647635,2.5667504242565107,1.5699954124781315,2.0116759383787017,2.7078705880917857,1.9871171717193934,2.049049523942213,1.4591419585936911,1.4346694358459815,1.492704885518996,1.2760417437420184,1.222123002821982,1.2534767826049245,1.183176416994015,1.209489164818222,1.1269577038999334,1.1210752860513926,1.0858429317237537,1.0805109766234222,1.006456187459879,1.0368535512574728,0.9685982262634029,0.9247433905137412,0.8329878946162922,0.9488600616437449,0.7847388772952572,0.7488469013975837,0.8208320657669106,0.8112138094316971,0.7019500547520573,0.6663612160527491,0.6311652311237091,0.646548854316557,0.6035406659975373,0.5864509122321593,0.588719028493974,0.4241786728431094,0.42020251035692807,0.4717550044132768,0.4015684247532388,0.37319383376864995,0.45534124069181015,0.2867073265736447,0.3885338346758822,0.2552475393651215,0.16038357310814705,0.2926339808611252,0.27759319379614306,0.2515049997752896,0.04669201153388736,0.26814447891024884,0.31827897973385644,0.0,0.28201256117790335,0.30571985019541065,0.2817411000776791,0.24045185730582427,0.46314891287531074,0.28800889745087244,0.32782787023636045,0.35050535695543794,0.3804861540306398,0.5084192047795005,0.579881108893885,0.5377185133399736,0.643575111002017,0.6082396885273763,0.6775717835536333,0.7114831818528944,0.7176167981642857,0.7536163316423065,0.7983510995786004,0.8450201460951088,0.8505838229498532,0.9097323151258111,0.9155225492943729,0.9358454717780661,0.9533655670680607,0.9646808146665653,1.0008339202484493,1.037958108045543,1.105326923549747,1.0967488837378576,1.1401180083718658,2.3492057737916685,1.9529929052509052,1.2327223600050052
1.5735532411455404,1.4698482977216139,1.549022195765665,1.3600315093154491,1.3451967182184947,1.4783026087649822,1.553345298439273,1.3342382974758722,2.229107404689596,1.7570464443160445,1.947447175167946,1.795400672489804,1.7410129442698246,1.5358802619574965,1.7857865354982838,1.8232013278304873,1.4177950422030041,1.4296534935360476,1.289141939189402,1.5387344041151827,1.4810256458180415,1.0819982561530808,1.033143687006765,0.741935677595496,1.03008584562437,1.0087744489834853,0.8349234452040744,2.2091612535902017,1.1858678493992871,1.5558137253467303,1.6199351023683541,2.0651411069177272,1.7160222909308644,1.9595390422538765,0.2511393997179889,0.2701806282132068,0.7576466072013573,0.7454583569942699,1.3280437351612564,2.5058778884390986,1.2929759726427048,1.8174618298378467,2.58853379850689,1.7052675615549264,1.7672119397315003,1.514586981098071,1.4894045592244811,1.4921687122231009,1.3307658996310676,1.2860980540603064,1.2501793259520115,1.228905085520297,1.2228265339917346,1.1904278351962918,1.1518218107160612,1.1318729482687775,1.1264017453768447,1.0700311691791287,1.0393925858618192,1.003724124786173,0.9888297059466051,0.899527103707013,0.9348389310894316,0.851065291482615,0.8165756813878439,0.7870084247362141,0.7686558832094732,0.7561601074295372,0.7250633009110089,0.6912340839603989,0.6499281731311839,0.6764063618652757,0.6172703377354094,0.5645953689632986,0.5177083170376233,0.5109334669834854,0.4449756594162364,0.4972327593788611,0.42393291542196854,0.3907009751730043,0.40397041486600616,0.286171656161637,0.36961137593321847,0.3025302291881471,0.16250103618563208,0.13296557395756414,0.1064878642048408,0.2853059583577712,0.06354928197446764,0.053657849756866736,0.28201256117790335,0.0,0.12595712697749076,0.17146063705459,0.3762264001903994,0.30775054182698436,0.40962050780164155,0.3932361958105769,0.4197768499864061,0.4584265984056873,0.4008651323916434,0.5103678562260636,0.5841871416530006,0.549136122721587,0.6139136120636765,0.7141112439215992,0.6638746393341011,0.7379591220264705,0.7821418779194088,0.7566860926259601,0.8687011011998189,0.8719534880233857,0.9125224451873192,0.9200860485318012,0.89678103918349,0.9742422607800358,0.9190285443095081,0.9869655214485237,1.0378606193379365,1.0154243503349596,1.1112960744469023,1.1263275426230033,2.3729695670354554,2.0137361540881216,1.2887778069266802
1.4805395656301201,1.3730591509436263,1.4480974074981596,1.2583864741592756,1.2388025132159164,1.3684050574165147,1.4519249999739092,1.2216719896944188,2.10906490947918,1.6570910978435154,1.9144306963864726,1.822639733319196,1.7287372112635548,1.5436331558610938,1.7533041539894243,1.7533653320714846,1.3817726243631072,1.3901312952174507,1.3220500510621713,1.4782595831441239,1.4167039943574993,1.0025570578606187,0.9589493073286366,0.7794068678952973,0.9213691760946775,0.8966660200250487,0.7283903569726048,2.211735713373659,1.060098979078678,1.4309750230305023,1.495191739959378,1.940204589327928,1.6052115727292064,1.8351640289607778,0.25882195248861395,0.3163700927551298,0.8127462747416418,0.7865115435540178,1.441606143507621,2.6307318012139085,1.3279766833446083,1.9172186589398221,2.7067413219285563,1.71791474089059,1.7798530510158406,1.6347270104116343,1.609586503497925,1.6172914122513542,1.4505863584059633,1.4045022778391885,1.375193470516409,1.349592344310071,1.346721402858362,1.3085931695718318,1.2739787104813318,1.252217561626754,1.246744786383011,1.1876970854524116,1.163683964550308,1.1248958600107402,1.1060143220210377,1.0157776531640115,1.0598860503569627,0.9669974693814797,0.9319934454301528,0.9125837469553761,0.8944460191323427,0.8732028837419876,0.8410858019830227,0.806647380054401,0.7723812381306899,0.7894003341653912,0.7361603204071326,0.6886910077033152,0.6233780189867834,0.6170244590116821,0.5679200733198864,0.6018122418038346,0.535229863976161,0.5157231018801149,0.49930344074674066,0.4117580538749589,0.46348654085501284,0.3815034782583708,0.28623381284352417,0.2560317509678716,0.22512821420658394,0.32725223988155633,0.18679774601903565,0.17184377174893914,0.30571985019541065,0.12595712697749076,0.0,0.061586946961123774,0.30806983905312535,0.18889268265114276,0.33040891416060464,0.2961115084535846,0.32089913431333944,0.3586839945435532,0.27597742464031866,0.3844275541153469,0.46977190016042475,0.42464802664961104,0.49194126398981347,0.5950554230274325,0.537925828966916,0.6162727928709495,0.661065925913127,0.6307330489855091,0.7463015052472797,0.7492737797387068,0.7879524801045168,0.7956175700484563,0.7708335915891071,0.8509540318172447,0.7931862149530483,0.8613254494687875,0.9127498336583099,0.8930039021699848,0.9869731889499348,1.0005397276058858,2.49718256700348,2.13391708506352,1.4083065935104964
1.4873099281824207,1.3771741014627557,1.448680968210549,1.2587846200514874,1.2349581247030776,1.3607972461550506,1.4520803758542857,1.2114996810157381,2.088038158297904,1.6581226042018382,1.9527215980878163,1.8788720800691254,1.7746958758140652,1.5956228673542654,1.7919980000517135,1.7745058315952495,1.4196709580968006,1.426580538711916,1.3796884911707292,1.5048781446420842,1.4414617882909178,1.0199760745996582,0.9797389126991747,0.8384655654183357,0.9162956887664654,0.888056356523528,0.7265956807016566,2.2617962176610895,1.0254923033583783,1.4003251540210588,1.4647987278906103,1.9088793304569658,1.596254539672393,1.8056385854571153,0.2306744381937324,0.37764810011056255,0.8736462489635082,0.8460270700825614,1.4969361706066668,2.6755925000563408,1.38596422770913,1.97686576706169,2.759510856419542,1.770971102681871,1.8328589578306507,1.6588647036972368,1.6338098753775856,1.6512465083464944,1.4744838586481563,1.4265849260971433,1.4089786571747365,1.3748658009945882,1.377635289085113,1.3305274109175862,1.3016689093320444,1.2771456675797532,1.271679923302106,1.2092486483079812,1.1957389772518834,1.1512702413536182,1.1271806230818986,1.0361233675210493,1.09414021945102,0.9871474067279824,0.9517098048798461,0.9490357438083401,0.932108203022096,0.8949385342356571,0.8618238012469525,0.8268956673770058,0.8017445588087843,0.8072965994715612,0.7606957516829221,0.7214318949808598,0.6361535371866657,0.6302014812694926,0.5991249001125826,0.6139665565053547,0.5536814629549672,0.5515327403405028,0.5063390514949982,0.4501022362102014,0.4702879925982388,0.38168545866666637,0.32214079095012277,0.29181025811811684,0.2578460862036213,0.31072351711354274,0.2255864651021257,0.22243097871841683,0.2817411000776791,0.17146063705459,0.061586946961123774,0.0,0.2492768910785058,0.18396943648349312,0.26955452319919626,0.2347468885928828,0.25977491865698804,0.2977658201470101,0.2510442604291905,0.35006861398522954,0.41394997969407843,0.3985277917167096,0.4428550892403263,0.5426917717609707,0.5009021242149316,0.566726847853483,0.6107623456928484,0.5935566105737199,0.6976624554521166,0.7010413241365372,0.7432861007186096,0.750694020228135,0.7344115123301057,0.8036385809260888,0.7583909431497793,0.8203597876540577,0.8695174826756914,0.8694128091904243,0.9415831089683571,0.9603854216399932,2.528158319607681,2.1577289624063076,1.431860304978531
1.6151493416903633,1.4975737411449903,1.5558311958705302,1.368405532901964,1.3300334386868515,1.439583952578457,1.5576727375652406,1.2836192951309513,2.1035140318474532,1.7641994893654964,2.1691285757222,2.1275114520762504,2.0083562898886376,1.839783549807442,2.009804189004849,1.945150794037884,1.636979193840782,1.6404627057480459,1.6289420620648776,1.6930475734211747,1.6249662412493975,1.1880529721076525,1.1579708159648003,1.087393216207322,1.0156655767720315,0.9758300252776914,0.8452439573277216,2.5025247303860634,0.9973992284528418,1.381510672523292,1.4460026957352212,1.8796795536476807,1.6662277499100153,1.7860150154958243,0.20392912818211711,0.6224051970268621,1.119314251081495,1.094581261408609,1.6828719836928108,2.800862636301938,1.6352409655447533,2.1890280120110037,2.9258946922273994,2.0164554858469885,2.078250125566501,1.6977186676307614,1.6733658036619201,1.7327118666627472,1.5150673429047332,1.4603576332550092,1.4930465638604333,1.4230347154319092,1.4497952681889508,1.3655395721758354,1.361502736743976,1.3258425732435082,1.3205260776975343,1.2454279040757936,1.2763995323089077,1.2090357624624124,1.1639625639524098,1.0723696391700255,1.186597911001121,1.0243349485857707,0.9884995840604135,1.0548948257713264,1.0435910497036522,0.9423227627229291,0.9066942405207541,0.8715350923299565,0.8842703764209963,0.8435553662926345,0.8260894734105019,0.8215988995988666,0.6642885905818211,0.6604487668496947,0.7012911329284485,0.6417545262719437,0.6118716344181514,0.6747573750221634,0.527054630504194,0.5915767521924281,0.495660322709359,0.4001266789949873,0.472528726244992,0.4473292564689643,0.4123051245211245,0.2871367203641182,0.4031021485242663,0.4289119456585411,0.24045185730582427,0.3762264001903994,0.30806983905312535,0.2492768910785058,0.0,0.3656398393967699,0.04755921034226074,0.10486896130677707,0.11985947731610568,0.14306779983877538,0.3590711552623105,0.3909975318833789,0.30045177689674246,0.46328737912274887,0.37940105992802814,0.4392098842206102,0.49896960217764985,0.48145925343979096,0.5154957036544091,0.5792140220404883,0.6066993000923141,0.6125429163754172,0.6743425785751092,0.6797111924007482,0.7117631969922534,0.7146519999145351,0.7423454867550532,0.7680987993380822,0.8018782650756531,0.8988242583307654,0.8580788109429359,0.905969145365389,2.589320172938697,2.1900582625314184,1.47172705100967
1.30354621855344,1.193205445604676,1.2650388560562198,1.0751474829519825,1.0526491939931988,1.1805662468737992,1.2685254837316617,1.033098934903514,1.9216104875807232,1.474423882842309,1.803529435507463,1.7979650098358724,1.6472682459477974,1.492777469195927,1.6441643892488174,1.598524105364408,1.271341611018606,1.2749423304360339,1.3121819143810267,1.3356993393653014,1.269989617633621,0.8418637858205135,0.8050183910756497,0.7919654399901052,0.7344331925928193,0.7083590392798543,0.5432869255710671,2.1478510569141127,0.8871666296928271,1.251468599043833,1.315281848615761,1.7608176087232565,1.416992888851368,1.6539062086830392,0.41084689215875275,0.38966239956904897,0.8506583723406055,0.8041545027697359,1.571053636095788,2.79222702047306,1.3212279064585162,2.014604502547739,2.84426971627297,1.6723623668108833,1.7337060906713158,1.8219357315325078,1.7967679233244727,1.797372038530082,1.6379652744072422,1.5925294489279127,1.5557522365323273,1.5364247524574686,1.5299568780996355,1.4966951951984513,1.4595718489849736,1.4392660543811233,1.4337936395956505,1.3759448767347178,1.346204272055971,1.311354988343271,1.2943848599988594,1.2043455918569748,1.240537212644002,1.1556148573740164,1.1206867528314934,1.0912805003450101,1.0717615867507495,1.0615536415028177,1.0296544391331208,0.9953100548190675,0.9576776800529893,0.978279392327063,0.9238348383891788,0.8718438978336587,0.8117656663268183,0.8054859494006698,0.7527102483603203,0.7900479269477153,0.7241204494690605,0.6971889883113337,0.685700772497869,0.5918005727469943,0.6497114887474194,0.5638581381705396,0.47024545045426086,0.44064922166041937,0.41189494234967644,0.4942160503147517,0.37104973737861746,0.34337407843943135,0.46314891287531074,0.30775054182698436,0.18889268265114276,0.18396943648349312,0.3656398393967699,0.0,0.3629964916377957,0.29693962425810844,0.3107386791261729,0.3379996309003972,0.10752275735896832,0.22493600403885627,0.3856070752891232,0.24696033396804598,0.3709112573535662,0.4828502467818779,0.3765735128851932,0.49046620254620804,0.5367271870398305,0.4671713793054911,0.6128021859150844,0.6141927781485925,0.6402525011604466,0.64854963853915,0.6033983198859488,0.710571989398444,0.6224925720537928,0.7025935781052752,0.7591438437381255,0.7080065637628518,0.8385989238537825,0.8385398815038946,2.6796088663177127,2.321126570936576,1.5958366067375533
1.5884275249671844,1.4698037771133645,1.5257373088189805,1.3391594806602594,1.298607217724041,1.4055181733211497,1.5273269862543335,1.2490328241982676,2.0613831340869684,1.733555751443935,2.1632734296146983,2.141530599599278,2.009975344210073,1.848282293239239,2.0046134784908487,1.926545083318355,1.6320821105002483,1.6343514607801484,1.6455546212927783,1.6791568022100465,1.6099945189839155,1.1705954237980791,1.1429934517890268,1.1068777462449209,0.9861015979227712,0.9446871418190547,0.8199844414659662,2.5080207580258413,0.9531500297435734,1.3372805188952117,1.4016981509976367,1.8343564558182341,1.630548366000251,1.7413556737987999,0.2509690575972329,0.6467071567213614,1.1431261909457762,1.1149358058776206,1.7239108920266033,2.8473974002387217,1.652452988733189,2.2258247169613754,2.9696245092600244,2.02607819501475,2.087747719338063,1.744909555834853,1.7205791844674454,1.7802220936989512,1.5623456685873198,1.5074994978522032,1.5404991427564787,1.4704661704456774,1.4973439865104425,1.4127471854799776,1.4090493831836768,1.373301943242444,1.3679884101552384,1.2927091828158876,1.323853448980419,1.2565856149432186,1.2112902301491881,1.1197294807849174,1.2338065126529258,1.0717327596832946,1.035908484883129,1.1016101112899743,1.0900735499998415,0.9898579166543865,0.9542218377555204,0.9190702234477462,0.9315137886922515,0.8910295779774269,0.8735708730537293,0.8682462860472179,0.7117853236130695,0.7079661271176116,0.7476161172495502,0.6892634935345961,0.6592739843451092,0.7199034663723742,0.5745912218853721,0.6350371955682863,0.5432193994699029,0.44765503051043,0.5142413903344611,0.48823891402483005,0.4528050526147983,0.3346921770110547,0.4408662914602644,0.46295142816110574,0.28800889745087244,0.40962050780164155,0.33040891416060464,0.26955452319919626,0.04755921034226074,0.3629964916377957,0.0,0.07537150029632192,0.08162934060235327,0.09806951475144084,0.3425344622072487,0.3613805858625077,0.2543628582702511,0.43499408409387874,0.33628557818908905,0.39246005169576353,0.4605074240573819,0.4354357416447824,0.46877428529951304,0.5382921623835196,0.5598647721443304,0.5657945503982664,0.628368123276865,0.633606948313572,0.6690121908581077,0.6676609515268327,0.7000213014784632,0.722818818570578,0.7556271552457194,0.8603691213817124,0.8110717107176114,0.860204951422381,2.636792741187862,2.2369538944999667,1.5190033286837301
1.513876293491477,1.3955808566505246,1.4525056689348497,1.2655117531687419,1.2260893010527156,1.3348730790636194,1.454223886954637,1.1788237218546458,2.0015667183963157,1.6606229189092232,2.0920521215599446,2.0870154156065044,1.9436517932562705,1.7880468242499845,1.9337878670949835,1.8512698735884185,1.5615347229389585,1.5631293469540115,1.594553113473319,1.6047592012009173,1.5353307591546301,1.0955021523038595,1.068405322939716,1.0605666227016806,0.9125535119077424,0.8719582914872199,0.744989949353272,2.4447130937874113,0.8992688090840596,1.2830414209690344,1.3476581673051171,1.7837230752467013,1.5613602249768672,1.688329921945877,0.28301464317309816,0.6098613527269258,1.1030928323217362,1.0698253076501794,1.71933161754151,2.8658094733395925,1.6022050829208299,2.209183852604674,2.9735392663530096,1.966860625755704,2.028371334944943,1.7862748568842093,1.761721001245355,1.8105893804362339,1.6028568822949312,1.5495120235509385,1.569620584889705,1.508842225511039,1.5295928568422739,1.4541727388316004,1.4442726522519487,1.4112355577157354,1.4058664116287451,1.3334248221529106,1.3532662474763164,1.2917889215310485,1.251519880782057,1.1596447609423968,1.259621582285094,1.1111564225778348,1.0752146739659194,1.1230358086157313,1.1098043883213593,1.0262732572177278,0.9910075803181287,0.9556455657375712,0.9584434544828857,0.9294162864433557,0.9045473589057796,0.8898557845628717,0.7501910738002812,0.7458175718113151,0.7675370781642512,0.7274347515790907,0.6895724007057478,0.7335507357171659,0.6124054964795653,0.6422897949330197,0.5792164436791288,0.48242465457808253,0.516878397565315,0.48881380422270365,0.4527936131719347,0.37380061057048625,0.43378341301734163,0.4467908596074562,0.32782787023636045,0.3932361958105769,0.2961115084535846,0.2347468885928828,0.10486896130677707,0.29693962425810844,0.07537150029632192,0.0,0.026990109240828952,0.06542538193108366,0.2682374442401401,0.28757041939814365,0.21293636336286997,0.36069597534949244,0.2809051454087946,0.35295570102725565,0.3948683433959522,0.3906134711481172,0.4282255253808604,0.476753571942222,0.5195589028747833,0.524759871010637,0.5821405012212064,0.5880578860647045,0.6113073515507271,0.6281712296987633,0.6412339974810338,0.6730603382147028,0.7105008377718041,0.7944851486285058,0.7712182944380123,0.8122919579061323,2.6737457046787134,2.2807036651303974,1.559571910858387
1.50838131532195,1.3893622497368723,1.4445681655433404,1.258242068188996,1.217180797714125,1.3238933870802456,1.4460981595048947,1.1674303991976402,1.983712350421371,1.6522486640448406,2.099587574044501,2.104751819392689,1.9553413606146088,1.8033125216766939,1.9417607209540626,1.8511723329844048,1.569867317182723,1.5707685246300653,1.6136934416695812,1.6077363287299864,1.537668995806509,1.096546019516028,1.0710830384807826,1.08141068119587,0.9051598100108819,0.8633535532427541,0.7409690941250215,2.4582228890643063,0.8788884774663037,1.262886345889165,1.327444367229556,1.762455328543682,1.5490858187277043,1.6678149142363632,0.30695977856799606,0.6334244187302873,1.1255650278513643,1.0910074953874624,1.7461852183741349,2.8922819566214133,1.6216009012143668,2.235218464085554,3.000529313855941,1.9825837561528448,2.0440072385005292,1.809529393009487,1.7850204090871964,1.8357660108745757,1.6262692162189594,1.5725973226040137,1.5949417581223637,1.5326668670375057,1.5544667388135014,1.4773706018000061,1.4686572157733249,1.4351289811388614,1.429769409854465,1.356751546211594,1.3785195916526685,1.3161505642438935,1.2749304871972924,1.1830979221687583,1.2853078978903592,1.134695795574999,1.0987671842184796,1.1491525619652672,1.1360680867412145,1.0503573664187242,1.0150132264931633,0.9796768708569344,0.9839306711421065,0.9530991570451797,0.9294726654300532,0.9159023301538806,0.7737817244837845,0.7695120783763267,0.7936987605850327,0.7510562850193953,0.7144905802574818,0.7601638145104813,0.636005505244081,0.6691691641417005,0.6031209779009077,0.5064264905063164,0.5438419096066198,0.5157975278893868,0.4797782663675803,0.3967670265691773,0.4607106876034695,0.47328930428818233,0.35050535695543794,0.4197768499864061,0.32089913431333944,0.25977491865698804,0.11985947731610568,0.3107386791261729,0.08162934060235327,0.026990109240828952,0.0,0.038652116904055976,0.27301880056730604,0.2810081248073262,0.18811236484913818,0.3550310969323579,0.26039575769982787,0.32827108166140784,0.3797895921073604,0.3671399745634249,0.4038851377937393,0.45935728717003455,0.4952919558444272,0.5006450263232469,0.5592738399087367,0.5650256456567591,0.5922431987330269,0.6038451640218728,0.6226543922077078,0.6512381893271677,0.6874566552278233,0.7797406463630459,0.7470523875709225,0.7900248133860004,2.6979299636656098,2.3034679107087674,1.5829664513478556
1.5076772064005626,1.3876657796558816,1.440285235897364,1.2550824226518986,1.211597707778594,1.3150748476351934,1.4415326425603847,1.15809266943436,1.9637026223333975,1.6472045687041845,2.116836964951501,2.1348565104263164,1.978031413337016,1.830500783774064,1.959628993301486,1.8580611652057035,1.5883326432551623,1.5883212302168574,1.6454946316942813,1.618996219444822,1.5480836079831326,1.1054836248868074,1.0822980954891133,1.115208975491283,0.902200922575971,0.8586419804354074,0.7432759148674802,2.483130060385846,0.8550953743864195,1.2392280636666015,1.3036555571688488,1.7366973974427247,1.5381389719570273,1.6433920226451726,0.3390778648120695,0.670064093514018,1.161039643280767,1.1251618787900814,1.784756477451201,2.928481330103318,1.6536903089353767,2.273680606545927,3.038648116799256,2.010295581782614,2.071603052235258,1.8394110747129107,1.8149847687559908,1.8691934409172801,1.6564578986134082,1.6022211434938587,1.6286765862982082,1.5636059147701395,1.587337793123925,1.5072104145341843,1.5006246487037964,1.4662095033256892,1.4608681788976408,1.3868445189706191,1.4121468635507741,1.3481040217841547,1.3051916412358622,1.2134604626876253,1.319814893730439,1.165225002534437,1.1293317655055355,1.1845906343532315,1.1718379214807828,1.0818792568430948,1.0464078535026187,1.011130749341963,1.0180913923736068,0.9839502900963323,0.962571383503338,0.9512255372194433,0.8045735824425463,0.8004858740774189,0.8292989226924482,0.7819174083680624,0.747670846665135,0.7968335229479613,0.6669284864592078,0.7066477077184435,0.6345963304480066,0.5381847574354301,0.581711735879763,0.5538262899759258,0.5178211067906126,0.42705234174169365,0.4991880818750713,0.5119339676748296,0.3804861540306398,0.4584265984056873,0.3586839945435532,0.2977658201470101,0.14306779983877538,0.3379996309003972,0.09806951475144084,0.06542538193108366,0.038652116904055976,0.0,0.29000104048959274,0.2823483465846333,0.1576222331530638,0.35677564091810154,0.23849807254096972,0.29712196623497095,0.3665316976942339,0.33847524287999925,0.37325710853577243,0.44167543159385614,0.46462088568030985,0.4702829387281225,0.5313150415653947,0.5367332484707438,0.5712086536914395,0.5728956741664647,0.6023935638294339,0.6251126674587674,0.6589689980517114,0.7655802506787543,0.7162964121800827,0.7629018210826038,2.729412780113378,2.332431970420427,1.6131312376386775
1.264435896523035,1.1496764580754288,1.214679508611266,1.025331849702271,0.9952224593397954,1.1162220555392697,1.217383047006582,0.9648079493589238,1.8371018178862661,1.4241488827346058,1.8271747196739432,1.8689934661294971,1.6904572962788198,1.5531189133108296,1.6697461820430668,1.586084640747306,1.298340053749293,1.2985184949582556,1.3911899079182377,1.3366357015135135,1.2675123421733567,0.8291232485458326,0.8004831131663047,0.8824664572292268,0.6766053747035563,0.644026036486546,0.4946744665254488,2.1990611115303103,0.7859641090536645,1.155054392187848,1.219241451393449,1.6643348241249014,1.3500250553497808,1.559193850598385,0.4552898744145375,0.4961548728908163,0.9473311228102244,0.895982573318701,1.6785736375309404,2.896505449666814,1.4013555514999871,2.119883473623682,2.9516818649007606,1.734431348469143,1.7952460288807457,1.9085233083012818,1.883427656427579,1.8930116519134352,1.7242138822226865,1.6769486035840375,1.6509814417432387,1.623940366372527,1.622672173467685,1.5809166434128912,1.549290926412619,1.5263695872860221,1.5208990681607464,1.4597180548246351,1.439660003026767,1.3996870171412725,1.377728810838588,1.2868302924543789,1.3356477371402111,1.2378794634124453,1.2025097152791644,1.1877958345399104,1.1691577722016502,1.1452579690098148,1.1123890805627235,1.0775540427032637,1.0480025591199145,1.058283586476776,1.0098887024230647,0.9646681725147285,0.8869680613718588,0.8810761735548035,0.8437754264308425,0.8647007103945619,0.8045035594646988,0.7914641871424816,0.7559232735501094,0.6870154572200206,0.7199270332640523,0.6289564578676701,0.5621930667425192,0.5320083110724584,0.500770273989706,0.5455567020535047,0.4626965143252419,0.44147684120990544,0.5084192047795005,0.4008651323916434,0.27597742464031866,0.2510442604291905,0.3590711552623105,0.10752275735896832,0.3425344622072487,0.2682374442401401,0.27301880056730604,0.29000104048959274,0.0,0.11744288940370119,0.29857696794274263,0.1487804252910296,0.2692013583748871,0.3816976310025695,0.2700022556208499,0.3856602651070881,0.43186933010613265,0.36144856472962894,0.5060856410842219,0.5072933332079174,0.532750934101223,0.5410381578993293,0.49928240193997225,0.6031483128034812,0.5198235513964659,0.5962475568021789,0.6521071959326659,0.6188734348410988,0.7311968284252405,0.733071484344794,2.7731568173740864,2.4075790127476266,1.6817209323210025
1.2273747385613105,1.108453732038551,1.1649811306540856,0.9779544572301114,0.939094758492161,1.0507219414119202,1.1667505271823408,0.8957898882331639,1.7452007438534594,1.3732285107068705,1.8561226420936632,1.9476620985772588,1.740623764586433,1.621611060070801,1.7013929278287354,1.5769486841142102,1.3335498767616358,1.3301225235045626,1.4791896386413028,1.3437080381905542,1.271403506340782,0.8272239628434676,0.8081649366565705,0.9834374608805577,0.6249831172746537,0.584877425679869,0.4609974982932807,2.2562617339843447,0.6761299831598575,1.0503368885081525,1.114847340830564,1.5588108298299597,1.2800141747281324,1.4558422586421917,0.5279320257885484,0.6124556341047356,1.053852325409797,0.9981304375325262,1.7959806383130563,3.0114862636382695,1.4904509576925646,2.234344845692531,3.0691165818716972,1.804133812759664,1.8642336040449645,2.007470586584221,1.9824703714551923,2.0004115263625892,1.823062027935618,1.7741492669951024,1.7581823641423946,1.7241050632218111,1.727618004355163,1.6780862693955758,1.6515880793865954,1.626299456583719,1.6208394623750635,1.5566957641554968,1.5454816653256358,1.5009528790414206,1.4744866728691464,1.3830265039524028,1.4430652066783276,1.3340118201652553,1.2983482874427519,1.2966245218779877,1.2787612639743264,1.242966176303612,1.2093416668594321,1.1741959805001252,1.1517995434376582,1.1530113654569945,1.1101205517424253,1.07080912373372,0.9783719227722335,0.9728582952722248,0.9488500924910827,0.9557791421762875,0.9009139404207751,0.8993133064536236,0.8440997977070331,0.7959832506161599,0.8084814088868995,0.7144072997917126,0.6694327003530056,0.6390620566686946,0.6063675832882224,0.6211205009488676,0.5705854945852376,0.5537016275429468,0.579881108893885,0.5103678562260636,0.3844275541153469,0.35006861398522954,0.3909975318833789,0.22493600403885627,0.3613805858625077,0.28757041939814365,0.2810081248073262,0.2823483465846333,0.11744288940370119,0.0,0.22819390108397788,0.0744374093251356,0.16908403898717714,0.27883311161408153,0.1541693595772695,0.2750399947226321,0.3207195150281332,0.24668156979621342,0.39077466682035333,0.39158730450452967,0.41531672398653796,0.42361604050885876,0.3864174735184385,0.4861612356814942,0.40903305912791615,0.48000596610694635,0.5350165819899793,0.5267667809983267,0.6137772211284491,0.6178116734254091,2.8781820441990296,2.505966191354025,1.780286351284663
1.4062983045767987,1.283679991319447,1.3280436894035932,1.1472224520174086,1.0966179437847385,1.1904122604969376,1.3284401795404084,1.0327502452972872,1.8137730396014455,1.5319617666024685,2.0814016608922863,2.1662682794865287,1.9687656011964263,1.8456912255368438,1.9275285271711546,1.7815175545893802,1.5607193976168754,1.5565664762240394,1.6897590916794645,1.5603382231267273,1.4864467133365156,1.0415867666420748,1.0277780941771137,1.1770139988846504,0.7980764176008641,0.7494412087996297,0.6601682678623498,2.4837552871836652,0.7009932955338817,1.0848647565322138,1.1491048646279507,1.5802340760963718,1.4072426282468307,1.4880493791093659,0.4950256418566144,0.7610258779577872,1.2357816551968963,1.1895475564533118,1.9108145400235115,3.075519096707232,1.699868520855593,2.382639508266998,3.172595309210256,2.027766024006519,2.0881976871642136,1.9968250307195654,1.9723713578473474,2.023521869812822,1.8137589391821773,1.7597031456192813,1.7825146233898364,1.7205316245344255,1.7424739193612386,1.6646295067223977,1.6567636936112584,1.623044302353952,1.6176910246442628,1.5441739099288128,1.5661857957197933,1.5042548619198448,1.4624517567509387,1.3706730179865463,1.4722039239343847,1.3223579249924338,1.2864454049858598,1.3346925099381288,1.3209311776770032,1.2383889548789144,1.2030113674395975,1.1676888939827483,1.1712551460995,1.140902239261228,1.1174432852229972,1.1017799591207558,0.9615429928982205,0.9573503554823433,0.9791714026620534,0.9388455810404253,0.9024614461614544,0.942945903358981,0.8238059486958994,0.8487408827057836,0.7911087226422516,0.6944685049827838,0.7215237388678939,0.692420426701735,0.6565339780260787,0.5841858899630917,0.6324644248214505,0.6361523392752494,0.5377185133399736,0.5841871416530006,0.46977190016042475,0.41394997969407843,0.30045177689674246,0.3856070752891232,0.2543628582702511,0.21293636336286997,0.18811236484913818,0.1576222331530638,0.29857696794274263,0.22819390108397788,0.0,0.29232323068169014,0.09948062184318957,0.1401595929175003,0.24461585558014104,0.181075962581206,0.21593527640720475,0.30280268127040827,0.30735692501572026,0.31286653095685024,0.3740072087552692,0.37928794331398996,0.4225494620402598,0.4158321799241329,0.454971852576088,0.4689334262856957,0.5014266776968308,0.6304438861829287,0.5591299686726329,0.6058665356265687,2.8859775617529015,2.4900358619367684,1.7704404856545175
1.1534609471332447,1.034894475655013,1.092650035456016,0.905121267195909,0.8678713189939702,0.9821310937985979,1.0945868533132626,0.8282201307949597,1.6898030366152814,1.3012223385270072,1.789081967551994,1.9033404279288428,1.6811858372833268,1.571397887909942,1.6352757842108026,1.5030744359933974,1.269018996884107,1.2644269675983775,1.4425844779952748,1.2720162578984393,1.1992357010831207,0.7546808598642668,0.7373596918601294,0.9609093163830683,0.552422699989607,0.5138006504835253,0.3865642913446712,2.19948587013667,0.6402086064085489,1.0066951145615728,1.0707992758263127,1.5160489112269684,1.2131272593844724,1.4105437164404107,0.5909885372041955,0.6195729849797431,1.0379710492597058,0.9768900660193038,1.8076545328135432,3.0386492982493323,1.4547286032025313,2.2312004012814537,3.082766744507475,1.754352582622835,1.8139626341683948,2.056977987340568,2.0318951618209677,2.0412634014802973,1.8726389299544544,1.82506290702858,1.799308935455816,1.7725407533771462,1.7713690948714682,1.7290119727178772,1.698055475792236,1.6749335529188485,1.6694639115144505,1.6077534101432083,1.588268385000201,1.5483829264879576,1.52570004194467,1.4346486257311604,1.4839684441181564,1.3856698781176358,1.3502160772289566,1.3357335535367643,1.3167993670454348,1.2933867665136556,1.2603423818823143,1.2254232213990628,1.1967819111153915,1.205636565989088,1.1584255244182944,1.1132949546300572,1.0331310970338172,1.027372383668199,0.9925216140385804,1.010726404869131,0.9521945648264346,0.9398331548323543,0.9006773342106594,0.8351402342437596,0.8647992173247602,0.7722897557465552,0.7107899877244701,0.6806468539422335,0.6495384322388071,0.683356133546462,0.6112547082079373,0.5884505901153263,0.643575111002017,0.549136122721587,0.42464802664961104,0.3985277917167096,0.46328737912274887,0.24696033396804598,0.43499408409387874,0.36069597534949244,0.3550310969323579,0.35677564091810154,0.1487804252910296,0.0744374093251356,0.29232323068169014,0.0,0.21747065735176344,0.31754519936979236,0.144145238273325,0.30201141866173326,0.3448853751602072,0.22671445658863684,0.4019128618305445,0.40117113631520884,0.41104977221573474,0.41977444160617433,0.35815269385242465,0.4871907324497496,0.3759465848582359,0.4619810597682347,0.5218703761208197,0.47091145155934666,0.6047013689000439,0.5948460450338924,2.921806000640508,2.555972522815183,1.8300955261995007
1.307684320061961,1.184834814727017,1.2286187018484371,1.0480829199211261,0.9971483905763722,1.0913606343338949,1.2289908104036666,0.933720791978343,1.7252047426676331,1.432481298797083,1.999725439165337,2.115922106341294,1.8982467954598752,1.787417512552172,1.847383373076364,1.6872139308914937,1.4832078074349766,1.4773664792350265,1.6482585539908636,1.4713499131420897,1.3966543734335646,0.9522760234854413,0.9417728707316563,1.1494515895670332,0.6996157324314538,0.6504430293266777,0.5668613750315322,2.4169459987199517,0.6185384562333879,1.0024965220448987,1.067063724285597,1.5028674446127668,1.3092252997310374,1.4075412748654021,0.5617703001702296,0.7591348924932427,1.2163839446756617,1.163565242873028,1.9296586398068236,3.1178190133445733,1.6594767701954936,2.3847589937280134,3.19788019263763,1.9702035759194436,2.0300378222477957,2.064816701193111,2.040156221235572,2.0802781741682765,1.8810439683271678,1.828509544703894,1.8384385847071179,1.7858117821130497,1.801636878586037,1.7329473988043544,1.7190367635279065,1.6880220978406484,1.6826225124939271,1.6119378995173306,1.6229283058170418,1.566796795413138,1.5298604235770867,1.4379269104502193,1.525693896478348,1.3892409944344668,1.3532894423887691,1.3844844239195357,1.3691416622523584,1.3027034314284316,1.2677607894685115,1.2323524814278644,1.2271447375958366,1.2072565252523215,1.1772857287809468,1.153215041307072,1.0284877716872418,1.0238496516740478,1.0301454053514831,1.0056841426803564,0.9630032364031372,0.9887304012943073,0.890889471604414,0.8902901103845464,0.8569819817954281,0.7601895207489013,0.7620121222609754,0.7320428875379021,0.6968842774753646,0.6538371663134461,0.6678517350324337,0.6632337552557857,0.6082396885273763,0.6139136120636765,0.49194126398981347,0.4428550892403263,0.37940105992802814,0.3709112573535662,0.33628557818908905,0.2809051454087946,0.26039575769982787,0.23849807254096972,0.2692013583748871,0.16908403898717714,0.09948062184318957,0.21747065735176344,0.0,0.11249670017339611,0.1457259723327558,0.12435065823420452,0.16959260448969082,0.20576847591830727,0.2548107242037518,0.25823045551891216,0.3056585825294705,0.3123345009859624,0.3327325794821131,0.36121215501673637,0.36392526296281863,0.3929810906804968,0.4340057710239276,0.532975284151581,0.5010516978101206,0.5329243942003772,2.948869799878277,2.5602178817613517,1.8378218329777622
1.3417884619504996,1.2173419768675189,1.2520269353857951,1.0779085100318428,1.0195965257945594,1.1008533787368018,1.2514479312385478,0.9438219345932258,1.6893457347286291,1.4511853493267484,2.0781890131304754,2.2207765708308513,1.989657754256918,1.8882480192932305,1.9281658090959877,1.7404249579887414,1.5679522087032876,1.5600574835484815,1.7568561326594165,1.5384345324413482,1.4622649784552746,1.0207965742115097,1.0165065019962565,1.2613385051624584,0.7390073127749003,0.6855322422332844,0.6298087975612257,2.51114747104895,0.5724174623190915,0.9544850786090997,1.0182645029775075,1.4452593888178291,1.3086774758092452,1.3553598017062913,0.635176233332893,0.87010359741363,1.3288457522987063,1.2756191427623436,2.0358384847386146,3.212273736952719,1.7684122028200338,2.4956622606814816,3.301688574875826,2.071305110047338,2.1307292005777425,2.136522186797416,2.1121024842265705,2.1634187862693866,1.9535778137923003,1.8992998893694437,1.9222959187419149,1.8605671534943293,1.8825482525991553,1.8043213714270439,1.796922787895484,1.7631089274128025,1.7577591179580534,1.6839661898459437,1.7060366400827913,1.644413433208946,1.6023038274904937,1.5105594729396385,1.6115764250163351,1.462293815951003,1.4263915608213193,1.4732675630225132,1.4591067571919598,1.3785171897116193,1.3431240467366943,1.3078086058109892,1.3109240193505327,1.2809195902931834,1.2575028755857665,1.2406296973416766,1.101548852138932,1.0973930759555461,1.1178503175716044,1.078866166146728,1.0425279189009162,1.0802018127969253,0.9638392242327607,0.9844621565395821,0.9312245599577906,0.8346077433923575,0.8566534015465255,0.82715527814263,0.7914823632939314,0.7240987446643242,0.7652627701256319,0.7648316148480355,0.6775717835536333,0.7141112439215992,0.5950554230274325,0.5426917717609707,0.4392098842206102,0.4828502467818779,0.39246005169576353,0.35295570102725565,0.32827108166140784,0.29712196623497095,0.3816976310025695,0.27883311161408153,0.1401595929175003,0.31754519936979236,0.11249670017339611,0.0,0.2066136195267351,0.052429573907683415,0.07631755916226735,0.22029372832011201,0.16752498040028638,0.17334055783731778,0.23866258692054013,0.24308677345193735,0.3097925241313624,0.27579839682534624,0.34359876878591933,0.33701114101565816,0.3640575066338882,0.5348342622989315,0.41917937394278976,0.47049628865171994,3.0261085136100787,2.6292626432340716,1.9102518766548888
1.1619599247359127,1.039155374650408,1.083831268158344,0.9026103119981302,0.8527690387699578,0.9503809009500753,1.0843626981994787,0.792994589300293,1.609482518468851,1.288415171970155,1.8716953770055738,2.0308188185778557,1.7853442878059294,1.6920291216835086,1.7215527614141193,1.5444128374460975,1.3616752672100723,1.3535289469404166,1.5777098100647995,1.334686343845277,1.2590944991693112,0.8161825238352536,0.8102856273888808,1.1036156570647482,0.5539024497989037,0.5048361495694512,0.42681434429680104,2.308209685320437,0.5248868330889499,0.9029140614112926,0.9675993418676575,1.4099837461985847,1.1717685497361288,1.3090422189399922,0.6613972797908715,0.7593146248676096,1.1818811587179054,1.119910318495232,1.9459468186820694,3.1656297472028414,1.5904867232696616,2.374753617246782,3.220110375763333,1.8752592319077908,1.9340860476698851,2.153760052172053,2.128845238944491,2.15214699386665,1.9694120653025629,1.9193461987414038,1.9098797502994473,1.8714571552948205,1.8780525331804399,1.823354705265846,1.8004188963077576,1.7735715356407884,1.7681236060361787,1.7019601667204594,1.696511225726767,1.6492326614332684,1.619697247939418,1.5279672343646835,1.5949944887803804,1.4789864230872827,1.4431758571256332,1.4492849074607002,1.4317570799597212,1.3891921293974818,1.355111483230787,1.3198216099207298,1.301983104394526,1.297352613675828,1.258225205522752,1.2223339944512446,1.1208872256201634,1.1156619690800225,1.0999700565881954,1.098152081759442,1.0470896380411958,1.051791302925468,0.9849528569743535,0.948997601111324,0.9498085383226321,0.8542532773410653,0.8219456498145825,0.7915557351201553,0.7583523892973492,0.7550175729497423,0.7235071624621139,0.7077418587927673,0.7114831818528944,0.6638746393341011,0.537925828966916,0.5009021242149316,0.49896960217764985,0.3765735128851932,0.4605074240573819,0.3948683433959522,0.3797895921073604,0.3665316976942339,0.2700022556208499,0.1541693595772695,0.24461585558014104,0.144145238273325,0.1457259723327558,0.2066136195267351,0.0,0.17549078919593475,0.21262141023970035,0.0928356873201069,0.2594709300793572,0.25820781351194544,0.2677276143168627,0.27637142297797135,0.23351509923356498,0.3431303993237103,0.2581260289853579,0.32624826464320067,0.3827939016641252,0.3999510578892327,0.4636195407610927,0.4636512402081682,3.028330342557683,2.6515720231637356,1.9264686476853048
1.292722494649401,1.1680934244946621,1.2014176530706944,1.0283423557275897,0.9690264994234568,1.0489661829220835,1.2007211516122327,0.8920528455265748,1.6391438041753905,1.3999544728863034,2.041870898802322,2.2030290593671675,1.960504798076064,1.8664673066615602,1.893041944457991,1.6952971101180145,1.535160187510547,1.526185443321438,1.7445946361948752,1.4978128409074678,1.421185761750226,0.9814314669800007,0.9796881719597167,1.257477922101931,0.6918146439453686,0.6375958584221603,0.5897826085309856,2.4836499319989387,0.5230826112062745,0.9060719713808574,0.970071453399581,1.3994615717127497,1.2562986158943885,1.3081362417342808,0.6736276871123953,0.8799290928667148,1.3288917177454334,1.272514498141421,2.0535465974935394,3.2408497204044786,1.7567265559153988,2.505048179039418,3.3221660130509325,2.0496686856796744,2.1086754898444453,2.1766648283919174,2.152148675670778,2.1985921035419436,1.993363678723324,1.9397317448916924,1.9570656407171387,1.8994510006029952,1.9187483228967168,1.8445098508890847,1.834472630298166,1.8018314811837652,1.7964597978258823,1.7238708060994044,1.7411329316908517,1.682036446684436,1.6420219324321854,1.5501700246550907,1.6452213941631648,1.5017217069614273,1.4657845182522686,1.5052663805037845,1.4904081531607396,1.4168007326200145,1.3815758150571822,1.3462043971215525,1.3455525693686456,1.3200202935125476,1.2938110674706986,1.2733179018926395,1.1407668782631888,1.1364204924285124,1.1503192143951577,1.1180196456150469,1.079012212099104,1.1104519014223155,1.0029788998231488,1.0129291380889163,0.9698266176195428,0.8730245654328551,0.8847347559708316,0.8548972882717897,0.8195485138269196,0.7639069273967066,0.7913265352170764,0.7874843802174404,0.7176167981642857,0.7379591220264705,0.6162727928709495,0.566726847853483,0.48145925343979096,0.49046620254620804,0.4354357416447824,0.3906134711481172,0.3671399745634249,0.33847524287999925,0.3856602651070881,0.2750399947226321,0.181075962581206,0.30201141866173326,0.12435065823420452,0.052429573907683415,0.17549078919593475,0.0,0.046261481559426346,0.1730808864979694,0.13150320541562308,0.13566899716288622,0.19293239910283644,0.19825840593398167,0.25738255473901817,0.23942295137774958,0.2911785069564048,0.2888890777590098,0.3205367518025674,0.48287220344027043,0.38141133201997196,0.42486587020515476,3.0641307955706787,2.6704657978189084,1.9500671612893576
1.3014923319644658,1.1765187561204113,1.2058071858559096,1.0360927168861844,0.9738222887136524,1.04783367860905,1.2047019918223616,0.8918388513931162,1.6178386512673224,1.401834694266064,2.069120692740418,2.243107211013216,1.9938946214806064,1.9045772289848606,1.9214962059051903,1.7116200096001146,1.5658558095301922,1.5559505696271339,1.787017352901369,1.5205886492298286,1.443447864476655,1.0061893129049826,1.0071648683670267,1.3023848761045287,0.7056933743049512,0.6501175465409085,0.6147115177536415,2.518092841576312,0.500214970066191,0.8808191738317787,0.9443579594022592,1.3697019039467442,1.2502617264729405,1.2805909754294829,0.7108445132696825,0.9261780979541923,1.374482352587252,1.317571911247771,2.0992117723924215,3.2836985761601407,1.7993505854137262,2.5513093419842217,3.36738185545633,2.0878118876694365,2.1465757389415674,2.2126613771359778,2.1882261954311795,2.238156652446617,2.0296548699977364,1.9754771193789953,1.996861061336882,1.936460082213082,1.9576580624590134,1.8804613642004455,1.8724657979439765,1.8389613829668316,1.833606216610445,1.7600571617194865,1.780721946619114,1.7199708449535478,1.6783593107106058,1.586591636283905,1.6856369130226547,1.5382883434751777,1.5023774275169242,1.5465244266672302,1.5320000649900176,1.4542422041782115,1.418890121498966,1.3835580321808592,1.3853861502463525,1.3568357207387223,1.33260861134996,1.314203221458197,1.1774778983060814,1.1732793236204968,1.1912979915451103,1.1547791269153942,1.1176696305959106,1.1524682139684694,1.0397378714840126,1.0556612782323798,1.0069906583726027,0.9103113260240386,0.9275808806433044,0.8978610774369401,0.8623789445955826,0.8001059589853134,0.8348549071708931,0.8320061938773424,0.7536163316423065,0.7821418779194088,0.661065925913127,0.6107623456928484,0.5154957036544091,0.5367271870398305,0.46877428529951304,0.4282255253808604,0.4038851377937393,0.37325710853577243,0.43186933010613265,0.3207195150281332,0.21593527640720475,0.3448853751602072,0.16959260448969082,0.07631755916226735,0.21262141023970035,0.046261481559426346,0.0,0.1926153048253318,0.09142273222571698,0.09705092782376643,0.16419868216785996,0.16802386788908916,0.2511873338807607,0.19996713605431982,0.28493873478678944,0.26401115146001103,0.28810416292180535,0.4826213741383096,0.34319892638586486,0.3952030891884867,3.1018132495835333,2.7055326391712566,1.9863331252300274
1.1217247839842133,0.9974161657579012,1.0342070741873723,0.8583117448603764,0.8018452329337131,0.8893848759743308,1.0339474056711406,0.7317551222882066,1.5248230815941686,1.235297055936953,1.8773836647265674,2.0766324246297208,1.808788208009559,1.731099096742843,1.7305254010149578,1.5223035285896382,1.3771328154902778,1.366225853871527,1.6338188009262629,1.3280169911118205,1.2509449032259852,0.8137309673458989,0.81590057962506,1.1739862287328182,0.5189654358762585,0.4652448849477772,0.42249256972440596,2.3346539167776066,0.43281033273643355,0.8124635476122901,0.8771878195383781,1.318617928131589,1.1044953503795807,1.2186621646423432,0.7490855597002974,0.8461571837601686,1.25655391018255,1.1911415415028401,2.0339856330503094,3.25777787115934,1.6474604474036942,2.455850073357552,3.3088030810727704,1.914214162119303,1.9721271276973489,2.244750802975301,2.219869817807361,2.2447901343269194,2.0604509133059277,2.0099801442502336,2.00252098586461,1.9628561631101005,1.97039430046266,1.9140342328274758,1.8923042794761407,1.8649585601160468,1.8595155433684256,1.7926659552102056,1.7890128417625042,1.740966011261445,1.7104049733525803,1.618606093379836,1.6876897704289842,1.5696529331797675,1.533803037554401,1.5420894582522722,1.524587524771956,1.4803154110344103,1.4460931830675012,1.4107674680615028,1.3943098936889367,1.3878688260260938,1.3499809386014143,1.3149714882308459,1.2108707036442081,1.2057496329793012,1.1925376111108392,1.1881032392733397,1.138333181789679,1.1445851191110914,1.0744805961309631,1.0418315328017715,1.0395387895415982,0.9436076206420673,0.9147517703119696,0.8843615674412525,0.8511048671325484,0.8425420216154212,0.8163406574511968,0.8003795128744482,0.7983510995786004,0.7566860926259601,0.6307330489855091,0.5935566105737199,0.5792140220404883,0.4671713793054911,0.5382921623835196,0.476753571942222,0.45935728717003455,0.44167543159385614,0.36144856472962894,0.24668156979621342,0.30280268127040827,0.22671445658863684,0.20576847591830727,0.22029372832011201,0.0928356873201069,0.1730808864979694,0.1926153048253318,0.0,0.20565027856450468,0.2018023295784622,0.1898599635330333,0.19873325281322596,0.14095241604032993,0.26933304279832093,0.16700907960692224,0.23584332149577394,0.2951701478940029,0.3276430038432738,0.3785313262039015,0.3716232628760706,3.1205463129132864,2.7422547840984435,2.017455195114292
1.266129749229526,1.1409681112062633,1.1627744424625777,0.9999264980512409,0.9325715451231114,0.9959085149159767,1.1609477711163967,0.8422754613542561,1.5367504182519054,1.3538279203084822,2.071225931716433,2.2815035875066574,2.0119543900407515,1.9367301137468693,1.9267736648193357,1.6900066654641066,1.5774849114595761,1.5652216008070898,1.83475804445558,1.513289339600099,1.4352087324736382,1.0054323685259081,1.0128133003345499,1.3627093144912497,0.6841055839332807,0.6265391021889318,0.6181314166879939,2.5385479298387166,0.4200445986909745,0.7965367435267964,0.8595301228304076,1.2812459580219873,1.189788936370064,1.193835423595171,0.8022483643125385,1.0022218015452764,1.4393192820661422,1.3787872095527656,2.180751562273903,3.3722630536494975,1.847914526839068,2.625118591151992,3.4508249389302845,2.1198536669131327,2.1777773732560126,2.304031666223254,2.279604773494308,2.329152922329612,2.121052712091068,2.066821724765388,2.087766425124767,2.0278826909351952,2.048848830417198,1.9718309185047809,1.9638259113318794,1.930382338636472,1.9250268140853273,1.8514496786123111,1.8717016722337296,1.8113362639449344,1.769763348638852,1.6780013523221577,1.776252540577028,1.6297048335555897,1.5937950508997691,1.636622098082059,1.621845483232043,1.5456483693684537,1.5103028543719184,1.4749684762517088,1.4762610554150826,1.448258269468152,1.4238125710005203,1.4045421204868493,1.2688999057264096,1.2647020049181046,1.2815738619113504,1.2462016543265442,1.2088974171945879,1.2419444218996647,1.1311605735023424,1.1443956799111148,1.0984053030238932,1.001717854908751,1.0161847210359607,0.9863219260161162,0.951004689874896,0.8915182550463807,0.9225401355620537,0.9178218038235391,0.8450201460951088,0.8687011011998189,0.7463015052472797,0.6976624554521166,0.6066993000923141,0.6128021859150844,0.5598647721443304,0.5195589028747833,0.4952919558444272,0.46462088568030985,0.5060856410842219,0.39077466682035333,0.30735692501572026,0.4019128618305445,0.2548107242037518,0.16752498040028638,0.2594709300793572,0.13150320541562308,0.09142273222571698,0.20565027856450468,0.0,0.008357345403562099,0.0855273898574305,0.08621454002986081,0.20620569161060076,0.10862515968677174,0.23718483262023612,0.18528114631746445,0.19964779228339566,0.437932755232039,0.25177649147408854,0.30840561703326796,3.1932114881795366,2.7967572196233585,2.077729477243646
1.2582580522466271,1.1331005245658652,1.1546784629249003,0.9920528283627797,0.9245442611072415,0.9876322652357465,1.1528332277224547,0.8340508173263637,1.528966465283381,1.3456082630371364,2.0651226265494396,2.278158032612619,2.0069473984011004,1.932857919348401,1.9208828868503365,1.682649570940388,1.5720571903197889,1.559632421973104,1.832350359564712,1.506673841539876,1.428549340320239,0.999292275499735,1.0070844423708247,1.3617413450169558,0.6769150604673755,0.6192778138548813,0.612442186622903,2.5336875889451917,0.41210345409984067,0.7890040893121043,0.8520635154340938,1.2743614060320043,1.1814321243961738,1.1866426290284515,0.8075709901508805,1.0034460989137737,1.4388905867314938,1.3779224495445177,2.182800760020189,3.37596840902867,1.845589355886358,2.625839228921994,3.4532248339886173,2.1159564532895376,2.1738040587706076,2.3096675349835447,2.285223803078128,2.3339564490733564,2.12662510371112,2.072502916610332,2.092506895398404,2.0333018928401247,2.053823427052582,1.9774688855474172,1.969022839555023,1.935773537757872,1.9304143122878357,1.857037319080541,1.8764984992424616,1.81654479403814,1.775318045535405,1.6835361404585572,1.7808186904189627,1.6352082958749696,1.5992919446934504,1.6409339092415047,1.626049133219902,1.5509628753049145,1.5156442223676192,1.480300258491312,1.4809924306421407,1.4537039198437065,1.428810098459741,1.4089745712514965,1.2743594936387972,1.2701309427329746,1.2859813129243347,1.2516501664534596,1.213925344341833,1.2460204444026846,1.136602759399645,1.1482216166429402,1.10376201957175,1.0070429594562558,1.0199815073753866,0.9900776336225631,0.9548161428467826,0.8970502202529784,0.9260780206932313,0.9208855590941072,0.8505838229498532,0.8719534880233857,0.7492737797387068,0.7010413241365372,0.6125429163754172,0.6141927781485925,0.5657945503982664,0.524759871010637,0.5006450263232469,0.4702829387281225,0.5072933332079174,0.39158730450452967,0.31286653095685024,0.40117113631520884,0.25823045551891216,0.17334055783731778,0.25820781351194544,0.13566899716288622,0.09705092782376643,0.2018023295784622,0.008357345403562099,0.0,0.07721711469760897,0.0780487548167202,0.19845466198840198,0.10379116357553068,0.22924902005621584,0.17712975311571857,0.19260535247150223,0.4299160845626021,0.24645855412649492,0.30110665521750546,3.1984909625811997,2.80258348111796,2.083306177557502
1.189398025591045,1.0643550998399438,1.082852626446291,0.9233177946266362,0.8537905765653282,0.9130524719435572,1.080743485472766,0.7604053623730977,1.4545178374679038,1.2719036860581703,2.0159054222820654,2.2566636821819053,1.9691100856807922,1.9064365764995586,1.8739771974791535,1.6198353187098333,1.5302396768857525,1.5161475372659317,1.8202440602166936,1.4522827507643796,1.373737586532407,0.950727031550624,0.9629332247000791,1.3638315013051674,0.6171992033883691,0.5588920230795692,0.5702376884097996,2.4970700428562203,0.3369339493331548,0.7166276866913207,0.780161873421842,1.2068870189089844,1.1048401272116821,1.1167237248322124,0.8649495545415192,1.0262270399914792,1.4458345210801526,1.3809421225497016,2.211280052181718,3.4183986701605282,1.8342589427520202,2.642240831194398,3.4843158727293257,2.0891569349044046,2.1462165925787895,2.368386805030458,2.3438144989543863,2.3858935572165967,2.1848874913391003,2.131652051992007,2.1440127516053007,2.0903645982155328,2.1072684744336283,2.0363047791580633,2.0243136825904866,1.99264757583757,1.9872606976248084,1.915516951938839,1.9285666388377942,1.8719969824103855,1.8335694859367688,1.741671977334994,1.8310406495685703,1.693119372944838,1.6571701897176911,1.6891442501111722,1.6733725458213198,1.6074131446526732,1.5723319345063993,1.5369348702652488,1.532777877182912,1.5112639054472408,1.4827981447813545,1.4583758979641503,1.332167666613302,1.3277007256930393,1.3353069649078866,1.3093910499150723,1.2683600594799833,1.292667790512722,1.1944079172987647,1.1929412788428055,1.1609326101375774,1.0640909827220806,1.0646934172990765,1.0345135725193777,0.9997907163150684,0.9558748691349336,0.968865086892457,0.9597353332471693,0.9097323151258111,0.9125224451873192,0.7879524801045168,0.7432861007186096,0.6743425785751092,0.6402525011604466,0.628368123276865,0.5821405012212064,0.5592738399087367,0.5313150415653947,0.532750934101223,0.41531672398653796,0.3740072087552692,0.41104977221573474,0.3056585825294705,0.23866258692054013,0.2677276143168627,0.19293239910283644,0.16419868216785996,0.1898599635330333,0.0855273898574305,0.07721711469760897,0.0,0.00887350094069057,0.13598565263808643,0.08035617233523375,0.16257863637330514,0.10082588879727121,0.1285225469810878,0.36008873772013533,0.19926828718839865,0.23208690197683657,3.254145165826645,2.8627245511940864,2.141616814474517
1.1932625765556248,1.0682629909268049,1.085943900181391,0.9272520342415821,0.8572283085235838,0.9151685504129816,1.0837540507362953,0.762934775914237,1.4518158577685814,1.2743412636753282,2.022624475610661,2.2651358976164238,1.976762930733871,1.914721704693518,1.8809220239522484,1.6248449857692442,1.5376307837333114,1.5234084915494492,1.8289852956552681,1.458481121833729,1.3798935374228614,0.9576109061707914,0.9702049274868215,1.3727034758957677,0.6228760450006517,0.5645006038541311,0.5777781752801968,2.5047864191118023,0.33448341382940483,0.7131283374128002,0.7765238541057806,1.2021978080020024,1.1057163961455958,1.1125790829991262,0.8709543890835962,1.0347104976561747,1.4546798833385701,1.3898115777227371,2.2195954802253373,3.425946033978397,1.843015024638259,2.6509525531118303,3.492532091637484,2.0974197361931637,2.154441879621107,2.3743327405937467,2.3497764042291,2.392612561777886,2.1908868866783004,2.1375350089827294,2.1507675118382594,2.0965098424601476,2.1138238817855757,2.042225553958062,2.0306641504341454,1.9988121172445892,1.9934283609847592,1.9214791946491012,1.9352574904102204,1.8783230962476813,1.839557406359907,1.7476702981075969,1.837907241605234,1.6991435203842769,1.6631965475326447,1.6961872574997165,1.6804916243346661,1.6136102612230008,1.5784987801126689,1.5431058466277037,1.5394767188998515,1.5173211248483665,1.4892652951069707,1.4652976938209545,1.3381808819910266,1.333743084100921,1.342226080523884,1.315410675538786,1.2747612845893599,1.299817592014035,1.2004085592253446,1.20023760657035,1.1670075054227091,1.0701688327704404,1.0719752720078572,1.0418129224674186,1.0070426612719268,0.9617150917067016,0.9762798259221412,0.9674215132752247,0.9155225492943729,0.9200860485318012,0.7956175700484563,0.750694020228135,0.6797111924007482,0.64854963853915,0.633606948313572,0.5880578860647045,0.5650256456567591,0.5367332484707438,0.5410381578993293,0.42361604050885876,0.37928794331398996,0.41977444160617433,0.3123345009859624,0.24308677345193735,0.27637142297797135,0.19825840593398167,0.16802386788908916,0.19873325281322596,0.08621454002986081,0.0780487548167202,0.00887350094069057,0.0,0.14214031929951138,0.07162612890542534,0.16776136733408192,0.09908127101153501,0.12244567891365475,0.364020631608175,0.1914202806471439,0.22740955719910713,3.2604820203262075,2.8684911201474166,2.147608717060716
1.060067530351277,0.9348977861106847,0.9585459092969975,0.7938810759829962,0.7275555677611807,0.7969250071977141,0.9570151689188334,0.6413851752135034,1.392547771470958,1.1521949088185097,1.880871957470791,2.140084456601186,1.8394531909562648,1.7856412543734628,1.7397305465405137,1.4854192083726947,1.3985100232348366,1.3835491600219942,1.7143393564644545,1.316355575127307,1.2377856000755951,0.81633200387451,0.8305733990240911,1.2777562837093683,0.4814730825450448,0.4232875650553925,0.44059166535038924,2.3679419820193948,0.2920441697365621,0.6731995060638106,0.7379230074032647,1.1782424276788892,0.999823180987828,1.079274375481571,0.887307480721984,0.9755256618797544,1.3663103143436701,1.2960882238749962,2.1637559212158433,3.3955070993423373,1.7292254610496824,2.573576893458877,3.439356311884909,1.9678267654961092,2.0241473033438004,2.3850826148764668,2.3602255615580106,2.3856580075153855,2.2008229623723543,2.1500716138365603,2.1433901431601083,2.1034565376969545,2.111346462730702,2.054165313770206,2.033147085356141,2.0055554180315185,2.000115426158669,1.9328247496121655,1.9299482251453737,1.8817467049299563,1.8505717962596226,1.7587327057191147,1.8285086835362694,1.709803902571471,1.673930219091883,1.6826915284089698,1.6650351408647437,1.620775423119099,1.5864673333292736,1.551122011714594,1.5352619305052901,1.527936112361155,1.4907827817959525,1.455842458444381,1.3505849398982581,1.3455420434935763,1.3334481609059248,1.3277992548355015,1.2788942351271162,1.2852302610191475,1.2138937111964527,1.1822483439458245,1.1791171654242816,1.082947848202216,1.0553621147743069,1.024974105726012,0.9918481879351917,0.9805200400908828,0.956781190596932,0.9397959784085431,0.9358454717780661,0.89678103918349,0.7708335915891071,0.7344115123301057,0.7117631969922534,0.6033983198859488,0.6690121908581077,0.6113073515507271,0.5922431987330269,0.5712086536914395,0.49928240193997225,0.3864174735184385,0.4225494620402598,0.35815269385242465,0.3327325794821131,0.3097925241313624,0.23351509923356498,0.25738255473901817,0.2511873338807607,0.14095241604032993,0.20620569161060076,0.19845466198840198,0.13598565263808643,0.14214031929951138,0.0,0.20553640503887508,0.03389649024913505,0.11612723615832823,0.18259922338030615,0.23336249425438188,0.2693728331959499,0.2374261295180784,3.2614833504153817,2.882346801857659,2.157794275265218
1.2376369787109238,1.1131050375645022,1.1250697645924845,0.9725159358543078,0.8992452645446024,0.9476653137328609,1.1223119061338953,0.7988732739193217,1.4453015915574936,1.3084923356225298,2.085103808906043,2.3363387649887235,2.044456972471015,1.9852985553658002,1.9447486198611494,1.6766291512029718,1.60400569216772,1.589081175608114,1.9005997859988675,1.5179621409350117,1.4391487154635578,1.0213943081960484,1.036104257178666,1.4428429170049175,0.6800512076348305,0.6214313316480021,0.645298619530893,2.572771309143659,0.3366896386916372,0.7017862362261454,0.7636423846440176,1.1786811540282736,1.128538981428078,1.0941383822023583,0.9108047798820197,1.0985155505059445,1.5238262701951997,1.4597810635693784,2.2810863211792367,3.4789882190771966,1.9146134208949466,2.717553335389583,3.5527514206264654,2.167907117440598,2.2247806920449094,2.4122347458021256,2.3878333012245245,2.437704441678483,2.2293484434286324,2.174957073589485,2.196277348597145,2.136349464376562,2.1574657979077694,2.0800360999838325,2.072428592425719,2.0388740077902616,2.0335215484410725,1.959729120926523,1.9802487149621617,1.9199354022086408,1.8780873149894148,1.7863514170815236,1.8846089368437873,1.7380918793232518,1.7021899411644559,1.74464686684554,1.729692591466054,1.6541980232792788,1.6188356168139686,1.5835079359229325,1.5847645282251925,1.5567077130183071,1.5324327885095184,1.5127406987570484,1.3773396967376228,1.3731702046660441,1.3897399239267791,1.3546524823757868,1.317520924457663,1.34956401047357,1.239620096357985,1.251482851372518,1.206933454155352,1.1102681357394315,1.1232128206220098,1.093254011360819,1.0580733247411216,0.9998969827178134,1.028914747715885,1.0227267172385521,0.9533655670680607,0.9742422607800358,0.8509540318172447,0.8036385809260888,0.7146519999145351,0.710571989398444,0.6676609515268327,0.6281712296987633,0.6038451640218728,0.5728956741664647,0.6031483128034812,0.4861612356814942,0.4158321799241329,0.4871907324497496,0.36121215501673637,0.27579839682534624,0.3431303993237103,0.23942295137774958,0.19996713605431982,0.26933304279832093,0.10862515968677174,0.10379116357553068,0.08035617233523375,0.07162612890542534,0.20553640503887508,0.0,0.22607200630079907,0.12436901816087366,0.10556194294264702,0.4118839475383037,0.1434302061669663,0.21386920260332573,3.3017751207665147,2.904607509426226,2.186020064015082
1.0290599956308117,0.903912823331579,0.9261905543310801,0.7628557178765175,0.6955563253481845,0.7634399136832184,0.9245481695940596,0.6081241041231945,1.3613624827007094,1.1191486190312143,1.8590735507033718,2.1312576455345633,1.823121624394648,1.774828761971232,1.7191068375284115,1.457258205354295,1.3806464023722984,1.3648746873038005,1.7104276909156675,1.2923219247227578,1.2135888452315364,0.7959251483526361,0.8125350242909581,1.2815133867680009,0.45545288213332236,0.3969802150777553,0.42606616316665635,2.351872255773245,0.26713476946266557,0.6454544945128273,0.7101787707217231,1.1519073042614216,0.9659293072370603,1.051653210276611,0.9157270473386965,0.9899706310777757,1.3720495243948598,1.3002211091853801,2.17764416052321,3.414574583366015,1.7256566065192254,2.5817159552030238,3.4534516931166452,1.956650837470734,2.012548976773371,2.4116049622666123,2.386710976085974,2.4093658509041425,2.2272850478923227,2.176932879861703,2.1671207582917185,2.1295070104838985,2.135908158244168,2.0809764070237664,2.058538239157145,2.0316160187205816,2.026169897735092,1.9596008386091852,1.9541287097668734,1.9073569159945716,1.877338405671889,1.7855536397229694,1.8520552238343677,1.736593850781544,1.7007518001637036,1.7056226278137852,1.6876315716936319,1.647106332602718,1.612940417733634,1.577626732821989,1.5598800803228048,1.5548358677147494,1.516349802716652,1.4796584637014487,1.3778796612763904,1.372756279014055,1.3575023657972527,1.355112317824402,1.3050586983321975,1.3083453721434743,1.2414714638256483,1.2049004052151588,1.2065438564010664,1.1105858683388157,1.0784657395790527,1.0480949135484419,1.0153206633869931,1.0090959844846543,0.979572599669837,0.9611302742164312,0.9646808146665653,0.9190285443095081,0.7931862149530483,0.7583909431497793,0.7423454867550532,0.6224925720537928,0.7000213014784632,0.6412339974810338,0.6226543922077078,0.6023935638294339,0.5198235513964659,0.40903305912791615,0.454971852576088,0.3759465848582359,0.36392526296281863,0.34359876878591933,0.2581260289853579,0.2911785069564048,0.28493873478678944,0.16700907960692224,0.23718483262023612,0.22924902005621584,0.16257863637330514,0.16776136733408192,0.03389649024913505,0.22607200630079907,0.0,0.12160878208005374,0.18732330800933258,0.2009743146793951,0.27263299364712085,0.22601248391177653,3.286292072248695,2.9092018327268785,2.18430883091078
1.1133850117031112,0.9889246920507091,1.0008430970060271,0.8484300785967381,0.7748829034897651,0.8247976929085928,0.998149315035276,0.6750365586457058,1.353965434552887,1.185259160165722,1.9721120151076537,2.252743482036919,1.9426217236506582,1.8964269947184076,1.8340389616517745,1.5542655519744941,1.4989769766600596,1.4823985106735806,1.8298572325071176,1.4014734779704836,1.3224808621979562,0.9119219320974824,0.9310670821008245,1.3931495369993612,0.5627483411645807,0.504170732539421,0.5471516122173371,2.471494791015263,0.23629677596084048,0.6174873380954812,0.6813384929359939,1.11158576733901,1.010205392565065,1.0192900461642145,0.9547325664159135,1.0815370922591845,1.480754778807268,1.4113317049176244,2.2696142847732426,3.4911365671753245,1.8448552465511863,2.6860894775765396,3.544576320772041,2.0782214530654706,2.1340691359494417,2.457730066572078,2.4330513971312278,2.468843431322625,2.2738974566474774,2.2214829949912605,2.2266955599064087,2.178332141309291,2.1918439304176913,2.125903816846816,2.1106845185696748,2.0804999937607653,2.0750911882721135,2.0048661829510737,2.0119592347081614,1.958624867074196,1.9227671915509823,1.8308312414405172,1.9127400565103718,1.782116040749659,1.7461667454355352,1.7690395058651,1.7524147245628228,1.6951768642634628,1.6603429871578548,1.6249338775395488,1.6163202359465008,1.6001114965699461,1.568457350851435,1.539758512707702,1.4214328057266206,1.4167645011227652,1.416833042549788,1.3986268609386796,1.354736964180042,1.3717094898728943,1.283860999573006,1.2703577115612787,1.2498954900698611,1.153125968574736,1.1424998734794067,1.112161935652814,1.0780847243961449,1.04661202679497,1.0451884975557282,1.0322493792265957,1.0008339202484493,0.9869655214485237,0.8613254494687875,0.8203597876540577,0.7680987993380822,0.7025935781052752,0.722818818570578,0.6730603382147028,0.6512381893271677,0.6251126674587674,0.5962475568021789,0.48000596610694635,0.4689334262856957,0.4619810597682347,0.3929810906804968,0.33701114101565816,0.32624826464320067,0.2888890777590098,0.26401115146001103,0.23584332149577394,0.18528114631746445,0.17712975311571857,0.10082588879727121,0.09908127101153501,0.11612723615832823,0.12436901816087366,0.12160878208005374,0.0,0.0666040177103478,0.28947334941057856,0.153266361888591,0.14056673631772718,3.340353563708239,2.953191814454006,2.2306912832866157
1.1524593790972733,1.028824297464846,1.0347908723753532,0.8892707035948287,0.8126713026214909,0.8523701502298751,1.0315153075848809,0.7069266135936711,1.341038516430331,1.2136458798709144,2.0285196737891047,2.318524270169003,2.0045298163220333,1.96153287653118,1.8919570640345857,1.60012361826437,1.559855263892396,1.5425715099449422,1.896448141240565,1.4554208301306826,1.376328219248307,0.9712621219977251,0.9924121842369469,1.4586484800746211,0.6174562912847078,0.5591917225061863,0.6113508792742547,2.5334697138397027,0.23134117121628273,0.5985412086254043,0.6610173139452478,1.0818239169782535,1.0271792578669783,0.9942610895985388,0.9933811743934741,1.141116444789608,1.5454904446354476,1.476701700686728,2.3285294017492513,3.543471269736899,1.9114556219937573,2.7493152135263275,3.602886814138958,2.1431584598730864,2.198813372177791,2.4967752193760577,2.4722164344748254,2.514045640894779,2.313318336636164,2.2599804700212087,2.2721074560404992,2.218870931988703,2.2356397731273527,2.164670384737931,2.1528203511326196,2.1211592566810413,2.1157731525854855,2.043918866803921,2.056769807342777,2.000510640923628,1.9619915108711121,1.8701015486215098,1.9589204730526493,1.8215666218190605,1.7856188113083582,1.8165724578277678,1.8005598021147022,1.735931215353846,1.7008436837325647,1.665447579787176,1.660977549228502,1.6397308529082568,1.6112494639079387,1.5861448324348761,1.460606886100085,1.456158576025968,1.4630901591821526,1.437834503705546,1.3968502600569197,1.4197869518195887,1.322838013834112,1.3195161812224407,1.2894080004309638,1.1925674668485093,1.191355633516703,1.1611110833371339,1.1265874500621085,1.0841585246137244,1.0949652840588808,1.0842823804947201,1.037958108045543,1.0378606193379365,0.9127498336583099,0.8695174826756914,0.8018782650756531,0.7591438437381255,0.7556271552457194,0.7105008377718041,0.6874566552278233,0.6589689980517114,0.6521071959326659,0.5350165819899793,0.5014266776968308,0.5218703761208197,0.4340057710239276,0.3640575066338882,0.3827939016641252,0.3205367518025674,0.28810416292180535,0.2951701478940029,0.19964779228339566,0.19260535247150223,0.1285225469810878,0.12244567891365475,0.18259922338030615,0.10556194294264702,0.18732330800933258,0.0666040177103478,0.0,0.33920564097238365,0.08683335933997355,0.10961399357699625,3.38265454959155,2.990913998859102,2.270042131323683
0.8293094479824531,0.7042713039502881,0.7252461850782396,0.5632435531513555,0.49464267827825614,0.5661147463280624,0.7236654709713304,0.40945388399375626,1.2191287375328885,0.9192920913406517,1.6916822963589986,2.028246707459879,1.6820796780536502,1.662811327707313,1.5575166188263183,1.2649077878342305,1.234141966080184,1.2143795978005343,1.6370241564446253,1.1166959772597467,1.0375765116148123,0.6427964475710094,0.6720226475615406,1.2572803094299994,0.28091179291427887,0.22388532834560357,0.328086268239862,2.210512873093117,0.25314601071425463,0.5533073791105558,0.6151917911660512,1.0594564258242762,0.7770143424892043,0.9491116303234339,1.0539079811340901,1.0358373440178679,1.3584447189621647,1.2779606793494187,2.207945947616155,3.475135693549714,1.6540899618424705,2.5745647313310553,3.481238868005561,1.841779004614516,1.8951950181099415,2.527275554811728,2.502165726952312,2.5044167765375596,2.343001275205747,2.2958100634542467,2.263127489145103,2.2424538166733843,2.237963172282917,2.1997723690586155,2.1668809124279824,2.14497374680273,2.1395018781038613,2.0785512826474926,2.054172044283467,2.0178867997522496,1.9965304640775514,1.9055318452648566,1.9480967581680844,1.8565589345302063,1.8211191559874138,1.7981764752105558,1.7779898371956357,1.764118462797875,1.7311762692025365,1.696288099724746,1.6651002795104655,1.6765328263506605,1.6285873053265445,1.5798319124586697,1.5035790659603308,1.4978969093588355,1.460298745375574,1.4811026587827993,1.4230929619768542,1.4051699896773164,1.370254797897134,1.2996996672857424,1.3345068916361775,1.2409559312307743,1.1778701089394221,1.14804341633801,1.1180857011022511,1.1473508148225886,1.0784188385982654,1.050849035943623,1.105326923549747,1.0154243503349596,0.8930039021699848,0.8694128091904243,0.8988242583307654,0.7080065637628518,0.8603691213817124,0.7944851486285058,0.7797406463630459,0.7655802506787543,0.6188734348410988,0.5267667809983267,0.6304438861829287,0.47091145155934666,0.532975284151581,0.5348342622989315,0.3999510578892327,0.48287220344027043,0.4826213741383096,0.3276430038432738,0.437932755232039,0.4299160845626021,0.36008873772013533,0.364020631608175,0.23336249425438188,0.4118839475383037,0.2009743146793951,0.28947334941057856,0.33920564097238365,0.0,0.40681689301046414,0.30982262984425424,3.3874503584635733,3.0263799593490526,2.300547365886858
1.2005055958118307,1.0783888868937985,1.0767156964063156,0.9406774152593382,0.8606976634790725,0.8872695227890277,1.0727113395334908,0.7484841292505144,1.3208473000440384,1.2476749260374556,2.0984502266618095,2.4027461548970894,2.0824380182705893,2.0445459670872888,1.9640967612948415,1.6560602675779104,1.6364209798641798,1.618130110076932,1.9827352940139744,1.5224102363473757,1.4432823976361537,1.0462393004780612,1.0701084317964247,1.5451999639205465,0.6875998948094726,0.6300667888778151,0.6935619433364186,2.611356594057156,0.2449402317786655,0.5762235154585256,0.6358403555044645,1.040537595395715,1.0473831855357272,0.9597093191495346,1.0539998539374473,1.2229100175331855,1.6315529720602813,1.5631794111687292,2.4092815813109234,3.6170733842705443,1.9978267456216423,2.83410492761309,3.682867380275561,2.225856171034454,2.2811739725725566,2.5556596834198166,2.531254587704976,2.579973825900934,2.37275427642788,2.318386892733594,2.338395185701853,2.2796589718191482,2.300127176254382,2.223460427074232,2.215479680980418,2.182157754944323,2.1768017880776873,2.10313900993983,2.122517364747159,2.063002895060609,2.0214831943821054,1.929736705836845,2.0262650595186456,1.8814589309826801,1.8455524801895515,1.8855153099342021,1.8701844892170796,1.7973988911002174,1.7620654259639288,1.7267270674872481,1.7268947327348494,1.7000321682729431,1.6751515388982212,1.6540431670507894,1.5206715207452621,1.5164780926980754,1.5309903152076727,1.4979755116433449,1.4603011100799677,1.4897053413110704,1.3829356116130411,1.3907118405699868,1.3501720421885943,1.2534718001713492,1.2624191209267543,1.2323223094192208,1.1973929062579307,1.1432653947544982,1.1671512446035397,1.1587929131854653,1.0967488837378576,1.1112960744469023,0.9869731889499348,0.9415831089683571,0.8580788109429359,0.8385989238537825,0.8110717107176114,0.7712182944380123,0.7470523875709225,0.7162964121800827,0.7311968284252405,0.6137772211284491,0.5591299686726329,0.6047013689000439,0.5010516978101206,0.41917937394278976,0.4636195407610927,0.38141133201997196,0.34319892638586486,0.3785313262039015,0.25177649147408854,0.24645855412649492,0.19926828718839865,0.1914202806471439,0.2693728331959499,0.1434302061669663,0.27263299364712085,0.153266361888591,0.08683335933997355,0.40681689301046414,0.0,0.1161841847422733,3.444942062292485,3.0480038407391965,2.329427319920221
1.085825544844262,0.9642435274895254,0.9609063376116113,0.8273356028592134,0.746336775466264,0.7710868598169207,0.9568164108658918,0.6328208807911241,1.2316217439837682,1.1315435793809447,1.9963984722592052,2.329128881079674,1.9918582908049534,1.9667398275607724,1.8647332443540545,1.5439596599431262,1.5439565155033863,1.5240194194524492,1.9221869343616873,1.4179367398088292,1.3388799938823495,0.9525930765211025,0.9811268057612798,1.5053837394203293,0.5892698831878079,0.5332209030135323,0.6182764751574965,2.5203302315247527,0.13054764191340293,0.48893048269510936,0.5514788181307357,0.9748195503078446,0.9335060155057897,0.8856213473705589,1.0944574024189933,1.2129355463732052,1.5972533532398487,1.5243898460921919,2.4011807472567996,3.629274985121974,1.9381449938810216,2.8076646642210914,3.6767640856692987,2.1468125644960656,2.2010210058889528,2.597725275964798,2.573072852017882,2.6093584778399097,2.4139682024406737,2.361333854749767,2.3671981402813116,2.318612068135094,2.3324103948041475,2.265816402371482,2.251168590851666,2.22079562080756,2.215390243277276,2.1448397310776057,2.15250565026948,2.0990800352671144,2.062774873529143,1.970842849615115,2.0531715136776985,1.9221641019369788,1.8862123482690456,1.9092555022077364,1.8924929059100792,1.8354677243331317,1.8005887384956452,1.7651793195592622,1.7568784537637578,1.7401809058760453,1.7089783388724646,1.6801840673195043,1.5613826297821007,1.5567647105217792,1.5572829188389665,1.5385816813004005,1.4951881691262476,1.5118519998129525,1.423743641090876,1.4102341569671397,1.3898994352021579,1.2930971899268306,1.2824939651279008,1.2521387120938827,1.218185561475406,1.1860445208215793,1.1849374350927075,1.171061968191155,1.1401180083718658,1.1263275426230033,1.0005397276058858,0.9603854216399932,0.905969145365389,0.8385398815038946,0.860204951422381,0.8122919579061323,0.7900248133860004,0.7629018210826038,0.733071484344794,0.6178116734254091,0.6058665356265687,0.5948460450338924,0.5329243942003772,0.47049628865171994,0.4636512402081682,0.42486587020515476,0.3952030891884867,0.3716232628760706,0.30840561703326796,0.30110665521750546,0.23208690197683657,0.22740955719910713,0.2374261295180784,0.21386920260332573,0.22601248391177653,0.14056673631772718,0.10961399357699625,0.30982262984425424,0.1161841847422733,0.0,3.4808684344392122,3.0928662134359524,2.3707447919018105
3.808675791245504,3.7320292272533657,3.8293382079381417,3.6523653852317044,3.6601461260796833,3.805235242251155,3.8361048635308235,3.675513502664741,4.592658443812087,4.023218547012044,3.686312137519143,2.957114806663675,3.337741825523239,3.0134683655755694,3.5536240205193956,3.884254968820985,3.2999612659445208,3.3343868283721614,2.6473498087632787,3.5704164043704516,3.547396258454611,3.289745510120303,3.2226392294052615,2.449899079237159,3.364853486264565,3.355411397954799,3.1701903604208503,3.518267574153403,3.553216842844989,3.9279110589577777,3.9922275171737476,4.436865063514071,4.042232398821757,4.332345198910754,2.3909703935225215,2.3897073170053598,2.336965773783956,2.4282372916002486,1.5274832914428842,0.7566846293222095,2.628586966480715,1.7978080877728284,1.3204290081928265,3.066548037886297,3.1048232684737274,0.9020612856761219,0.9248381344018205,0.8860186702775312,1.0787173638158722,1.138040181592813,1.1251742459573657,1.1665778079213154,1.1506132684233021,1.229470938225752,1.2298384981069386,1.2635120610435853,1.2688162487457693,1.3468025502810999,1.3335788044201262,1.3821612419217972,1.4270300694541351,1.517927588201888,1.4395454892612114,1.5654481508399223,1.6011562295112738,1.5904162645080393,1.6118573978169564,1.647591443058114,1.6830116453345942,1.718308928428614,1.7264386441089077,1.745764985372784,1.771897999752973,1.8085127655949875,1.925059159174693,1.9290069118452136,1.9296202860972276,1.9476408830493364,1.9858684078833009,1.9824901924267764,2.0625383996121327,2.087809196782291,2.094891226399261,2.1915109190310784,2.211020968062635,2.241161519417294,2.2726345763597084,2.3025455063144826,2.3105682777615155,2.336607896255491,2.3492057737916685,2.3729695670354554,2.49718256700348,2.528158319607681,2.589320172938697,2.6796088663177127,2.636792741187862,2.6737457046787134,2.6979299636656098,2.729412780113378,2.7731568173740864,2.8781820441990296,2.8859775617529015,2.921806000640508,2.948869799878277,3.0261085136100787,3.028330342557683,3.0641307955706787,3.1018132495835333,3.1205463129132864,3.1932114881795366,3.1984909625811997,3.254145165826645,3.2604820203262075,3.2614833504153817,3.3017751207665147,3.286292072248695,3.340353563708239,3.38265454959155,3.3874503584635733,3.444942062292485,3.4808684344392122,0.0,0.47501088645629436,1.1218389350076519
3.5170894549864804,3.430710450303327,3.5225393571382346,3.3395470406612433,3.3383625971986786,3.4788389331316183,3.5284558516801603,3.3411533222747245,4.242736127422709,3.7232102118926167,3.5127843839610065,2.8655893774097203,3.18069131840347,2.863203033060631,3.3696283425942384,3.642151898345455,3.0827541756821315,3.113691876561476,2.492707613633481,3.328654753645395,3.2968540382429246,2.997968397249319,2.9340668318857923,2.208632774302007,3.0322480192867647,3.0167648737783828,2.835923986012219,3.4271439671997155,3.174119921639292,3.5544801088934697,3.6191704241814726,4.060528456910219,3.7172335895256463,3.960610878051142,1.9984617632670125,2.0707690122207594,2.104251748881121,2.1888940246825523,1.4209141553337399,1.1146392026652205,2.4765874798278324,1.8295453330970677,1.6158989379782809,2.942431694708779,2.987649087439931,0.4992007475058231,0.5243601221075161,0.6196644521325108,0.6833808980618111,0.732278707174721,0.8177702120725233,0.7849484838508343,0.8140849870006215,0.8282271408844615,0.8658255945443647,0.8818707237588742,0.887342604654438,0.9496135931697957,0.9954005185173881,1.0104148807482924,1.0318770325741582,1.1236490709826403,1.1083135154947883,1.1726090397782827,1.2084518373772588,1.2601081158259648,1.2854727242987993,1.2630136441959299,1.2966808880751393,1.3318935131921192,1.3652633063704234,1.3544122344163156,1.397837899062535,1.455051249537696,1.5321616139478311,1.5370407521869007,1.5699732841097138,1.5549703303634583,1.6050682713595414,1.6302614532041777,1.669479198089486,1.7356700757066923,1.7037729991736512,1.800367475890283,1.8515822228429695,1.8807845042572031,1.9093069954894997,1.9069035006447246,1.950254851480646,1.9834569199044203,1.9529929052509052,2.0137361540881216,2.13391708506352,2.1577289624063076,2.1900582625314184,2.321126570936576,2.2369538944999667,2.2807036651303974,2.3034679107087674,2.332431970420427,2.4075790127476266,2.505966191354025,2.4900358619367684,2.555972522815183,2.5602178817613517,2.6292626432340716,2.6515720231637356,2.6704657978189084,2.7055326391712566,2.7422547840984435,2.7967572196233585,2.80258348111796,2.8627245511940864,2.8684911201474166,2.882346801857659,2.904607509426226,2.9092018327268785,2.953191814454006,2.990913998859102,3.0263799593490526,3.0480038407391965,3.0928662134359524,0.47501088645629436,0.0,0.7258791021017514
2.8122187170722466,2.721188485633736,2.8101274827863048,2.6250883507095994,2.6203834275791165,2.758988733140648,2.815646682449427,2.619213662668625,3.5173280821076474,3.013299901955994,2.9018858543592025,2.363362910445425,2.5928566638441244,2.2906861010771653,2.75054822302152,2.968977790973492,2.4366119006756373,2.4639386701452706,1.9275872819158602,2.658526727592428,2.6202275526296663,2.295781383811176,2.23425683951442,1.5585078049778942,2.311383439027084,2.2942467635944817,2.1150196239864507,2.9088993604174944,2.449740278142641,2.8293479631257825,2.8940117490163564,3.336025033828971,2.997405020146368,3.235389945287424,1.2766673110351439,1.360851139603678,1.466422480810128,1.5412992792137912,1.023746637668239,1.478703169918182,1.9152658962099194,1.5769023679912895,1.8013473755527165,2.397899203656417,2.450000145517367,0.22729622781996173,0.20244310328024287,0.3615948737364986,0.04334554204154931,0.03674162401349154,0.26571379838401743,0.0716802955802062,0.19424646856323805,0.10774788363644534,0.16576759823186804,0.15880440633618093,0.16418199795671354,0.22630098492228976,0.31297789080494187,0.2891711699241274,0.3080521039406575,0.39994670219640793,0.42085854169169,0.44858084599513437,0.48453245161182895,0.5620240295458571,0.5898233134191186,0.5373661898941352,0.5713685631024532,0.6066877514462464,0.6428016717498434,0.630580174628597,0.6721465752738423,0.7347424153804808,0.8094588125735773,0.8139973096223306,0.8464206204634801,0.8322439382658786,0.879522385695132,0.9087229981249709,0.9472089200043635,1.013430140958815,0.980851836756399,1.0776707141644621,1.1269537430315273,1.1559119247923264,1.1839429567044666,1.1862769443483967,1.2252459508542384,1.2598079847483328,1.2327223600050052,1.2887778069266802,1.4083065935104964,1.431860304978531,1.47172705100967,1.5958366067375533,1.5190033286837301,1.559571910858387,1.5829664513478556,1.6131312376386775,1.6817209323210025,1.780286351284663,1.7704404856545175,1.8300955261995007,1.8378218329777622,1.9102518766548888,1.9264686476853048,1.9500671612893576,1.9863331252300274,2.017455195114292,2.077729477243646,2.083306177557502,2.141616814474517,2.147608717060716,2.157794275265218,2.186020064015082,2.18430883091078,2.2306912832866157,2.270042131323683,2.300547365886858,2.329427319920221,2.3707447919018105,1.1218389350076519,0.7258791021017514,0.0
