0,1,2,3,4,5,6,7,8,9,10,11,12,13,14,15,16,17,18,19,20,21,22,23,24,25,26,27,28,29,30,31,32,33,34,35,36,37,38,39,40,41,42,43,44,45,46,47,48,49,50,51,52,53,54,55,56,57,58,59,60,61,62,63,64,65,66,67,68,69,70,71,72,73,74,75,76,77,78,79,80,81,82,83,84,85,86,87,88,89,90,91,92,93,94,95,96,97,98,99,100,101,102,103,104,105,106,107,108,109,110,111,112,113,114,115,116,117,118,119,120,121,122,123,124,125,126,127,128,129,130,131,132,133,134,135,136,137,138,139,140,141,142,143,144,145,146,147,148,149,150,151,152,153,154,155,156,157,158,159,160,161,162,163,164,165,166,167,168,169,170,171,172,173,174,175,176,177,178,179,180,181,182
0.0,0.24685287543590725,0.693969207998325,0.8668348494152562,0.3388760408057504,0.08656524043048246,0.35093663172971906,0.1982076251415176,0.3586607509764446,0.31210476880178334,0.27012697896846705,0.380700517471232,0.29854328526984397,0.45721173124545317,0.38448128711925594,0.41013126757117424,0.48017082882183104,0.44854068484215026,0.49669727217960497,0.5642774227129356,0.5836038610120733,0.6580575262939298,0.9492447253570541,1.0203109763093496,1.0231584537262335,1.1394724231090938,1.259521883583913,1.2888664233176816,1.3507668652676827,1.4383580299266392,1.6503593697669112,1.9165482106209655,1.9353436599853524,2.023799348504812,2.0316400496275424,2.0482342641861244,2.087679352453079,2.117272470887704,2.1128999199687466,2.1340055688370625,2.297619133769645,2.2398643315121736,2.329556530702715,2.4254398408421562,2.628405585285945,2.7400683130068018,2.7333866015183625,2.888255770394392,2.8390176409083976,2.8819400616668416,2.9722480052343796,3.0662971482437746,3.1553764828396402,3.2714580609092954,3.391347311706652,3.3977634123559346,3.433762662281814,3.6673237417490143,3.4417845453586082,3.4187500693275568,3.439062263399307,3.4673593839832373,3.7704919452041414,3.774370365591745,3.8034827117691856,3.8487094292041126,3.9029905179581994,4.027616048084012,4.654037999594663,4.797589852538133,1.572439294744657,1.5364480860109253,1.5836849103787576,1.3553585178057044,1.2557606334557634,1.5631251488920423,1.514001891121743,1.5857855936237881,1.538278985803364,1.2982969560169801,1.6538874259704406,1.6824958406923676,1.4128799263231653,1.4052177205820895,1.7076716669683982,1.8974921952389263,2.085707619291303,2.377415647576055,2.593499891612958,2.8720532697673975,3.1865689788385496,3.6739412637193456,4.076604586765116,4.425646561440135,4.793925157498219,5.040948094252891,1.4361149404930542,1.873765122044822,1.643841119567673,1.6077506779886364,1.5336327087359733,1.8098937002751097,1.6028695945296132,1.7433413630142096,2.0273871746414827,1.6401852856787242,1.984932173451311,1.7123044479101697,1.918212689217748,1.9359093635182585,2.14221302881769,1.297244096713052,1.327903753115579,1.6812803977130837,1.6266775854204012,2.1417979899262924,1.8424807956955673,1.7633503703588942,1.787297150737631,1.873098611233985,2.0538713883992874,1.9597015449627582,2.640113902232024,2.4939883058879713,2.328475060383931,2.239360805868701,2.214712804353874,2.1625141225493105,2.3019821553891355,2.511868001180946,2.5286710503034224,2.560062119280024,2.588424312500855,2.632554319424504,2.734816093030536,2.808912835414882,2.8967261778210447,2.8647643427698295,2.9252382763506066,2.8916599225689863,3.3508322132000212,3.3344666333001958,3.473476876051497,3.6730642943518585,3.8645308818052606,4.030716999048334,4.125547108199355,3.4329673399931084,3.646853249835848,3.7896514994109864,3.8830304357893914,3.8886192971111586,3.986792663823934,4.145457473488724,4.487883612505725,4.619526147956009,4.633695226047981,4.744617396311319,4.8002120457076005,4.83936923894643,4.937144119301854,4.886523233887496,4.9862310866617685,5.013855569896038,5.066121518379285,5.095635558656426,5.2148747608849755,5.257455707693594,5.300324538092326,5.45146432925109,5.614379724776082,5.756623970195769,5.972940771342101,5.371634821067485,5.430772982892575,5.4981343623702585,5.526287718009992,5.533611383642504,5.5717509964610334,5.599006130106568,5.641638912790352,5.668907552760804,5.700011875610809
0.24685287543590725,0.0,0.4674886738143765,0.6727710727171977,0.5857000276156582,0.2458283579847375,0.5936321903492976,0.21458904690629188,0.5875860504222846,0.5333019467088582,0.2827102840863664,0.5909646305094536,0.42661443089252404,0.6507109014663703,0.630295093219289,0.40639850379329584,0.6656364777563492,0.48562846446889285,0.5395016963493688,0.7007909284483078,0.5827035109971856,0.7810194158696048,0.9846293528203404,0.967146950918511,0.9257295562905441,1.1078174743865061,1.2475943281884716,1.2544007797735246,1.2789054375322773,1.4146173581443702,1.5869132993762214,1.8044571883305172,1.820026217791696,1.9099065392331098,1.9118390969130497,1.924227333949046,1.9601076583751758,1.9879825247804244,1.9793139706274387,1.991968547379125,2.1620323103405266,2.0898114469882914,2.1828650418485407,2.261620114493094,2.4671020727497854,2.572404329212415,2.5525299328445343,2.724054812565623,2.6604924676142963,2.7035090585524557,2.7886116342007536,2.885516092862167,2.9715217303715566,3.087566492783816,3.21109507845784,3.2124171521552554,3.2467214979525822,3.464469795488839,3.2524316739127794,3.2238080914906178,3.2439458573559903,3.271270768790613,3.580402070124965,3.582360410351075,3.6046346715457753,3.6442640760324903,3.7002822154260198,3.826381921218052,4.435790170105007,4.5836983972684955,1.3258649154088042,1.2905953291121073,1.3394419461067102,1.1192298588491403,1.024721077537927,1.3259229823390868,1.2820537537076586,1.3588656165455246,1.3173974373999748,1.099359343289886,1.432084541238866,1.4652682203654972,1.2171361575427104,1.213483775769647,1.497001202180228,1.671067708062946,1.8555020799577848,2.142382032492141,2.355546428577615,2.631081418684023,2.943062522784617,3.4282917134415527,3.830126163528611,4.17884540783366,4.547175694232013,4.794369341544758,1.267925229927498,1.6741635140876299,1.4770871237513872,1.4497831377093444,1.3861366675729903,1.6402425507762022,1.4567131793859618,1.5910039481090432,1.851536242888866,1.506245364033175,1.8304186296573217,1.5951893898043155,1.7873937613842525,1.8081076082349719,1.9964826173868337,1.0530008365968533,1.0815806354269435,1.4457606073553908,1.3803876278240794,1.9641205694239823,1.6316385450559077,1.5184911238837822,1.541393853036223,1.627256992956937,1.8135989815251303,1.71412009717808,2.472057201180472,2.304912818781148,2.1198364147259223,2.023014661227154,1.9957872810276733,1.9159897297615573,2.0567238641936525,2.266742350303752,2.282011026029317,2.3137315714045803,2.3437143979182653,2.3904182151557642,2.4988129043918996,2.576664148507903,2.673535299575266,2.6550599925024794,2.744725698793324,2.646940871063738,3.1046407809212018,3.0888554832936905,3.230276300020687,3.435405466473593,3.6322155266000515,3.809653817510094,3.919941986109575,3.188189340839881,3.402623186008227,3.5440279435027917,3.6361777892039657,3.644519358596488,3.742701008183308,3.900453157702236,4.242385538214441,4.372796787162111,4.388626320642951,4.500088219237771,4.555748931145322,4.594954698636203,4.69079528925902,4.643211356166579,4.742028373949905,4.7701471970062705,4.822375397257149,4.852096780126187,4.969580421005005,5.010803673007007,5.053492412195065,5.206707034349293,5.3732794159076285,5.519029141411248,5.741102622553892,5.128427748786751,5.187097054969271,5.2537789427798725,5.282862971436007,5.2892492975689835,5.328386122003248,5.355799562909759,5.39782702335438,5.4248581096977,5.4559680573548155
0.693969207998325,0.4674886738143765,0.0,0.25438667858771563,1.0218501640490905,0.6553113066097567,1.0072530889657205,0.549856982233093,0.9731127766127377,0.9127472272489695,0.5473064224902441,0.9468450704409525,0.7239029056190308,0.9732227173750226,1.0536529127260919,0.5513899542015155,0.9738620520208419,0.6417328491524427,0.6785918023911612,0.9293830894248241,0.6325277468784224,0.9723879994587322,0.9869521509108076,0.803135593056479,0.6787652576429359,0.9637553839759966,1.1242602454267985,1.0871779054559403,1.0375052683385593,1.252911570891872,1.3390711235729023,1.46193093680139,1.471734082187056,1.5614379649499739,1.5538522387308298,1.5593081160522526,1.5888558099161831,1.6135226899170751,1.598534830241171,1.5985204344449355,1.775175308299708,1.6836535491065598,1.7800933685399847,1.8359711884415342,2.0429014269427763,2.140213885784549,2.1067463530892017,2.2949374651301793,2.216552630067614,2.2595046708392106,2.3395069959124317,2.438718988914397,2.5217620458988668,2.6375160878627524,2.7639645655578513,2.7608981132345627,2.793769132956919,3.0010205962315757,2.79767250969456,2.7651076880171535,2.7851075031870574,2.8117732930536987,3.124664891580273,3.1252567993961895,3.1431968115878846,3.1799966720290738,3.2367806977337397,3.363539636905854,3.968307763109754,4.1164772633894575,0.9281192848635943,0.8805877541476717,0.9134237788782592,0.6642305097343714,0.5618387842405571,0.8725219426033055,0.8201115838004532,0.8928772211534618,0.84990904010707,0.6468613497746751,0.9646549591718282,0.9980815935386691,0.7662549837788609,0.7673392235374712,1.032016794940183,1.2049807296001187,1.3918723591485007,1.6841133930343672,1.9021886133493013,2.184888417693623,2.5057999705355227,3.0035749327686583,3.4145758956594663,3.7710573350282837,4.151505234415412,4.403212009092305,0.8532807872284933,1.2156959914547678,1.0585300481438473,1.0449153584640378,1.0000858546274813,1.2145025134314078,1.0701634198606091,1.1907513528707907,1.4153879243732856,1.1378485359836157,1.4220082855445273,1.2515719336738493,1.4151541609499338,1.4400799896506473,1.597680278119645,0.74361501504208,0.7352394052920765,0.9887834639051577,1.021038438650756,1.5248815308565105,1.1663048062382217,1.1774792052668837,1.1847848738241638,1.2695457814343074,1.3667011919245242,1.3584746925322841,2.040001591240603,1.8525534066702696,1.6547911541622646,1.5557497542609764,1.5283039449489995,1.508577277067503,1.6995195234887572,1.9085007655313815,1.897945529233501,1.9001372904818281,1.9143736181636715,1.948429686690948,2.0418849575623788,2.1149439393447507,2.206574641309978,2.189202924244486,2.298599523400608,2.289541163333788,2.686304819744218,2.718353967570704,2.79130087764186,2.9810008169207225,3.170564587568758,3.342382005173663,3.4550898920232576,2.826595043778893,3.0452318133285035,3.1713358504798554,3.2350456041444104,3.2872096925746397,3.385062708591507,3.5335185135230422,3.8690045395419066,3.978157348573005,4.019593835377389,4.136063706084241,4.192193278707412,4.231744942477426,4.304478451747438,4.289133788875564,4.380353159441362,4.4125820812757475,4.46437672814609,4.495705553258872,4.596872909837732,4.61747249644156,4.646379727539128,4.773939035595047,4.926080184414028,5.064192722466523,5.279029009736842,4.774005912495723,4.828872924061647,4.889686616222988,4.926440406427548,4.925032252174701,4.9723398282906235,5.0009158127509155,5.038092298670595,5.063101191543376,5.094203389705578
0.8668348494152562,0.6727710727171977,0.25438667858771563,0.0,1.1689126507981977,0.8095809747141453,1.1371376276684126,0.6897530605209552,1.085844926509409,1.02583927974463,0.6580639671078656,1.0432116431391758,0.813052635721572,1.048050576987108,1.1888083313475484,0.6043922484623852,1.0404721582833392,0.6757926293674026,0.6955048707849182,0.9561522629372148,0.6113437251085124,0.9744546986171005,0.8849580617402047,0.6295562677577856,0.47308822887640056,0.787191252655325,0.9483671504343554,0.8927142644486027,0.8137142632350243,1.054481072240934,1.1063870490580323,1.2083738988039896,1.2177684898671612,1.3073755070117123,1.2994876921474665,1.304952490222677,1.3347155157612152,1.359580021453452,1.3450932515548835,1.3468085118418915,1.5226445811417848,1.4349508321598192,1.5306331085685128,1.59490425942765,1.8013426949015698,1.9030090067225853,1.8797904072093505,2.0560846972319786,1.9879248471934456,2.0309418082671695,2.1159004922150944,2.212756411020403,2.298845364164401,2.4149055257923466,2.5383366664543865,2.539936785192568,2.5745361211531836,2.800605453821172,2.580810806722298,2.5544016791772366,2.5746348530575163,2.6024937018333434,2.9090745506043216,2.9117151134907284,2.9376479286530652,2.9818842461114334,3.0363078833790267,3.161190568008975,3.79240224215415,3.9328405519772756,0.9329327584715472,0.8728260441853528,0.8797327715118183,0.5888544020876361,0.46735184697310406,0.7860919367642849,0.7084685486938401,0.7560046669780286,0.6925046699494203,0.43146980645010946,0.8077968371023925,0.8271092397633031,0.5468857686695212,0.541369830826384,0.8443405752054587,1.0588601192344982,1.2557551792794244,1.5621206076731284,1.7900324490164718,2.08469357784868,2.4183103570393154,2.931065920481433,3.351677070279111,3.7158070793748488,4.1081658731185104,4.363725924495257,0.6049837790856682,1.0071544772520789,0.8126471173526754,0.794392918705887,0.7462692770428517,0.9724728078975143,0.8165354901596923,0.9395771262844783,1.180140042424363,0.8834630447995259,1.1734879040668391,0.9983631785397823,1.1609510798822726,1.1857511823956488,1.347021933963582,0.8480893303237171,0.8104134039186112,0.8865613315472639,1.0614321187622824,1.2920643336874604,0.9787345673134469,1.2263789015622175,1.2192596334792287,1.2993729176490032,1.2772903067343853,1.3868911709231928,1.8026430817529346,1.632924060706166,1.46261856213233,1.3792010796038685,1.3578570320077819,1.47707151261512,1.7167695399974245,1.9204942780178536,1.8848133171973105,1.8529077689814295,1.8452466345045773,1.8584071480010522,1.919703037100602,1.9782830471559805,2.043673397324608,1.9989207643851128,2.071984536975794,2.2964240183606623,2.624328104511374,2.708434816494529,2.699124179868869,2.8591142934083744,3.0291851215916563,3.172508015516147,3.258716652351264,2.8240301726822215,3.044725587186213,3.155838330680783,3.1899408284576087,3.2851150537247324,3.382070788294008,3.5212593686422586,3.849075278767413,3.9365572227293666,4.0030883197866345,4.12366858523719,4.180001157860475,4.219712535334468,4.270240763672062,4.284955722475399,4.3691491174951596,4.404905816247805,4.456137240394682,4.488767471928218,4.574851469388056,4.57507953572456,4.588977846674709,4.683981187113634,4.81315878280342,4.9362570467284685,5.132534647203247,4.767877648683961,4.81926485688636,4.874687440789968,4.918123417990172,4.909820658128407,4.964219967761552,4.993724399579786,5.026560006502705,5.049710296458468,5.080722712427716
0.3388760408057504,0.5857000276156582,1.0218501640490905,1.1689126507981977,0.0,0.36669793252943467,0.09015207008298366,0.4803411867056648,0.1792400585547984,0.2041253715477662,0.5150342777393419,0.2575832348297808,0.40510027099254176,0.3432854254570578,0.06742899563679972,0.6133250345140353,0.3773598894194713,0.5984813458512973,0.6253476731856248,0.535627294119049,0.7404567354231644,0.6300979605062084,1.0092352605792492,1.1822238722798144,1.2320880461955328,1.268702236655598,1.3575329032638388,1.413166588145834,1.516403624928025,1.5425920883437882,1.7959180260931573,2.113441808877772,2.1356467169977416,2.221010532734656,2.2355994202794514,2.256815483651486,2.2998242829096185,2.3310063492770112,2.3316363481855893,2.3621508103238993,2.5165057388677994,2.475994642668581,2.5609595728709,2.675621623802937,2.8742551377965806,2.992574048552981,3.0010791598984747,3.1358982596485054,3.1035276086499044,3.14613994525508,3.2420558633483822,3.332421529459185,3.4247320907189596,3.540448117427692,3.6556614972599135,3.6680461786459815,3.705924371977681,3.9574033725371436,3.7166319746327834,3.700183527483693,3.7206458918574623,3.7500030106720583,4.045352160198422,4.051492987499128,4.088603897798909,4.140312909183103,4.19246202949074,4.315134949732996,4.960877805543678,5.099146268873754,1.9112383174841716,1.874783786200863,1.9207591805787503,1.6859262624988112,1.582402487411635,1.8941564086291338,1.8404609239740986,1.9073991188746138,1.854498267553362,1.5963506674134016,1.9703982011401115,1.994472119220723,1.7065037555767777,1.6951191138127042,2.0131037064978505,2.217569174843741,2.409063587228355,2.7051806828181433,2.9240386781462266,3.2055227290666104,3.5225212898992035,4.011938146690164,4.41530737596646,4.764522594519087,5.132431995371298,5.37913115239961,1.7025091592532298,2.166941026886285,1.9054163341140236,1.8607000993942298,1.7769294438938001,2.0723370938163885,1.8434121445977372,1.988140781576552,2.2942300919260514,1.8668309797481064,2.228854170653415,1.9188273983025106,2.1365215173557908,2.1505198225263826,2.3744645905089468,1.6330546130898964,1.665932400702124,2.010563246711955,1.9646034885068238,2.4096570743545564,2.1472869074970933,2.099519145204751,2.1247042903904627,2.210408899646863,2.387109436345807,2.296666657026486,2.8936713952223387,2.772147413156875,2.6287368823577033,2.548103454738897,2.526226365926956,2.501271620672528,2.6384562907548084,2.848124512522558,2.8670503306221997,2.898677532621213,2.925639448900396,2.9672832856149136,3.06323295333662,3.1333068987247263,3.211237069834001,3.16447397492767,3.1916433330853233,3.2273085691659364,3.6893180357031743,3.671250545499934,3.8090702923294,4.002707449298704,4.188163052005176,4.341402340563117,4.418069404849097,3.7685998246367642,3.9817168164183148,4.126412925375082,4.221834902626232,4.223270149370568,4.321417833862909,4.481316324248762,4.824416640606205,4.957993404434408,4.969604235651658,5.079757517869189,5.135254861209059,5.1743406783918875,5.274943804144183,5.21996690029967,5.320893594874245,5.347829569882907,5.400142237930779,5.429366735304186,5.551071081770475,5.595768416845506,5.639191732278351,5.788505145215171,5.947415381315163,6.085641725089281,6.2951816419341755,5.704878735598589,5.76466079500572,5.832969476150529,5.859817360088555,5.8684533739963,5.905193161773437,5.932226054357222,5.975698206413413,6.003298308407095,6.034392359190017
0.08656524043048246,0.2458283579847375,0.6553113066097567,0.8095809747141453,0.36669793252943467,0.0,0.3571088052950771,0.12309340505724271,0.3424708768207891,0.2874963664143763,0.1868423116191134,0.3463636702843368,0.2216977904625679,0.4117974273947813,0.40002419517030546,0.3245372128335011,0.4303651709418103,0.3622325147802363,0.4108925982312714,0.4953090002893708,0.4970801018501122,0.5861818367863247,0.8646571340907547,0.9347906028102276,0.9417226478593056,1.0530183633067092,1.1730372509780937,1.2024055585691118,1.2659687869191978,1.3517944817419636,1.5647489628025244,1.8352065083644273,1.8544231205038297,1.9425925381169764,1.951262978153709,1.9684787616545159,2.008452023887166,2.0382981670306437,2.0346667741671456,2.057321149077969,2.2195600467684273,2.1647116783689415,2.2536040716685517,2.353321713292254,2.555475471833874,2.668671965871972,2.6658138116395813,2.8158529067245444,2.770636884995237,2.813498213807627,2.905382692877203,2.9984531967472616,3.0884601605735877,3.2044835710364157,3.3231458007876262,3.3311983215101524,3.367750059328667,3.607275980969206,3.376570009182713,3.3556034755244872,3.375971479317087,3.404629683362301,3.705378572800521,3.7099487538690736,3.7416874864937073,3.7892785259662474,3.8427723449162823,3.966715648256965,4.601339974754329,4.742421265702372,1.554830305377309,1.5155915020403923,1.5584528699336069,1.319507140148152,1.2157140165608848,1.5277786773066153,1.4737992119145484,1.54146983739142,1.490095260286187,1.2400381219110643,1.605958767287114,1.6317657654551563,1.3528774648475663,1.3437061386579117,1.6533946656864424,1.8521227473026234,2.042883726706515,2.3384940406071006,2.5574609130274837,2.8396686441266787,3.15821044095194,3.650659627235502,4.056759677866345,4.408571467453078,4.780891873368026,5.029401843049393,1.3669186446341395,1.8140919768564978,1.5736844492228994,1.5354209864127089,1.4590690659102163,1.7401789904013412,1.5278587471019343,1.6694016795681088,1.9590836638421407,1.5626861232221063,1.911090462312954,1.631920059252625,1.839725913805824,1.8568910195250208,2.0662598542286434,1.2951783318462444,1.3195518622801206,1.643918195090498,1.6180760456141017,2.073877906089957,1.787988653901926,1.7593910284167527,1.7801521950265247,1.8661097203714916,2.0212921185246473,1.9535373610937883,2.5689035136437703,2.4293856695871097,2.272119171039289,2.187113244065021,2.163980417114377,2.143856940886149,2.296617545477082,2.5067952757822343,2.5171298409071494,2.540021505647306,2.563035429109068,2.602117975636604,2.696535860556779,2.767015878323911,2.8479396458469326,2.8083834890986483,2.857407669736509,2.88755432174096,3.32973565535092,3.3276569777382816,3.4444021973713093,3.6360263150305587,3.822090066315242,3.9799346645283022,4.066525316085557,3.4285844020649066,3.643781064444042,3.7827053363322327,3.8678772982009506,3.8858107604845507,3.9839896891833173,4.140347258681551,4.481247160074303,4.606743541375693,4.628342288423201,4.740685782040322,4.796438579554645,4.8357109360018145,4.927017651704229,4.8852995356015425,4.983065077140439,5.011794774660237,5.063975193184475,5.093928310085194,5.208799959134353,5.2453144844614865,5.2837296514150855,5.425213601394772,5.581255466138054,5.718944553068425,5.929524266671478,5.37058726001911,5.428751186434722,5.494564977410974,5.524787872462515,5.530023331470747,5.570371391601236,5.59794540240868,5.639308605882941,5.666044335921806,5.697159464410817
0.35093663172971906,0.5936321903492976,1.0072530889657205,1.1371376276684126,0.09015207008298366,0.3571088052950771,0.0,0.4579889705770677,0.09122515319453012,0.12870945067386175,0.4790755086378976,0.17051741704661208,0.3458595912836576,0.253804824659719,0.05598342696667927,0.5611508537779358,0.2878923808036474,0.5352034090530015,0.5569494477695509,0.4484381488076758,0.6740828823953069,0.5418117217417445,0.9250552022950866,1.1107748729381062,1.1697869745247116,1.1913821178546578,1.2756906704072066,1.3344360041135688,1.4436695854425103,1.4608293563135115,1.7189408909814516,2.0447191767612916,2.0675802419613634,2.1521163529362086,2.168088721436657,2.1902650632841074,2.233981119983567,2.2654616567355896,2.2672500001502796,2.299994772649972,2.451817516582503,2.415689298383702,2.4992730464203197,2.6189202090438326,2.81601299778826,2.936131210895104,2.9494984009269807,3.0778557034405876,3.0507517623385096,3.0932134904070927,3.190938377158627,3.2799472044465574,3.3732791183846604,3.488765314693752,3.6022942876833324,3.616709536302655,3.6552244233476214,3.9135805494993,3.666897964861483,3.652967151535324,3.673472970071237,3.7032283519869242,3.995390341840513,4.002369141602492,4.042600329490931,4.097045027798191,4.148228805038741,4.269996721018723,4.924767761607604,5.060159913801627,1.9119045903119394,1.8726263827595309,1.9147178492685637,1.6707627106117795,1.5637628474299994,1.8790037791469159,1.82091712398535,1.883765821697898,1.8272585037865452,1.5601162654719427,1.9430469287527592,1.964235774387531,1.6678071680286248,1.6548521729337302,1.9791570255279316,2.192146956249301,2.385822042408222,2.6854252340008657,2.906940190628738,3.1918592567844413,3.5127036585117413,4.00702066266335,4.413741227831885,4.765677431224191,5.13757040342506,5.385743871897498,1.6533584929895786,2.1266869233262926,1.8539464472408,1.8066761048136308,1.7203825855824324,2.0206651190114093,1.7858622697210838,1.9313301482825624,2.2434951483264567,1.8055474666015612,2.171179832598813,1.852659001140891,2.0724585105833904,2.0855620824954757,2.3133317603860277,1.6465505866060937,1.674321780601938,1.9933151784076895,1.973074993178327,2.3590352189306145,2.112692211840371,2.112120383801788,2.1345665106282232,2.2204749727693667,2.3738656586042253,2.3075234912309273,2.8376709928479227,2.7246369821210297,2.590952379154577,2.5149192336020185,2.4946856637714396,2.5009626829826064,2.650259587165688,2.8603129815868056,2.8733265512413313,2.897040160811884,2.9189179335707047,2.9556671947341893,3.0437759328826606,3.1101074989214186,3.1807497104522104,3.1257584989740317,3.139407382795539,3.2405705075163302,3.6865797995461524,3.682155323245313,3.7984500391349147,3.983934691846745,4.163654358633654,4.3077870562738685,4.375056543431766,3.7818120831770434,3.996228681042917,4.137301622176962,4.22485670075775,4.238104066055261,4.33628480946262,4.494030855416467,4.83573437043872,4.9633662794960225,4.9821813218288025,5.093720397486381,5.149379892947025,5.188583521554505,5.282936696103031,5.236553437285342,5.335636195402541,5.363639244015078,5.415879557678871,5.445531279200019,5.5630385176182005,5.601810912585559,5.640827153870758,5.7803908063238305,5.93216640362396,6.0655574526770675,6.268868126574032,5.7217276354490565,5.780581389899211,5.847404846209808,5.8762569519044145,5.882875745660751,5.9217561203837965,5.949100972340254,5.99135377301107,6.018442072157758,6.0495510114060655
0.1982076251415176,0.21458904690629188,0.549856982233093,0.6897530605209552,0.4803411867056648,0.12309340505724271,0.4579889705770677,0.0,0.4251060387045603,0.3653585619291857,0.08194887822641596,0.40826434689397134,0.2153941506358617,0.45369389174857877,0.5059802520630986,0.2249330594011097,0.4640507123647597,0.2859393076164483,0.3391553095672029,0.4865600308201452,0.4051849003581122,0.5665492945702403,0.7939477185022509,0.8296925928867205,0.8255038704242237,0.9556777131923045,1.0834955307645036,1.1048474974747913,1.1572994452657648,1.2585652731632846,1.4593447853344947,1.7187005409371066,1.7373433883350609,1.825891256810222,1.8335067649470773,1.8500327005879247,1.8894784631199255,1.919089519589599,1.9148267466004125,1.9364043984702104,2.099588303605581,2.0429994023594107,2.1322840046051104,2.230629184360389,2.4329875108611625,2.545848281559022,2.5427274876337718,2.6932383665582997,2.6475451972306785,2.690407505946549,2.7823226073635294,2.8753609668215105,2.965395772632835,3.081415478969641,3.2000531063981272,3.2081517450980055,3.2447441101482113,3.485394819066234,3.253644352639689,3.2329961289124944,3.2533740696127382,3.282102518072785,3.582459271703225,3.5871196133095533,3.619350641263888,3.667567501315289,3.720831814448657,3.844588141318232,4.482144006579816,4.6221570489571375,1.4643967203095738,1.4220112430443124,1.4605368411457063,1.2128332690426684,1.1059593772652745,1.4210509465877839,1.3633748500595717,1.4280126769441706,1.3742074841025762,1.1192311117775686,1.4901070695524339,1.5142667021441636,1.2313645249742082,1.221722603980911,1.5340625224350801,1.737653275723503,1.9299429589089276,2.2280821663907586,2.449053657415585,2.7339569073470513,3.055656949708737,3.5523197376571205,3.961413216675241,4.315728929680817,4.691903817735187,4.941840961454214,1.2438340486034307,1.6925320260211474,1.4506635926337745,1.4127324227465803,1.3370585744807533,1.6171291169937112,1.4060413918863712,1.5471791330327698,1.8359902621452653,1.4422757146234841,1.7888511228130306,1.5141831195909619,1.7200880620898131,1.7377204075671708,1.9449318034168426,1.2230390372176039,1.2400032742156184,1.5353857896495677,1.5370282185104118,1.9507875102113652,1.6684875227669844,1.683125059954287,1.7002333148282924,1.786139135622945,1.9160915666071157,1.8742752247195804,2.4460464469302745,2.306568838083797,2.151656172437136,2.068525102194778,2.046179623390243,2.0511155017452305,2.217576198987594,2.427759151728828,2.4311015974748154,2.4454468327431917,2.463479485142746,2.4981584541873643,2.5863796039507903,2.6542953318922327,2.7309640952039738,2.6878128183671324,2.734315851837756,2.8091328449231314,3.2335618192721673,3.245876829266129,3.3411092602081323,3.5264132661414447,3.7087023659972886,3.861711397426725,3.944924677481804,3.3493788786383365,3.5658783585526868,3.7004774459206775,3.7771331122837033,3.8080512368983706,3.9061804932032387,4.05991425329661,4.399010815938651,4.5180661026065705,4.547430205387116,4.661280182544182,4.717185518758598,4.756569849390457,4.840945232635159,4.808846146169922,4.904413372287456,4.93435878709503,4.986425805183161,5.01685846603074,5.126908159853522,5.1570884049030195,5.191094515486948,5.323756921318242,5.474187213326,5.608496654087937,5.81524879587217,5.294166501271384,5.351223585917489,5.415307944800575,5.447814156259956,5.45073578511425,5.493518999270438,5.521442389434343,5.561377877677499,5.587516758161807,5.61863544080348
0.3586607509764446,0.5875860504222846,0.9731127766127377,1.085844926509409,0.1792400585547984,0.3424708768207891,0.09122515319453012,0.4251060387045603,0.0,0.06060297817590152,0.4314423697575469,0.07931943788895131,0.27814263861178073,0.16450709118552584,0.14226621891592,0.49557556468324976,0.1984957614077874,0.45956476947963815,0.47661802383476193,0.35725115517216627,0.5946685523901095,0.4510043340335358,0.8341202804651354,1.0263562578974048,1.091952576630863,1.1032704697783022,1.1854262262278823,1.2455205918075298,1.3581043309926497,1.3705601925709678,1.630794394217978,1.961420661265907,1.9847083988393972,2.068660929825285,2.0855468873261462,2.1083653390591155,2.152548413838357,2.1842218528575312,2.1868186084680183,2.2211417958664734,2.3710982250433266,2.338133233909964,2.4206695814638715,2.5439688349532834,2.73981666925015,2.861243143314583,2.878367182846405,3.001716673941943,2.9786410083536863,3.0209689466927525,3.1200748346044005,3.2079878343603574,3.302087215433486,3.4173564001442265,3.529544188127132,3.545533399333195,3.584536899199306,3.8483476341801155,3.5969694464970945,3.5850543482125783,3.605588705369177,3.635656058240888,3.9251935176324224,3.9328330354291454,3.975553551252879,4.032215260232864,4.082593816673808,4.203593567341086,4.865720858517892,4.998658225537473,1.8890530008534632,1.8470881375701902,1.8853051919360224,1.6331670871270683,1.5231677496923073,1.8409386935025522,1.7788403819023637,1.8377651489649,1.7780545269418593,1.5033566359800903,1.8935346176820758,1.9120779911218346,1.6086415522362911,1.594336332076058,1.9236611520540823,2.1440179479343957,2.3394432851884956,2.6419364463104182,2.8657150955980715,3.1536213056789153,3.477880072855114,3.976604808968935,4.386379938952867,4.7408316153933825,5.116516107348421,5.366077355491669,1.585263267091233,2.0654924596060686,1.7836767316431692,1.7344017168487171,1.6462058121557737,1.9500583553240725,1.7108321254084202,1.8567368561123974,2.173451296692205,1.72765472430395,2.0957376929736276,1.7711983452372564,1.9923537537966314,2.0048167552880702,2.23521781274533,1.6372310227327729,1.659757157897521,1.9530572143262515,1.95785592793792,2.2889961422683416,2.0564414155588064,2.1007948123130182,2.120433261768159,2.2063992878262417,2.336802153724993,2.2941063312754633,2.763157744159744,2.656882308378558,2.5314439901742665,2.4594794557891246,2.440715669615857,2.476178627424112,2.637341136771749,2.847558073059726,2.8546279507720382,2.870531366691835,2.8874778814240143,2.919536941686603,3.0002636757322745,3.063127370408872,3.1272006609181138,3.065108761086869,3.0676845188072255,3.228568233935414,3.658429610881758,3.667470616315038,3.762710402219936,3.9405235995222943,4.114968117645092,4.251035512032662,4.310364370885344,3.7693996699556354,3.98502005076656,4.122358497998119,4.202051000779692,4.227106730812018,4.325277589218557,4.4807737558610885,4.820940213371961,4.942598090686646,4.968608216042947,5.081515036235589,5.137321876581637,5.176633211786328,5.264671226055723,5.226977907531351,5.324150657426679,5.353232999643028,5.40538482705536,5.435464569771976,5.548679984485822,5.581522089438243,5.616195273830616,5.746353235622125,5.8914286302869,6.020370816663832,6.218068773525075,5.712288633719723,5.770178827810954,5.835473518825355,5.86636169914174,5.8709228263883375,5.911976382877553,5.939634171050272,5.980631215098365,6.007191798062949,6.038308946426187
0.31210476880178334,0.5333019467088582,0.9127472272489695,1.02583927974463,0.2041253715477662,0.2874963664143763,0.12870945067386175,0.3653585619291857,0.06060297817590152,0.0,0.3708831423566436,0.0753580320485948,0.2211145700174095,0.1654318852414453,0.18452572713118878,0.4383325352483921,0.19664307962053687,0.4073509309853278,0.4282488572498646,0.33865301235202633,0.5454828006089365,0.43567953830227457,0.8062577643125396,0.9824240620085929,1.041598460046414,1.0652982948095662,1.1534880743615634,1.2093228568775352,1.3156672865507015,1.3385243356116063,1.5927193164616043,1.9160814616964095,1.9389013997145619,2.0234956669643296,2.039389577917806,2.061556580024579,2.1052874916817843,2.1367793269233273,2.138642852383955,2.171655841963868,2.323181276202771,2.287678085850062,2.370996269553555,2.491801566597868,2.6884440013064594,2.8090512067542277,2.8241413311869272,2.950315361043365,2.92490759898084,2.967306120932721,3.0657311958802667,3.154186432486562,3.2479085061570943,3.3632876676746912,3.476163813193051,3.491355327323175,3.530126684069618,3.791738669305955,3.542209831853604,3.529435639311155,3.54995922834042,3.5799034869178934,3.870565436481898,3.877908453149347,3.9196073076692777,3.9754742986423253,4.026131791703279,4.147411736167621,4.807351186011046,4.940920927319314,1.8296525615461672,1.7873474507054021,1.825158135931249,1.5725866264060053,1.4625669478741206,1.7803460865721075,1.7182666760218055,1.7773675920956074,1.7179178808400417,1.4442995235586797,1.8334387935636696,1.85230411103661,1.5501229142340038,1.536148028392782,1.8644200927452166,2.083802604992437,2.2790942900762317,2.581429241872735,2.8051373071127848,3.093019754662329,3.4173441839416805,3.9162916727547517,4.326307550773702,4.681009025289569,5.057159908081472,5.3069147179165475,1.5295663983620906,2.007545223456529,1.728957011396744,1.6806623541131325,1.5935075903130373,1.89551563893687,1.6586539273806291,1.8043075534227089,2.1186686765971885,1.6774123476630702,2.0438483615041543,1.7239605702851173,1.943889243856538,1.9569171918033128,2.1851668420557275,1.5804725977505705,1.6018318018112632,1.8924573473131654,1.8997135709415018,2.2342208869127185,1.9973547327068828,2.043421659186182,2.0624673829123727,2.148427153330755,2.276219569150846,2.236249753431066,2.710737742208942,2.601157670445191,2.473103432876948,2.4002713341014967,2.3812525888799003,2.416458134774369,2.5795297609997276,2.7897521507740777,2.7957321156786006,2.8105919795899403,2.827120752177411,2.85896829172247,2.939763532748138,3.00284607303535,3.06770222053446,3.0070860454391557,3.0137584111035296,3.1708753366307167,3.598302522486447,3.609212693130282,3.702144701062845,3.880029805457244,4.054863530467757,4.192148283684331,4.253584512462202,3.7115779421304946,3.9274323581172803,4.064025817460932,4.142486385035336,4.169548578529311,4.267711738699499,4.422743168203007,4.76260402738557,4.883286272131194,4.910495911852595,5.023667383678596,5.079501828798284,5.118833504541852,5.205726346079469,5.169677042388983,5.266440524348841,5.295747842549841,5.347878939754715,5.3780491175701455,5.490400204042364,5.5222637431411545,5.556380912421848,5.6858305587861775,5.830852803200439,5.959991054632807,6.158230865960191,5.654999841067485,5.712680173976819,5.777655990921205,5.808968674354518,5.813099913409013,5.854606914024639,5.88233194578676,5.923058545712131,5.949508452666337,5.980626421980601
0.27012697896846705,0.2827102840863664,0.5473064224902441,0.6580639671078656,0.5150342777393419,0.1868423116191134,0.4790755086378976,0.08194887822641596,0.4314423697575469,0.3708831423566436,0.0,0.39973246994727957,0.17960612748752378,0.4293218991282791,0.5310411608096584,0.14354327038158524,0.4339043791546817,0.20613458598782783,0.2598360946974191,0.4307325456066955,0.32333482501403804,0.5037196263456769,0.7130679876832342,0.7513476292962967,0.7549695159285508,0.875030105377849,1.0017853352708763,1.024308336515755,1.0808192291768386,1.1772999043248584,1.3813634065853677,1.6484219912844325,1.6677288163318413,1.7558298555686593,1.7647328818327541,1.7822041676955132,1.8224383899600112,1.8524214437177997,1.8492496286159195,1.8730548201675163,2.0342287792451894,1.981763855290646,2.069904520397174,2.173426731203802,2.3746159050491427,2.489451155501313,2.4912387439078736,2.635469719830962,2.594976673602687,2.637740194797139,2.7315905028341803,2.8233602100691826,2.914512064654831,3.030409474520247,3.147476471315984,3.157600391606354,3.1948573233684248,3.4425618457737643,3.2047297847641576,3.1865959850194114,3.207031447803632,3.2361801050860817,3.53354295711586,3.539037378420402,3.5743952000590165,3.6253747852882205,3.677694521326152,3.800601208077892,4.447317054268194,4.584501738581277,1.4724601389345178,1.4269724082867503,1.4606398390626094,1.2028501061614374,1.0919435632262087,1.4103000887211583,1.3474042574003904,1.4069128608683115,1.348753928977359,1.0823618618536992,1.4644609091291247,1.4851681203561504,1.1916897702711837,1.1800945467729018,1.5005768308073464,1.7141474222169322,1.9088053473436866,2.210600820067857,2.434284140702596,2.722620262664702,3.0480873314318826,3.549390700381514,3.961568364001652,4.31836243202713,4.698251093661187,4.949484765494788,1.1916825315532888,1.651944123583751,1.3967988805105476,1.3558955141695388,1.2771128925749695,1.5636384597974902,1.3453803117164482,1.4879301352682264,1.7841237902395533,1.3779297393636785,1.7295613627282607,1.4454123241862138,1.6541791354498872,1.6710151069159378,1.8826149239091052,1.2483171184044262,1.2590452232417204,1.5217914533390242,1.5537027544476785,1.899303698169406,1.6343527099220632,1.7035214033504942,1.7174735073576473,1.8031410729041562,1.9063384046167957,1.8917117726985722,2.389936111898686,2.258980088330023,2.1143219838877245,2.036203690429835,2.0156776193235637,2.055541938053545,2.234635654747837,2.44455379542946,2.441615434040759,2.4474413274089377,2.4599513125459325,2.4892829528344596,2.568948187967818,2.632805608924903,2.7016850806652446,2.6498229226189585,2.682398431148368,2.8260675089880007,3.2331970796030225,3.259555590887729,3.3324620732463797,3.5092247547764805,3.685570541022241,3.8293054748747557,3.90309450396578,3.3652422975957927,3.5827293681689643,3.7134961696347952,3.782104200930192,3.824899221019257,3.922940324666963,4.074350060221364,4.411724715401299,4.524769378881843,4.561263105376368,4.67638569692134,4.732404681244413,4.771873064179359,4.850019552724775,4.826409985205143,4.920091797648962,4.951060961218703,5.003017423326692,5.033845535659759,5.139704144907147,5.164039639795255,5.193680667954344,5.316652330318786,5.45999317594382,5.589513671124728,5.790131360419819,5.311623751190724,5.367737732935081,5.430332615492274,5.464771285340953,5.465725799125977,5.5105671561310725,5.5387763593655785,5.577501400968209,5.603126657963384,5.634241426988629
0.380700517471232,0.5909646305094536,0.9468450704409525,1.0432116431391758,0.2575832348297808,0.3463636702843368,0.17051741704661208,0.40826434689397134,0.07931943788895131,0.0753580320485948,0.39973246994727957,0.0,0.23020628175114766,0.09145463382081513,0.22088080324247036,0.4436528085578317,0.1241412726599471,0.3972024165361162,0.4088484298106265,0.2781686272973189,0.5271003447419349,0.37263552213924234,0.7549028257317342,0.9528197608499273,1.024485099826847,1.026331793003291,1.1066674873039948,1.167851205298678,1.2833163213685428,1.2917855643819354,1.5537043129270953,1.8884096615784853,1.912061062757901,1.9954861348027633,2.013157679849946,2.0365266066818846,2.081102511569884,2.112934406821796,2.1162329072611636,2.1519207767751483,2.300211964480294,2.270004761615516,2.3516037361479203,2.478043701587391,2.6727512887289735,2.7952796994897398,2.815662348540397,2.934637803996909,2.915055030946541,2.9572552780967736,3.057532552256321,3.144473624502777,3.2392146663681793,3.354270150400488,3.465278273593035,3.482621087649765,3.522038204513848,3.7905056220101776,3.5351233144594896,3.5249530341236897,3.545507410567124,3.5758378272399964,3.8630536047566904,3.871260517392618,3.9161187552486263,3.9746832549717817,4.024356742469389,4.144671995734774,4.8130294212793165,4.943831437515387,1.8697938515154737,1.825535714947143,1.8602613243674901,1.6013380541802031,1.4889023417360931,1.8082988772942474,1.742733322664358,1.7980626914113764,1.735581025482524,1.4545474933151965,1.8506193331849257,1.866778009943601,1.5574752966207535,1.5419717391840397,1.8753674283459671,2.1020324937706536,2.298813225948316,2.603602520558938,2.829212657295329,3.119561434435208,3.4466367069512045,3.948992861996307,4.361284387728682,4.71781799986494,5.096699552458023,5.347408163109325,1.5260530850851062,2.0119753759686843,1.7223040679515091,1.6712737455984812,1.58144357994307,1.8882536329124013,1.6452522048509568,1.7914455694519382,2.112002012461483,1.6595046085267993,2.0295609034433,1.699860929449794,1.9221194489865725,1.934016831340513,2.1666374482522897,1.6303950321783338,1.6482667867189187,1.9182952559987643,1.9451840123167716,2.22748711125573,2.0073317228008913,2.0913009093494246,2.1084536186430474,2.1943483400283985,2.3043962146615864,2.2825165621863803,2.6975463571609843,2.5972075014769853,2.479080559204712,2.410750360460309,2.393297256344605,2.4544254401630887,2.6258107401271658,2.8359846806324334,2.8378594510377924,2.8469209666330966,2.8595377045702604,2.8874656457206904,2.9616732336961986,3.021464347436855,3.079756646551137,3.011482649467264,3.0044108437165074,3.2173759494075265,3.632924162105416,3.6536961167648747,3.730543377099469,3.901608249584684,4.071410990961755,4.200445607366168,4.252898814908855,3.7575551852607263,3.9741280591768304,4.10816125713805,4.18098136990616,4.216302985107163,4.314429522027871,4.467915539951139,4.806641761535896,4.923073972228603,4.955330649465179,5.0693967535454645,5.12531749647095,5.164712644773993,5.247242123034192,5.217108941538177,5.312598502042998,5.342611989395458,5.394674923537876,5.425119797800972,5.534581433949124,5.562266438523948,5.5931627761510025,5.715140073883244,5.854390785662377,5.979468590335952,6.1722990378648825,5.702429846021517,5.7594711639216,5.8234249226395365,5.856075847534495,5.858848620324253,5.901782119186455,5.929706519354228,5.969604997774772,5.995702286781381,6.02682087073259
0.29854328526984397,0.42661443089252404,0.7239029056190308,0.813052635721572,0.40510027099254176,0.2216977904625679,0.3458595912836576,0.2153941506358617,0.27814263861178073,0.2211145700174095,0.17960612748752378,0.23020628175114766,0.0,0.24999897665218923,0.40157601653832026,0.21745148812485143,0.25449060183132816,0.19390540009589602,0.22653478975384136,0.2774183738327418,0.3372621037449027,0.36534090938423563,0.6595327659998375,0.7826516124453875,0.8270516023729737,0.881190412545624,0.9864200275635695,1.0289454294504823,1.1176740141399932,1.169261542982253,1.4047938823113313,1.7098057476360675,1.7316128329183404,1.8174430717321914,1.8312607491379826,1.8521037804837677,1.8949171894740713,1.9260367112854646,1.9265417397790303,1.9572653241791356,2.1114230442635558,2.0717062238872965,2.15620317917179,2.2734532586932734,2.471057398970861,2.590619130840934,2.6037697018418675,2.7328402219786456,2.704908114727882,2.7473628979241,2.845267707357981,2.9341171620730897,3.027550055440129,3.143003213621387,3.2564348701847385,3.2709880609962587,3.3096040985461856,3.5706758488936106,3.321484690792943,3.3083828332342273,3.3289038848976356,3.358823756514337,3.6499049704012316,3.6570954170728878,3.6985014419791526,3.7544471004035107,3.8050414148981258,3.9262975660308252,4.587764724071306,4.720515658979209,1.650744967861139,1.6043955075381706,1.6361909036640252,1.3733119419502728,1.2599235829357824,1.5797926968258469,1.5130935106320311,1.5678773416193295,1.5054792485565498,1.2264288653397888,1.6205827782149562,1.6372651564908902,1.3308880818878854,1.3163288615867625,1.647050961840062,1.8719009670143676,2.068610414458919,2.3734862836992123,2.599345245264388,2.890261713187634,3.218309071625134,3.7223779598511784,4.136140130168526,4.494062438096275,4.875403525158035,5.127061146224834,1.3085260594637715,1.787378638220598,1.5083427055766532,1.4608165261657327,1.3747920650929126,1.674997063543508,1.4405515153796622,1.5858293433877608,1.8979838678001977,1.4621236129421358,1.8259607853800741,1.5140586904979443,1.731421509618209,1.7454751281132694,1.9698602052820209,1.4272858101343293,1.4386410446257742,1.688982134249263,1.7332623762539874,2.0135331473695257,1.7794688747257181,1.8830948144229034,1.8970487536996667,1.982701858221376,2.0758092563784296,2.0712876415188104,2.492057562982872,2.3800896057559404,2.2534966626276307,2.182717423093747,2.164622381983501,2.232451826933268,2.4141804696883074,2.6240742783539646,2.620219001753408,2.6232365990039064,2.632971809024991,2.65888550341402,2.7315240090752035,2.7913302047583737,2.8511387920477196,2.7870063428307086,2.793598383782802,3.0055845741703466,3.4076512789905857,3.4386866582001048,3.5018183308036916,3.6714254699977174,3.8415788804358857,3.9736086946106677,4.032570308677388,3.544651474467841,3.7622214298805567,3.892492545507322,3.958836243155071,4.004386203684778,4.102418315457112,4.253560398144442,4.59063417725073,4.7020593609484385,4.740365623148737,4.855671931695282,4.911704376318848,4.951182591841142,5.028038501557375,5.005935404325094,5.099443951732484,5.130518033075446,5.182463761125612,5.2133260549716365,5.318605229787376,5.3413726759642355,5.369274054918937,5.486651155790017,5.624357216045339,5.749302345943336,5.943104551844462,5.491137451621701,5.547172234342582,5.60959353056866,5.644244745875768,5.644981390440969,5.690047768740185,5.718279161325592,5.756893669025972,5.782460008004553,5.813573869544613
0.45721173124545317,0.6507109014663703,0.9732227173750226,1.048050576987108,0.3432854254570578,0.4117974273947813,0.253804824659719,0.45369389174857877,0.16450709118552584,0.1654318852414453,0.4293218991282791,0.09145463382081513,0.24999897665218923,0.0,0.29878145796178446,0.44367687157418617,0.03408835235158437,0.3803224404299658,0.37984315081078673,0.20022411938954393,0.4954300540676948,0.28945038832825093,0.6812802289796314,0.9022568704151057,0.9879603448193433,0.9648314993092147,1.036423245092705,1.103097201128816,1.2281629017094273,1.2211663779930417,1.490649120717953,1.8370687383595874,1.8616010972140256,1.9436147007936408,1.9632202610872007,1.9878872812387718,2.03333992620729,2.0655071451274796,2.0704015593583405,2.109043626165478,2.253528937007164,2.229303208797898,2.3088642903249355,2.4415549782814407,2.6338642228959794,2.758469573564355,2.7849175496984007,2.8955498210564325,2.882638729921347,2.924576703168299,3.0269160287162817,3.1120456264510596,3.207897601819915,3.3225059903902077,3.431300803219394,3.451107456118645,3.491247868300985,3.767573634746562,3.5054853766598333,3.4983512692137984,3.518929841558298,3.549694515228102,3.8327548021218085,3.8419582250770388,3.89047610835959,3.952183340061697,4.000675035006255,4.119805134690504,4.79790715105911,4.925356929967826,1.9005616719820027,1.8538104708487226,1.8844328155671555,1.6179442164024134,1.5027853875334674,1.8233754864092808,1.7535437426255192,1.8040070495327747,1.7379001259242988,1.448589757478859,1.852069760476114,1.8648477960269736,1.547648863328664,1.530342537976957,1.8690913316970723,2.1042989924985838,2.302630390003636,2.610118222696208,2.8379043381921365,3.131150549437673,3.4615391995412157,3.9680636218227736,4.383181283505691,4.742027732308556,5.124465367862834,5.376403948074762,1.50328726751526,1.9975214060909339,1.6952876608004621,1.6411771250970995,1.5484648287204381,1.8601576724826996,1.6105526804454577,1.7570322833258016,2.0842030119920394,1.619584037306727,1.9930625348267295,1.6528346536033827,1.8772971651115318,1.8879063585894773,2.125101599283524,1.6748165501285885,1.6878952630682151,1.9304547352891086,1.9829651604765846,2.1994346966474714,1.9996050987194631,2.1321648161399507,2.1467017392733605,2.232398516695318,2.3189003440630533,2.320935930978515,2.661485257217003,2.5719581684806863,2.465785698743578,2.403004002973036,2.3874882821076073,2.4814835742724886,2.6639132577274234,2.873854211775594,2.870125888626505,2.8714367908363547,2.8789145722183083,2.9017486582069254,2.967510931804509,3.023124984168059,3.0732538957883917,2.9957511684316023,2.972506507317579,3.2553693852289265,3.6546694623382927,3.6886847244056105,3.744133692993762,3.9064214465346403,4.069850325558225,4.188710584997851,4.23040303995643,3.7945590011490893,4.012043609361593,4.142485959184573,4.207626500668743,4.254215126745828,4.352258789079161,4.503550569082072,4.840613890322856,4.951220030144614,4.990364597204729,5.105644013807733,5.161671848881775,5.201146391367336,5.277650261998265,5.255702004516481,5.3493884704053345,5.38038249040957,5.432339320805342,5.463162912631382,5.568582425087836,5.5905503060320925,5.617111490631488,5.7292350170552275,5.861047292575469,5.9809728996835645,6.167039765512702,5.740924891485546,5.797059122600976,5.859573480376846,5.8940903411613235,5.894962742506664,5.939884366183344,5.968084278710369,6.006814246309189,6.032414067317116,6.063528358040057
0.38448128711925594,0.630295093219289,1.0536529127260919,1.1888083313475484,0.06742899563679972,0.40002419517030546,0.05598342696667927,0.5059802520630986,0.14226621891592,0.18452572713118878,0.5310411608096584,0.22088080324247036,0.40157601653832026,0.29878145796178446,0.0,0.6163587669719742,0.33261780978747524,0.5911851799555149,0.6127607074909975,0.4967215672446412,0.7299867297288515,0.5881858385998734,0.975538212738915,1.166053407473941,1.2257688314004154,1.2452254720909877,1.3275239986172886,1.3877241636522049,1.4986553748065143,1.5126481388828465,1.7727807007123741,2.1002780758425934,2.123211695896721,2.207649213070345,2.2237723991227925,2.246033307603043,2.289801208303125,2.3213009951937607,2.3231542170390473,2.3559685050135832,2.507703279887685,2.4716705966092447,2.5552520585811904,2.6748019982796047,2.871957689283885,2.992004974511687,3.0050099354404876,3.133796318588508,3.1063761609580998,3.1488517364356987,3.2464098771970322,3.3355499831225104,3.428788263879831,3.544299069297161,3.6579778285257007,3.6722120150965285,3.710662925076543,3.9681074788583923,3.7222316395211084,3.7079887383520975,3.7284892275059494,3.758191064033089,4.050755674096989,4.057638943390712,4.0974625711350185,4.151486417469297,4.202826948442542,4.324736762202568,4.977869161210706,5.1138527075445905,1.952910552312243,1.9147833128506861,1.9584200483189318,1.7177048088843556,1.6118218823275732,1.9260004494108787,1.8693406815275018,1.9334544634593873,1.8779611698992438,1.6129940620336338,1.9938037509562299,2.0157609824607654,1.721232734894234,1.7085883400249768,2.031594518080356,2.2424097186558707,2.435482227663316,2.7340619076556045,2.9547492396256145,3.2385401887461343,3.5580459606488617,4.050549113550275,4.455959374867607,4.806788644788441,5.176984769248615,5.424513239460545,1.7085253046659028,2.1804870294465712,1.909398115993851,1.8623600966669103,1.7762330614471589,2.076148391403577,1.8417644858518065,1.9872020821590064,2.298892728624152,1.8615308324464728,2.227096438137498,1.9084688089088095,2.1283807754782456,2.141441097479183,2.3693149154876982,1.6816986601329103,1.7118755346370071,2.0410381552409955,2.0106820916071553,2.4144262691748137,2.1652990962879355,2.1478316352928966,2.1715719562528983,2.2574039535915444,2.420304414824569,2.3441003650362386,2.893520168317986,2.7796666303913207,2.644304544499929,2.5672441729428326,2.5466112388370377,2.54249568782389,2.6864465571525153,2.8963448157351683,2.912083663992476,2.9391710564639277,2.9630519158652113,3.001607974936984,3.0923551937021743,3.1598315815084717,3.232470040044499,3.179334611668639,3.1949857021598342,3.2761296255497103,3.729226871159126,3.7188717052160873,3.8441030579014415,4.032362407335767,4.213820772059896,4.3603156386414605,4.429462356476035,3.8174391194095523,4.031240093517187,4.174055431565607,4.265148809810013,4.272972218705626,4.371142066921672,4.52993851906876,4.872321288805329,5.002670552728755,5.018176461987626,5.129052493060814,5.184635343706894,5.2237831244860775,5.321080201440174,5.270599570234005,5.370597164425131,5.398075986312548,5.450353878367138,5.479794789909289,5.599345014432378,5.640841687473947,5.6817683518539805,5.8252097607359,5.979514888044836,6.114467603546101,6.319600055714516,5.755658561476511,5.814976466392413,5.882532184625868,5.910396849364791,5.918010446890308,5.955835776625791,5.983025440034868,6.025886034255488,6.053227345356516,6.084329811019302
0.41013126757117424,0.40639850379329584,0.5513899542015155,0.6043922484623852,0.6133250345140353,0.3245372128335011,0.5611508537779358,0.2249330594011097,0.49557556468324976,0.4383325352483921,0.14354327038158524,0.4436528085578317,0.21745148812485143,0.44367687157418617,0.6163587669719742,0.0,0.43706177341693286,0.09483435075679734,0.14334813554777842,0.3782079839727044,0.18086739489206086,0.4287186434248117,0.578418842698824,0.610262784943906,0.6262697054130711,0.731625048844281,0.8586184299222859,0.8809459180422108,0.941788930343397,1.0337700018828027,1.2402640636436246,1.5176337444165395,1.5379132711862058,1.6252466639743195,1.636070223860124,1.654957055866707,1.6963487120669514,1.726866150228528,1.7253861871437555,1.7526495582506783,1.9104742303846742,1.8645472568259924,1.9507529490236926,2.0623847882629076,2.261433471252237,2.3792863507436297,2.3890050237219267,2.522964955264825,2.490853473792028,2.5334057884799814,2.630284326986671,2.7198976072799628,2.8127616848673016,2.9283490508016827,3.042788049069569,3.0561595101973262,3.0944571419306617,3.3534381588406936,3.1058940631184484,3.091866635954595,3.112376661081961,3.1421841509461506,3.4344426985224468,3.44128019013392,3.4816891420805534,3.5371480285177537,3.5878787812942323,3.7093073419497022,4.37066037427844,4.5030959588843285,1.4765579210661521,1.4259886539139162,1.450885413748728,1.177754814964172,1.061071619290852,1.381908703374998,1.3103636720661453,1.3603810561097065,1.2950232582855878,1.010907719423153,1.4095483389122863,1.4240827565480658,1.1141789721138746,1.0992260887464533,1.431743450908158,1.6615348054978363,1.8594360508559862,2.1664992623636237,2.3942431483625133,2.6878477951955624,3.0192253906525655,3.527849378090776,3.944926906106605,4.305711033749581,4.691801079458881,4.945137327844962,1.09220794836557,1.5700612471316893,1.2932805412267108,1.2474977554473061,1.1637812924811226,1.460108408588842,1.2305831739329642,1.3750115438606587,1.6826404496346514,1.2569427819778107,1.6159442893494738,1.3172169070733881,1.530091750372538,1.5456548456980503,1.7638316408602233,1.2843588468256795,1.2841389834698156,1.4875974257292812,1.5723160157929599,1.7981608708101735,1.5636842294678517,1.7277848082334253,1.736115011549577,1.8209285110237259,1.8767757063296557,1.909855215186324,2.2803526708481003,2.163537102090321,2.0364382573176125,1.9670976970172804,1.9497571856442149,2.0501507393271003,2.250834355207821,2.4596762904972067,2.44566904806053,2.4365300811689723,2.439361322200757,2.459313839258416,2.523987451336751,2.5807295324046993,2.6361787920039546,2.569701582329572,2.5792260075184683,2.840561804978994,3.2165627344884875,3.2675379298855245,3.3012952184567808,3.463128387722089,3.629146167686505,3.7571229071270626,3.815254213971059,3.376936769985882,3.5958876922720617,3.7197096309856543,3.774073984706221,3.8377709008946916,3.935551435334428,4.082688156989357,4.4167138796091185,4.519076182478321,4.568113007641429,4.685404638445491,4.74158471090826,4.781174254392888,4.848255810591491,4.839690801456537,4.929957989703769,4.962725861434052,5.014452295236841,5.045964136840026,5.1443218871388865,5.158339686971027,5.1803178248554245,5.286398138408647,5.41749605196739,5.5388063175099855,5.728992253676973,5.324413598425813,5.378818073412859,5.438732465286771,5.476586856498571,5.474045028043518,5.522520474341657,5.551223738753553,5.5877752914233865,5.612474701907526,5.6435667427047935
0.48017082882183104,0.6656364777563492,0.9738620520208419,1.0404721582833392,0.3773598894194713,0.4303651709418103,0.2878923808036474,0.4640507123647597,0.1984957614077874,0.19664307962053687,0.4339043791546817,0.1241412726599471,0.25449060183132816,0.03408835235158437,0.33261780978747524,0.43706177341693286,0.0,0.36822198309903786,0.3632791647634971,0.16825580138862745,0.47686928637066256,0.2558155039090512,0.6492101667008379,0.8762352684190158,0.9662076413853937,0.9355991122968452,1.0049264547955659,1.0729165726793684,1.2005054582775327,1.1895169462371662,1.4607485685558197,1.810229259781823,1.835004924915606,1.916595268805117,1.936744260985712,1.961777167266583,2.00747092683655,2.039726879791669,2.0450858527274427,2.084592196637578,2.2279193214146664,2.205472899962818,2.2844030256277037,2.418957399165487,2.6104925308632847,2.7357078294515635,2.764038179280157,2.872071628723162,2.861215525180703,2.9030640998003414,3.0060333712998557,3.0905807969439913,3.1867662877070373,3.301218396730587,3.409310531665518,3.429881470551158,3.470243679897366,3.7490477079783404,3.4848423743902828,3.478674841226474,3.499258476968522,3.5301583811878836,3.8118662247463404,3.8213826239089483,3.8710606938229635,3.9337770782668806,3.9818801208915264,4.100615766410173,4.78185732298891,4.908183700518089,1.9018630960481062,1.8541655261500238,1.8831839069060226,1.614008472128059,1.4979318159146369,1.8187206432545522,1.7473517758392576,1.7960005612491579,1.7286265165245003,1.4366028484780238,1.8424118780107626,1.8539771204820903,1.5342230304697941,1.5163061764205081,1.8566873669618984,2.0948018353828846,2.293607018877071,2.6019654339937732,2.8304804080729484,3.124721539923684,3.456274924528652,3.964286832066422,4.380428281057201,4.740125470410411,5.123908575166911,5.376309220757212,1.4854939502047029,1.9822308627218335,1.6759682575077928,1.6208904244590119,1.527309924662779,1.8404035754959116,1.588814762574378,1.7353092182369436,2.064452525782513,1.596213299210774,1.9705909869281248,1.627308196674769,1.852337796247859,1.8625628434747654,2.101047980315398,1.681740031272462,1.692856765499343,1.9246516264123164,1.98700732617378,2.179562494450993,1.9866271191682319,2.1373849315210927,2.150855397535221,2.236436777573209,2.3137858144950236,2.3250892231780167,2.6389720164228643,2.552884835907734,2.4507133762480047,2.3898566941897497,2.375020152079856,2.481082532577904,2.667828257034158,2.877620472230401,2.8716529965519952,2.8699389489439064,2.8754533728390737,2.8963702977820405,2.9590173284663615,3.0131174508041565,3.0603621926053557,2.9797241551493316,2.951228043217327,3.259104553830052,3.6519537047636583,3.691137984949478,3.738335827365542,3.897391836414224,4.0585297298754925,4.173857857357329,4.211970102040393,3.7978071011826713,4.015631912417297,4.1446135810768565,4.206721675459116,4.257773801894587,4.355773328260192,4.5061641521176865,4.842530080699596,4.950825804653957,4.992693191526689,5.10845133198669,5.164518075470158,5.204021690337535,5.278117753501545,5.259448267214604,5.352396906593508,5.3837857502952,5.435696003466526,5.466671225730262,5.570455364630329,5.590162177794929,5.615040288581805,5.723431405909238,5.852508187897786,5.97057930111424,6.154262252443401,5.744599363003831,5.80036172120919,5.8622904049276805,5.897560408694738,5.897663727168947,5.943387490191626,5.971697861909254,6.009951358828583,6.035348523371628,6.066459375398666
0.44854068484215026,0.48562846446889285,0.6417328491524427,0.6757926293674026,0.5984813458512973,0.3622325147802363,0.5352034090530015,0.2859393076164483,0.45956476947963815,0.4073509309853278,0.20613458598782783,0.3972024165361162,0.19390540009589602,0.3803224404299658,0.5911851799555149,0.09483435075679734,0.36822198309903786,0.0,0.05390587290340596,0.28862437956616405,0.1440325142329708,0.33428289898500835,0.5083810620447741,0.5904227317198826,0.6347059280506918,0.6960553157741888,0.8112466384428514,0.8449915198190522,0.9253910952712384,0.9911176368829807,1.2157858959349164,1.5159032417471574,1.5377159295978822,1.6235426689572567,1.6374062380508176,1.6583810833870298,1.701343271437319,1.732538815293974,1.7333894843306585,1.7650440615046694,1.9181879150983931,1.8804860760923494,1.9642167034719515,2.0846548431479617,2.28109679868635,2.4019213031730553,2.419235411461595,2.542971235019881,2.5192068063631536,2.5615058084093176,2.661026054846631,2.7485774648447387,2.8428970414756414,2.958086388525131,3.0700000065416644,3.086333051664969,3.125521781930938,3.3935767529808163,3.1383160382028863,3.1277625780982925,3.148315835761163,3.1786362312872236,3.46637400477605,3.474362659474899,3.5189215196827224,3.577843115855974,3.627319068530312,3.747514251557972,4.4191913112909855,4.548292040625837,1.5637684299533137,1.5119506093270094,1.5342600136295843,1.2566935811860354,1.1383105157199163,1.458979524987712,1.3841436874915851,1.4297391980564276,1.3610839992433044,1.0685789986586636,1.474587144179481,1.4857589694277635,1.1673507952774906,1.15023921287008,1.4889086780173864,1.7270404101068546,1.926153552171566,2.235284090241028,2.4646455383300245,2.7603267672648553,3.093972077568794,3.6052436825539553,4.023997846811043,4.386101088141622,4.774192876072843,5.028156385039699,1.1289533323581156,1.6182733524458703,1.325264066596271,1.2750409735527615,1.18666897820648,1.491361553059786,1.2514890522688071,1.3972846153409169,1.715009313148916,1.2703789958201555,1.6365850888774942,1.3203673463619803,1.5383640458809102,1.5521199552667317,1.7781723186268117,1.377684868294902,1.37594963701259,1.562062417446702,1.662663108784883,1.8305184147242186,1.6192930999824602,1.8190548530442305,1.8263221293204643,1.9108962842546529,1.9523646090393323,1.9998313092066085,2.303729019212552,2.200008092959219,2.0862475535604337,2.0226831276449784,2.0072964665004633,2.1340368870248354,2.3401918082630946,2.548691427993688,2.531958127035967,2.518338435625059,2.5177721317761437,2.5340326698819267,2.591936931546159,2.645052759479507,2.692963539671059,2.6171665837784657,2.608341496461066,2.9292779640321482,3.2959231126130493,3.354512176176236,3.3749146424061007,3.52980895819998,3.6903510075148755,3.8088976311140117,3.8560700070041527,3.4648172673628075,3.684068257742124,3.806087008534583,3.8561801408553724,3.925828110070793,4.023524967424976,4.169548088379888,4.502604081708966,4.601748250855395,4.654485931115657,4.772335857392099,4.828549499868585,4.868164781043166,4.932096998609395,4.9276800314547735,5.017074218619489,5.05029733046126,5.1019589491257635,5.133638822277911,5.229990520128331,5.240889567759627,5.260267445743869,5.35973287917085,5.485236704761112,5.6023896222433,5.786785569847126,5.412222520565261,5.466190431200856,5.525398644076142,5.564135081689538,5.560685594773946,5.610098535601257,5.638922850476707,5.674917142465245,5.699372243486219,5.730454956598206
0.49669727217960497,0.5395016963493688,0.6785918023911612,0.6955048707849182,0.6253476731856248,0.4108925982312714,0.5569494477695509,0.3391553095672029,0.47661802383476193,0.4282488572498646,0.2598360946974191,0.4088484298106265,0.22653478975384136,0.37984315081078673,0.6127607074909975,0.14334813554777842,0.3632791647634971,0.05390587290340596,0.0,0.2608352032985988,0.11827843102128012,0.2938036041409992,0.4561770008238526,0.5574313655254481,0.6157891488057783,0.6552444573331159,0.7653739913974983,0.8034687228129475,0.8922221438941463,0.9466175774083403,1.178261437228114,1.4884643283125054,1.5110067113749206,1.5959720393543566,1.611330032255998,1.6333315261773689,1.6770406986043525,1.7085465833228566,1.7105990183273148,1.7445237819594928,1.8950511808048953,1.8617397552166002,1.9440575232124961,2.0691984024848966,2.26403916021712,2.3864319609184297,2.4080796325256295,2.52593528593654,2.506897845741742,2.549025750680502,2.6500273413924575,2.7363323298601303,2.8314526750737468,2.946358143756952,3.056765092377852,3.0748061890520266,3.1145013235805328,3.3879372734555875,3.128090698732556,3.1196189407213684,3.1401904444117212,3.170809968259448,3.455744802653661,3.464412529100574,3.5114548519796447,3.572492750751202,3.6211756265185517,3.740578107088288,4.41865869832359,4.545567160776304,1.5955520805060555,1.5424069343994284,1.562047974993468,1.2806891506553366,1.1610428562549837,1.4810732992471594,1.4035835888404897,1.4456049457851696,1.374558053274652,1.0767343132632883,1.4871227346556621,1.4958290332077395,1.1721838477096134,1.1536895365673414,1.4957979655971212,1.739605999919861,1.9394422507850584,2.2499406520590437,2.480451605966916,2.7776850041051184,3.1131146244559385,3.6265673494506556,4.046767212462871,4.410053551788405,4.800046983180747,5.054617251674416,1.1234794566429218,1.6189712180691274,1.316439560943575,1.2637377717930889,1.172931601044602,1.4817846236100984,1.2364729229111262,1.3827185836115299,1.7057567312002482,1.2512222291117094,1.6207124980186824,1.2957117227093145,1.5159731918146027,1.5287706237219953,1.7586766202784787,1.4181414997585284,1.4137762632959026,1.5818382145777654,1.698224659301605,1.821118874423423,1.6249221182116125,1.8558491736083857,1.8616190194336697,1.945839048399848,1.9727362195224274,2.0347513026518818,2.2887221311393344,2.192722979736655,2.0874826838811193,2.0278620392377147,2.0138428584262966,2.1619521600755287,2.3741962688606897,2.5822064538411102,2.56227101198083,2.5440414087602474,2.540311040433449,2.553347599929703,2.6057549426686686,2.6560887855954767,2.6985417053744905,2.6165089465547595,2.5964228436429995,2.962337272808739,3.3190945875244666,3.3854191719964977,3.3930310712834193,3.5423273294609565,3.698734715905089,3.8106558246802615,3.8507192342012573,3.4967693486651736,3.716353282924951,3.8362511477010317,3.881863051096187,3.9579351330918944,4.055520301331831,4.200217991614886,4.532147776841796,4.627899807879999,4.684555332577407,4.80303263266992,4.8592806345534365,4.898922642734953,4.959408763426545,4.95961644716045,5.04796705752751,5.081723595725723,5.133304723794762,5.165182515586216,5.259229840641121,5.26686005624888,5.283712601063264,5.377300630493044,5.498261026534237,5.612222030816809,5.792383150098471,5.443909822953223,5.497354244678847,5.5557382712215295,5.595501575597182,5.5909937850378,5.641497967487402,5.6704653461103245,5.705798244409132,5.729967950866256,5.761038138753818
0.5642774227129356,0.7007909284483078,0.9293830894248241,0.9561522629372148,0.535627294119049,0.4953090002893708,0.4484381488076758,0.4865600308201452,0.35725115517216627,0.33865301235202633,0.4307325456066955,0.2781686272973189,0.2774183738327418,0.20022411938954393,0.4967215672446412,0.3782079839727044,0.16825580138862745,0.28862437956616405,0.2608352032985988,0.0,0.35590566688538217,0.09817074489786579,0.4810821718304773,0.7189028610833244,0.8229004148501277,0.7700060197679348,0.8366822341589569,0.905711018462947,1.0380493227921526,1.0212616733704556,1.2938211408481592,1.6492790448538037,1.6746464392011642,1.755152489953136,1.7766316925345151,1.8025915080627104,1.848893713842581,1.8813672380241007,1.8879854457152316,1.9299197728708124,2.0699153869828275,2.0525495894734664,2.129569631100223,2.269674809920814,2.4586964536610023,2.585713219162195,2.6200902772292642,2.7198271588965004,2.71541228300298,2.7569454920585743,2.8619236815107687,2.944517116459436,3.0417417261058306,3.1556303977209184,3.261425328499357,3.2844383281938834,3.3255073572969844,3.6126101290242145,3.3412896007567006,3.338377590338436,3.3589686929978817,3.390316577677844,3.6673784119360535,3.677920778708027,3.7314851709564967,3.797678934458409,3.8444026889771203,3.9617293882806544,4.65393361993368,4.7761270137328,1.852386811062068,1.8004003884672326,1.8217384932734804,1.54145628085022,1.421877885014983,1.7418792668086485,1.6639060975178428,1.7043203883000915,1.6317071663054357,1.3294525208196768,1.7434024951169174,1.7497704573719637,1.4205731300351934,1.400223565707019,1.7460717676124404,1.9956935820042845,2.1960212070537417,2.5074714451056734,2.7387330927113527,3.0368575312964077,3.373099915977801,3.8871912958787527,4.307581481691576,4.670874605396701,5.0605735977372985,5.314967480181311,1.3546237256782656,1.859658045591381,1.538846524337122,1.480413414071409,1.3839922116366485,1.701373534700528,1.4433546568082454,1.5896308191800328,1.9250717365173813,1.4453629305102966,1.822118068509802,1.4699574544796228,1.6963823309686359,1.705514219163842,1.9475354043947757,1.6609458890251976,1.6622315919501012,1.8422196841375906,1.9504087451039174,2.0395991255194965,1.8732903210314165,2.10598286294215,2.114167963085353,2.1988923010190424,2.233223326402899,2.287825175084272,2.4898092022949503,2.4153186611815856,2.3281388795321214,2.2749803790199703,2.262913087491725,2.421628014161339,2.6284957297892038,2.8371191537249074,2.8204208941734557,2.8045670334991297,2.8011225002384674,2.813447029920017,2.8624995054903732,2.9101609988583648,2.945602593098618,2.8528894857308282,2.805845686009367,3.217790254857577,3.579928287076001,3.6430848634973563,3.6525330472194666,3.7976463608989026,3.9492540695391063,4.05066560504304,4.075669385947363,3.7534389997356676,3.9726715487064106,4.094540097357467,4.1424223724129385,4.2144421304582,4.312143960763552,4.45809588831307,4.790906857280322,4.888342140901682,4.942926346337766,5.060891084900107,5.117109694583585,5.156728691821632,5.219435528596425,5.216299587147041,5.305655011780781,5.33891730765603,5.390575692204918,5.422262039513946,5.51820485775517,5.527359704054814,5.544547753073315,5.636391088232814,5.7538077036436786,5.864215626749852,6.038362339907641,5.700846850711985,5.754797163109728,5.813899829923232,5.852753398704947,5.849181072004075,5.898718199312161,5.927546327671212,5.9634988412036805,5.987917013028275,6.018997963595554
0.5836038610120733,0.5827035109971856,0.6325277468784224,0.6113437251085124,0.7404567354231644,0.4970801018501122,0.6740828823953069,0.4051849003581122,0.5946685523901095,0.5454828006089365,0.32333482501403804,0.5271003447419349,0.3372621037449027,0.4954300540676948,0.7299867297288515,0.18086739489206086,0.47686928637066256,0.1440325142329708,0.11827843102128012,0.35590566688538217,0.0,0.36330644445930094,0.4044580662365516,0.4464437962833861,0.4975198776803667,0.5561114687784734,0.678592830038633,0.7054522829136126,0.7813763455783705,0.8553428779157339,1.072822455399266,1.3730552282564739,1.3951899826452459,1.4806522601914458,1.4951967409474685,1.5167226874193758,1.560128928493505,1.591519840432894,1.5931684089518647,1.6265524402353149,1.7777430370382739,1.743538493735805,1.8260351306036344,1.9509702958827724,2.145761734300899,2.26819569906664,2.29054150485956,2.407658257546952,2.389086308993272,2.4311775763784884,2.5325127725888303,2.6185225487740844,2.7138162740384235,2.828650341841882,2.9387640724875093,2.9571390453804436,2.9969558716216365,3.272344637534088,3.0107603836488437,3.0029809370339686,3.0235577658912036,3.0542894200059223,3.3382870781747944,3.347146342312805,3.395052221812822,3.457023599956105,3.505330241714542,3.6243786616007667,4.305909414946069,4.431432041659223,1.529877820197921,1.4739160311923039,1.4878752538315447,1.2001101487304027,1.0786710851529495,1.3964873338010688,1.3148093465100545,1.3513327262781145,1.277153413231057,0.9735584225228392,1.3882686637251664,1.3939431841462528,1.065244923668698,1.0454632839168785,1.3903981439855957,1.640400961124333,1.8409204694058947,2.1529117437386662,2.384798537788763,2.6840178274262243,3.021893089576734,3.5385212439030744,3.96094679289115,4.326142459174516,4.719431636470671,4.975066431248263,1.008640309830676,1.5078228362001422,1.1998699570464268,1.1463395832856862,1.0549860032027019,1.364872032859244,1.1183284162264702,1.2646135506877811,1.588899652670642,1.1330311442224175,1.502469768075817,1.1788930816609409,1.3984085610866213,1.411499616536674,1.6405511185656025,1.3761040127324091,1.3640033737417254,1.4931750362574956,1.6414259209919344,1.7041851761866662,1.5180965249199958,1.8019024849632161,1.8037450699597442,1.8868922042701155,1.8843665679571642,1.975577389925155,2.170523869158463,2.0765377346520397,1.9764736275932682,1.9202733941176025,1.9075872984480924,2.08686886143771,2.312241189284664,2.5188282717589376,2.4916793901564027,2.4642478426325773,2.454901565069424,2.46273353485943,2.5073835825571824,2.5542929383126975,2.591006318321652,2.5039332610025307,2.478689714453067,2.897526790336468,3.2342512326300743,3.3154662605973515,3.3001596943806697,3.441949177653317,3.593683067785014,3.699619883095858,3.735228971697965,3.429059784594951,3.649277523172676,3.764472947296271,3.801223053113628,3.8903431671228037,3.9876353599444254,4.1293672234506635,4.458809082578607,4.547880370507841,4.612265822499191,4.732040098499694,4.7883457438862065,4.828034029763799,4.881496754786867,4.8912908831462945,4.977328665800086,5.012236413821409,5.063627867708863,5.095931868396125,5.185068616751235,5.186350530707029,5.198721424911118,5.283146154162774,5.398125729858011,5.508417689476422,5.684361138818661,5.374908751769583,5.427193929500625,5.483798526541476,5.525761573058378,5.51898012777497,5.571820206065376,5.601095320799609,5.634982280855625,5.658535864403227,5.68957313794398
0.6580575262939298,0.7810194158696048,0.9723879994587322,0.9744546986171005,0.6300979605062084,0.5861818367863247,0.5418117217417445,0.5665492945702403,0.4510043340335358,0.43567953830227457,0.5037196263456769,0.37263552213924234,0.36534090938423563,0.28945038832825093,0.5881858385998734,0.4287186434248117,0.2558155039090512,0.33428289898500835,0.2938036041409992,0.09817074489786579,0.36330644445930094,0.0,0.40021960017044084,0.6700286062652706,0.791735283234835,0.7039280693069389,0.7577188243164348,0.8336759821375035,0.9777323323129743,0.9409740627979684,1.2218197316347361,1.5899495738558322,1.6162614632819672,1.6947948169620641,1.7184708964957158,1.7458612273704328,1.7930227293007677,1.8257728310835368,1.8342325517527298,1.8794638665756214,2.014577485463894,2.0041782624578652,2.07859085609151,2.2254374419752843,2.411196016764395,2.540248781409828,2.5813859689714564,2.671508920911175,2.6745889538217686,2.715731915431308,2.8227891783237724,2.903186679611374,3.001460427900599,3.11464548883697,3.2178173563303445,3.2435146421419887,3.2853168409233926,3.5806436880227195,3.3023468054000595,3.302797533395942,3.323380730024606,3.355156828686702,3.6272333623152595,3.6388544269882663,3.6963634611974947,3.7659194469524486,3.8112817267317234,3.9271594971694643,4.629242029280804,4.747665566230738,1.8866957024674074,1.8323988846396777,1.8490785097921567,1.5630204502792155,1.441806010270186,1.7597937595634723,1.6777256578204518,1.7122552616912519,1.6361587223735885,1.327690490152263,1.7458686307081965,1.7482986326996002,1.413059786180551,1.3907995593524307,1.7396042181436795,1.997266157117805,2.1981943638118957,2.5112368278892254,2.7440642619564453,3.0444837465831167,3.3835421179309844,3.9012099814639614,4.324056828026701,4.6894255216488085,5.082619461984703,5.338123516601583,1.3322472234972595,1.842863968693295,1.5095139977992762,1.44783292175279,1.3487335038056032,1.6695484292237377,1.4054530137822714,1.550978704848096,1.8922966102699441,1.4010244397704181,1.7796268207285277,1.4167269346463338,1.6446153731330821,1.6521707129265606,1.8985788706735645,1.7113374028599277,1.7075798117573708,1.8560500991056303,1.9916012859912549,2.0059755777968284,1.8642128469112906,2.149547101770284,2.154871658318573,2.238925625311707,2.247198632530436,2.327814097422617,2.4454301206381577,2.383457485564105,2.3102459538818603,2.2636439364108303,2.253837711489963,2.4485899790216386,2.666709990368848,2.8743672084564658,2.851579377381848,2.8272419894285576,2.818124169643651,2.8247534739916302,2.8642381950057985,2.907088533381908,2.9332952777797594,2.8304826719853815,2.7653913238457886,3.254108015610812,3.5974924205204486,3.6751536521762054,3.660924420877898,3.796048846016397,3.940355303009227,4.030396733191274,4.043556170088931,3.787523266139286,4.0073831140608815,4.1250837992821054,4.164395526308275,4.248776247139483,4.346246928012464,4.489569004197408,4.8201267973081805,4.910994806036766,4.973155573799792,5.092344061737948,5.148624804521762,5.188292714196957,5.244248881080454,5.250207447146177,5.33747257389389,5.371795090527288,5.423288548187867,5.455368206617634,5.546730807452148,5.549533844853912,5.561908063988755,5.6428010754376094,5.75195114990944,5.856636122869522,6.023288764262306,5.7342216189827635,5.787118167075198,5.844571410823371,5.885473754528348,5.8797870381478035,5.931501620633739,5.960615454465597,5.995238657707096,6.019084558495475,6.050138084380286
0.9492447253570541,0.9846293528203404,0.9869521509108076,0.8849580617402047,1.0092352605792492,0.8646571340907547,0.9250552022950866,0.7939477185022509,0.8341202804651354,0.8062577643125396,0.7130679876832342,0.7549028257317342,0.6595327659998375,0.6812802289796314,0.975538212738915,0.578418842698824,0.6492101667008379,0.5083810620447741,0.4561770008238526,0.4810821718304773,0.4044580662365516,0.40021960017044084,0.0,0.3528891342366583,0.5267450409709604,0.32409586515903,0.3575076930745428,0.43867179312388954,0.6031252694997095,0.5410032372206304,0.8248756729515774,1.209935827532781,1.2378713661129692,1.3123313535438865,1.3398934085670233,1.3698810758546252,1.4184636953100642,1.4515759434013449,1.4637490929807615,1.5158172306809552,1.6399262675083235,1.6443919995989327,1.712566088366668,1.8739228491629505,2.051148956323361,2.1842258336136653,2.2414561237398547,2.30866128947335,2.32893117074545,2.3689418574398453,2.480619349965198,2.5553562400570407,2.655783882320746,2.7669001966431495,2.863689161148824,2.895515113209447,2.9389306121124865,3.2539456536813636,2.9589052820160457,2.967691235876557,2.9881848081484206,3.02094149712333,3.28004891377138,3.2941958429361446,3.36122269527175,3.4392065398460683,3.480916105404638,3.5928193806574384,4.319390495226557,4.427358800382401,1.8141550653206158,1.751528122514272,1.7480934646040622,1.4478931492118108,1.3252874691084722,1.622918570607162,1.5271732601754702,1.53760872223451,1.450611107308302,1.1311692637242423,1.5494369758918451,1.5371763356034434,1.1910179371184932,1.1626718754895289,1.5105725962174608,1.7913886909268755,1.9907265212847973,2.304925153929557,2.5406942092395384,2.8465512316424135,3.193255287634722,3.720960764978368,4.150945574357374,4.52267875504729,4.927956299992807,5.186978078220677,1.0604077346672633,1.5756996630881177,1.2090291738771597,1.1387116921366192,1.0339879666800118,1.3578983630007595,1.081163289300651,1.2214343900552103,1.5743398249045912,1.0583643808050012,1.4362494648712747,1.0511385532109339,1.2799186061295076,1.2838903370905252,1.5381947980384383,1.7159994714214688,1.6892563012401824,1.7001789098724451,1.946384357115448,1.6841903923480182,1.6229731270462202,2.1112980476730594,2.1037236918156226,2.1830899678936433,2.083302582653742,2.270101350734374,2.0923592041942665,2.063049141448919,2.03240306717514,2.0078310168089835,2.0057985593797736,2.333201840681936,2.5958360416108985,2.7966386342470164,2.7481184515453982,2.6892685118887396,2.657865046227094,2.642639960133589,2.646717142503239,2.6723474560315075,2.6675475435967706,2.5341040449322096,2.4202278328186395,3.1684149163349997,3.432593618302354,3.568017541939247,3.461268244455999,3.560478704937896,3.6799547164711877,3.734724941990668,3.715195397924806,3.68812131849691,3.909266044266938,4.0087932516321745,4.01329917994781,4.147708114755083,4.2436992525915205,4.375295001163922,4.695133116542958,4.759317127337375,4.851716310750425,4.975526118720243,5.031864959146026,5.07159771840816,5.099951532996251,5.143099964169355,5.221329333962307,5.259959923574888,5.310598946690932,5.344222461954472,5.416410637439934,5.393914176102618,5.387764281154897,5.428508172513222,5.509197512536381,5.595134091210926,5.7384916851969665,5.623368617773727,5.67171527403488,5.722183974351532,5.7714664950533745,5.757035169561507,5.817634862081376,5.8478653936372496,5.876866012863923,5.898284145432231,5.929145824470709
1.0203109763093496,0.967146950918511,0.803135593056479,0.6295562677577856,1.1822238722798144,0.9347906028102276,1.1107748729381062,0.8296925928867205,1.0263562578974048,0.9824240620085929,0.7513476292962967,0.9528197608499273,0.7826516124453875,0.9022568704151057,1.166053407473941,0.610262784943906,0.8762352684190158,0.5904227317198826,0.5574313655254481,0.7189028610833244,0.4464437962833861,0.6700286062652706,0.3528891342366583,0.0,0.18624839175842842,0.1607374388796573,0.32202479321164823,0.2926195590360557,0.3350386808072098,0.45814297738190585,0.6300707027097171,0.9356884335913394,0.9596931378635587,1.0426830509723102,1.0611290907248634,1.0856365802034562,1.1312356612298644,1.1635030913286366,1.1693131114146174,1.2112381297533226,1.3517725287645537,1.3347791181135535,1.410798432450239,1.5554647444453502,1.7415485104838853,1.870235457988813,1.9136240322853328,2.002196069183331,2.0055232626574404,2.046478751998941,2.1545880846779744,2.233833646361898,2.332540939739183,2.4453788930020575,2.5478496311092513,2.5742443163356494,2.616359432733721,2.9186601367634757,2.6340581734874036,2.6371001002754255,2.6576618908623764,2.6898233283962583,2.9582191721824196,2.970389651196729,3.030852636699861,3.104029396181806,3.147755110087483,3.262052235015254,3.977153691575164,4.089453801145717,1.52359631006246,1.4575501951277636,1.4432882170259504,1.142256786953259,1.0225872628695696,1.3026522824685276,1.2023478158654113,1.2028119470038134,1.1129583954130136,0.7947752777031603,1.207200668740377,1.1910292440123442,0.8450389874246279,0.8154096977485612,1.1607842816762146,1.445080148990555,1.6432685607350002,1.9568186717789693,2.192650931989387,2.4990125400634167,2.846722720841677,3.375892350615254,3.807024529477045,4.179908991751452,4.587909843832091,4.847655425560364,0.7075244851972534,1.2228965815494512,0.8600419609292245,0.7920870509835637,0.689023442944391,1.0130536660049634,0.7410907826912042,0.8849919346852916,1.2327544663885281,0.7312808516448212,1.1102847192282166,0.7513356376703877,0.9774803616864834,0.9867993523958022,1.2294266652281112,1.477248341410129,1.4355702585832215,1.370634424748204,1.6691875397464981,1.3446680822117614,1.271144768859444,1.8352987158556051,1.8202565677284461,1.895761948738176,1.747423205903372,1.980557689314445,1.7754268685074577,1.7235255020973141,1.6808191661503078,1.6549423370465057,1.6530787686179647,2.014351893011391,2.295876551120716,2.491711707308893,2.431599153699831,2.3591880179542324,2.320382847567531,2.2990583370351727,2.2962043603953117,2.3200315662991553,2.3151850831673526,2.1865616917949513,2.096469256925086,2.8575571787054854,3.091745802415236,3.2463713925426907,3.1126492080502466,3.2078415097612707,3.3275031930230297,3.3878061966941324,3.381028876573975,3.3692464799351614,3.5902664559382247,3.6824288017185984,3.6753519171775526,3.826896177437068,3.9220768167230635,4.048919975737755,4.364424114902086,4.420254457826947,4.522003772300839,4.647259429612783,4.703541621124143,4.743243957110925,4.762648473795041,4.818129074870371,4.8929767860020545,4.933096676305089,4.9833637686368055,5.01750177163598,5.083068648513159,5.05322513270117,5.0426600152635634,5.07702293616562,5.156309722532944,5.243035866653508,5.389661607538248,5.296423282373639,5.343104364479902,5.391134521891416,5.443240812985682,5.425830726319755,5.489411433277859,5.520004848461843,5.547024103715502,5.567600235337217,5.598369342490221
1.0231584537262335,0.9257295562905441,0.6787652576429359,0.47308822887640056,1.2320880461955328,0.9417226478593056,1.1697869745247116,0.8255038704242237,1.091952576630863,1.041598460046414,0.7549695159285508,1.024485099826847,0.8270516023729737,0.9879603448193433,1.2257688314004154,0.6262697054130711,0.9662076413853937,0.6347059280506918,0.6157891488057783,0.8229004148501277,0.4975198776803667,0.791735283234835,0.5267450409709604,0.18624839175842842,0.0,0.32561403834316105,0.4827793347995487,0.4197316009468565,0.3642156711465924,0.5816655385670917,0.6723161388929568,0.893500044856208,0.9127977500792364,1.0008698981668431,1.0102192444098956,1.0287076777727235,1.070138527494993,1.1007667431918344,1.1000373015219234,1.130356269133513,1.2850602555191024,1.2462105630357343,1.3295139128031928,1.4540933723665794,1.6482717722370492,1.7712175347673544,1.7982651910130092,1.9101629806321758,1.8950173813323172,1.9368564754040616,2.0402248726998677,2.1243751616597217,2.220697131203172,2.3350557155781964,2.4433406112828244,2.463744926314629,2.5042663989747536,2.7903865546008255,2.5193172127990984,2.515487871226908,2.5360789596921913,2.567416229900571,2.8459865946135494,2.855926847434675,2.908586881469377,2.975556645968394,3.0218040362867904,3.1388683728888553,3.8377132311020445,3.9561103354541705,1.3421893532737765,1.275465796034506,1.2589752732761952,0.9583093859626642,0.8396445520018763,1.1165370674589277,1.0161006327289677,1.017396753360516,0.9281650906412556,0.6093833802280859,1.0242109503240355,1.0105461767841997,0.6643347596101985,0.6359422954610511,0.984439286217166,1.2647695733990183,1.463988222774521,1.778183942475732,2.0139495547209356,2.3198276849699693,2.6666957266528426,3.194855036626996,3.6253261624334416,3.99763173946827,4.404506122747806,4.664009388666718,0.5453474567596448,1.0609103892351701,0.7178286535485774,0.6576139876688027,0.5615179188422957,0.8788806878801438,0.6226344463535209,0.7691270266493835,1.102347426922519,0.6358236450097958,1.0055259741733285,0.691111304182454,0.90478619127507,0.9196833482752036,1.1435688798969998,1.312996897123578,1.2659810327825027,1.1845832897401323,1.4909711800870153,1.2167418151430647,1.0991385829589295,1.6570148921289276,1.6400207593801805,1.7144588369240967,1.5624521056503913,1.7986334446032384,1.6738647570565444,1.5929936029616454,1.5248020879802537,1.4894739119135114,1.4847931194537538,1.8281774970062554,2.1116644233844966,2.306678330299999,2.245488584174666,2.17336724312452,2.1359513858327595,2.1170517012434233,2.1206975768398073,2.1490087399511943,2.154635093812435,2.040196956380012,1.9850777306772338,2.671788114106239,2.90854915453249,3.0601269768066657,2.93454063968071,3.038119478875983,3.165740661784198,3.2409870749253646,3.2534198509968584,3.183013377006437,3.404028423600158,3.4963712062137358,3.491206842239057,3.6406490861438714,3.7358379365094536,3.8628760783786045,4.178827116423179,4.236502145840549,4.336287496625099,4.4613920020886955,4.517681496421305,4.557388058160708,4.578381477762242,4.632017980262453,4.707125262152156,4.747114105931454,4.797412677066458,4.831510132707617,4.897916166220543,4.8700817218774,4.861702433910618,4.9031436050295865,4.989680924658747,5.082374772210329,5.237962294956025,5.110455729551924,5.157291288789074,5.205621001880742,5.257391244691299,5.240340411122109,5.303562730413002,5.334121991947356,5.36135544525404,5.382040935861877,5.412823540357909
1.1394724231090938,1.1078174743865061,0.9637553839759966,0.787191252655325,1.268702236655598,1.0530183633067092,1.1913821178546578,0.9556777131923045,1.1032704697783022,1.0652982948095662,0.875030105377849,1.026331793003291,0.881190412545624,0.9648314993092147,1.2452254720909877,0.731625048844281,0.9355991122968452,0.6960553157741888,0.6552444573331159,0.7700060197679348,0.5561114687784734,0.7039280693069389,0.32409586515903,0.1607374388796573,0.32561403834316105,0.0,0.16163528089337265,0.14940218891179816,0.2791162895559033,0.3070031837851641,0.5275644041809724,0.8885535156011718,0.9158529149278835,0.9922774193423963,1.018040314991516,1.047192731077096,1.0954406857859489,1.1284909911986056,1.1400136444719613,1.1917258785023446,1.3170656843089668,1.320429612619088,1.388527875262407,1.550759827121495,1.7270931690916766,1.8603810471073197,1.9202276524915673,1.9845760643036188,2.006418749194396,2.0462023296158285,2.158673872173581,2.2323478858546237,2.333073150074323,2.4438155061534714,2.5398560211574117,2.5723485527038736,2.6159845151669807,2.9351658582131304,2.636436347624805,2.646952651136509,2.6674104137054764,2.7003782490061745,2.956882437953763,2.971397093929146,3.04023265243535,3.120280251388764,3.1610002448770866,3.271893589765798,4.004979714227304,4.109632871499079,1.6669026097633977,1.599784428847177,1.5807632475686677,1.2810161481850844,1.16362066872404,1.4318883321329383,1.3289223434112958,1.3204098014481396,1.2280627223792269,0.9149044345601589,1.3154627338571836,1.292727052638215,0.9506078210068767,0.9187456625897811,1.2538996311298989,1.5448421024199668,1.7396688783688774,2.050608930405,2.2859534933709567,2.59281601065115,2.9420757622409512,3.473353201103063,3.9060390258203754,4.28046073117797,4.692076153313043,4.952617784015999,0.7866268959809999,1.2920188008018518,0.9108858270025437,0.836606146717998,0.7305713082469646,1.0511477640497084,0.7712480426772413,0.907214461548841,1.26267282427955,0.7398894247256771,1.1156218755444254,0.7270791026565192,0.9558320675847926,0.9598721636982674,1.214229695470237,1.6335703623760771,1.5894424246406398,1.4922319931226424,1.8165580003606558,1.3702646755224912,1.3553939675972562,1.9825881579394735,1.9651789910493203,2.0391174692715546,1.8609746209068792,2.122871712027718,1.7688482388982834,1.7482158960482643,1.7375630646076803,1.7257208024002149,1.7283937822502216,2.141651448179375,2.4330985385276884,2.62614362707043,2.559475180913298,2.4768281593160313,2.4304240769919367,2.4007419073587757,2.38227156984544,2.3974245351243955,2.3754576733649158,2.2276737592723923,2.097743350400838,2.9881890576463115,3.1961570561390706,3.369497862051339,3.2029486059682397,3.2810724378990894,3.387271773386045,3.4260931571860787,3.3956539988269148,3.4942026316353414,3.7149147711750645,3.801435403631652,3.7828710490205038,3.9500557916914434,4.04456866682141,4.167609360289815,4.479073441942926,4.525805599366645,4.63747058367763,4.763937667483075,4.820137432572232,4.859790369279964,4.870143447020113,4.937460487195305,5.009441479813689,5.050816411618896,5.1007433697031255,5.135297271922573,5.194728926781364,5.156265420748418,5.138829906514818,5.156475425420914,5.222199165246474,5.2990869576102675,5.432334428757269,5.413895323931094,5.45912029657523,5.504901041636038,5.5595500129325774,5.539434679736397,5.6057026066812,5.6365978560665475,5.661846210779679,5.681634742002138,5.712304166324788
1.259521883583913,1.2475943281884716,1.1242602454267985,0.9483671504343554,1.3575329032638388,1.1730372509780937,1.2756906704072066,1.0834955307645036,1.1854262262278823,1.1534880743615634,1.0017853352708763,1.1066674873039948,0.9864200275635695,1.036423245092705,1.3275239986172886,0.8586184299222859,1.0049264547955659,0.8112466384428514,0.7653739913974983,0.8366822341589569,0.678592830038633,0.7577188243164348,0.3575076930745428,0.32202479321164823,0.4827793347995487,0.16163528089337265,0.0,0.11719847747188294,0.32225448100154513,0.1851392412156296,0.47407894778792276,0.8840172372093873,0.9140128585358175,0.9812237113154186,1.014225957229634,1.0476088807499635,1.0975682348718447,1.1307557254618952,1.147978228390086,1.20869966277607,1.3164075533171027,1.3405126797743891,1.3996776430573132,1.5775695832423302,1.7425275201903303,1.8793620572973535,1.9549993730302564,1.9948912471282576,2.035051289173934,2.073437842312585,2.1895527565390873,2.257359005353413,2.3595865459971135,2.4677652736000097,2.5570141409182585,2.595448599467528,2.6404257294708917,2.9751033038476855,2.663521661706657,2.681333444084083,2.7016173955813794,2.7352584069663597,2.9792475976779085,2.9960432492609557,3.0729302160001692,3.1594728823895117,3.197163451842406,3.3044597715780544,4.053657285010513,4.150748692597895,1.8193388696830117,1.7515809326640606,1.7293139921187202,1.4310742759256003,1.315450048938686,1.5749560028868894,1.47043430082928,1.4554449204047584,1.361756669739416,1.0543461220599817,1.4435363118698907,1.415921729950977,1.0796660261155047,1.046589534268094,1.3707076987814848,1.6650214172891924,1.8562117202555357,2.1638143734587296,2.398046756799407,2.7046078714045576,3.0545611170169575,3.5869504270885844,4.020560379364012,4.396030919518456,4.8105541547951844,5.071653719616593,0.8991723039734295,1.3890090340189718,0.998476335786526,0.9207938724196476,0.8156104365728178,1.1250003395847314,0.8453624150080506,0.970270892209353,1.3258159466157868,0.7962499511209017,1.1583533439790854,0.7526776138816934,0.9758783477271313,0.974449929233875,1.2351417300955978,1.793959106486628,1.7485615790094482,1.6295217064917251,1.9715643600871868,1.4280513607841625,1.4642863934804418,2.1374272045135485,2.1184283672171413,2.191222805016731,1.9909141190870114,2.2741749811577017,1.7917964488623541,1.8015211410308607,1.8202341257498946,1.8207575166245253,1.8273173649515284,2.2817567262851512,2.580427826074863,2.7711995214187697,2.699495409527828,2.6087721718651875,2.556228316655446,2.51964424007807,2.487892300248893,2.4954301104230465,2.4582608881363246,2.2935112671472395,2.1262015446931675,3.130005026470323,3.3160884680161242,3.504979986901431,3.3106225212470872,3.3733996911720667,3.4671175469298876,3.485763902442634,3.4326210558848493,3.6310993210554536,3.851423564955618,3.9332024666621304,3.9048872866311712,4.085201955295248,4.17910897255147,4.2988934352474315,4.606757176561583,4.6455931819526715,4.76577602193879,4.893222186779832,4.9493270787348,4.98892084441698,4.9914390493262415,5.06893755822157,5.138440464615432,5.180874561745239,5.230491330688557,5.265388574010816,5.319504748136473,5.273507623617879,5.249979921509369,5.252498165176147,5.305658843120553,5.373279258295681,5.493733683688976,5.543611212847214,5.587567441076775,5.631386982587921,5.688216598526301,5.665767513476009,5.734338676872016,5.765484493878467,5.789193917150031,5.808293064847983,5.838865913346489
1.2888664233176816,1.2544007797735246,1.0871779054559403,0.8927142644486027,1.413166588145834,1.2024055585691118,1.3344360041135688,1.1048474974747913,1.2455205918075298,1.2093228568775352,1.024308336515755,1.167851205298678,1.0289454294504823,1.103097201128816,1.3877241636522049,0.8809459180422108,1.0729165726793684,0.8449915198190522,0.8034687228129475,0.905711018462947,0.7054522829136126,0.8336759821375035,0.43867179312388954,0.2926195590360557,0.4197316009468565,0.14940218891179816,0.11719847747188294,0.0,0.20521866139505093,0.16628874154347903,0.3883250922497294,0.7783653805062403,0.8075770934466977,0.8782053061755045,0.9087540002172467,0.9408479591497608,0.9903942796758433,1.0236142574484786,1.0391839818259536,1.0976447246522942,1.2105470785969887,1.2289123286043557,1.2904104768003708,1.4647491666209707,1.632481896097626,1.7685293055087365,1.8409118623114853,1.8864161412678404,1.9221574300041637,1.9608502597200181,2.0762847992151965,2.145333825708123,2.2472771763885846,2.3560613310198524,2.4469806716609654,2.4839839438108373,2.528670662949398,2.8604647556912286,2.551194431324259,2.5675713969005445,2.5878921793693754,2.621420080418438,2.8680685557171395,2.8843430299556463,2.95957207482424,3.0449860648839824,3.0831944716465354,3.1911714346603746,3.9379309685616266,4.036081222878416,1.7367383953796656,1.6681596115459971,1.6416642871516418,1.3460322686444504,1.2332377972472293,1.481856612729509,1.3761816363007322,1.3561870228222197,1.2618287872525464,0.9598567484943977,1.3399993981822667,1.309943324125235,0.9778085874197241,0.944176082771951,1.262059374461479,1.557263516117851,1.746778697081404,2.05295890262732,2.286697748969233,2.5930284553396468,2.943075249510194,3.475676065985281,3.909498183979624,4.285255669328409,4.700751515582279,4.962026532899862,0.7903598184548887,1.2746097247972015,0.8829934708703043,0.8049707295984314,0.700144557045191,1.0080234013946312,0.7286211707024309,0.85307283846729,1.208651987783885,0.6791058786137666,1.0425377658582289,0.6386717545013827,0.8636450976577276,0.8634988270940964,1.1232049897455976,1.730499288553755,1.6802560537387772,1.531505197139007,1.8930084857904566,1.311100671618495,1.3527448608827444,2.0583253626266673,2.036631321982929,2.107573054603501,1.8875673454881308,2.189275359221893,1.6799728722559903,1.6849815062190907,1.703590381963963,1.7056629823972749,1.71293969191763,2.185029027316202,2.4902833179085735,2.678516871975274,2.6023564549083162,2.5060731768231364,2.4502242440524484,2.4106273081473453,2.374687852780024,2.3805878626399,2.3415064711591596,2.1763661674532724,2.013386848582462,3.03410597196853,3.2071528802048888,3.4040918623711485,3.19769608260467,3.257500426620322,3.3501072745515654,3.368968794469244,3.3185506619225076,3.5311424069199515,3.7511213366281377,3.8298399240215066,3.796651199986959,3.983906701122382,4.077392655592109,4.1951588423627015,4.501009606272159,4.536313284252963,4.660319618762431,4.788260615061905,4.844305526745453,4.883861358444505,4.882711776064365,4.965167631793244,5.033288014960913,5.076287551573846,5.1257273973520965,5.16080732907647,5.2122427815113905,5.163198516684417,5.137721498174031,5.1369711311485435,5.188791298641297,5.256085577689185,5.376899739154685,5.4387867743694915,5.482064254020888,5.524893921625674,5.58281539552196,5.5591963145284655,5.62891602453241,5.6601895375969775,5.683106968555196,5.701863672611085,5.732386118547259
1.3507668652676827,1.2789054375322773,1.0375052683385593,0.8137142632350243,1.516403624928025,1.2659687869191978,1.4436695854425103,1.1572994452657648,1.3581043309926497,1.3156672865507015,1.0808192291768386,1.2833163213685428,1.1176740141399932,1.2281629017094273,1.4986553748065143,0.941788930343397,1.2005054582775327,0.9253910952712384,0.8922221438941463,1.0380493227921526,0.7813763455783705,0.9777323323129743,0.6031252694997095,0.3350386808072098,0.3642156711465924,0.2791162895559033,0.32225448100154513,0.20521866139505093,0.0,0.2943118321369399,0.3091644832442193,0.6122221482298342,0.6386499677589706,0.7173927333887089,0.7408844106694245,0.7690790985633448,0.8169670515305844,0.849947223749651,0.8609669604716248,0.9129009802707809,1.038661644826801,1.0420852697584015,1.10944152645592,1.2739875316374834,1.4484127334742525,1.5822298228606622,1.6462593190176371,1.7055637240171915,1.7304992566142645,1.76991815824252,1.8835279137007883,1.9555906048213212,2.056743794210434,2.1668940126938976,2.2616638642055333,2.2952783375363235,2.339241438828521,2.6638207686091406,2.360383414531114,2.373248915367726,2.393651149433082,2.426881579924837,2.6797600414969494,2.694811052739883,2.7660646208447797,2.8486702203892613,2.888153123958462,2.9977453852679057,3.7382644006218455,3.8391088892238905,1.5921714877762216,1.5224696568694638,1.4881682407450272,1.199757578029572,1.0937616728589123,1.3189572036427937,1.2117406322210758,1.1821674024598638,1.0870656637969731,0.799247229272583,1.1578074522800894,1.1231989900661372,0.8014361930964721,0.7669885061350767,1.070405223989117,1.366511717750133,1.5527357914490958,1.8562022786468586,2.0889927994060695,2.394822188372534,2.744900686637216,3.277696813526607,3.7117611431335518,4.087896134036524,4.504820925648494,4.766329582944722,0.600908145959043,1.0726176299934274,0.679576590185906,0.601073691590122,0.49700624318018183,0.8028048876769429,0.5235238954429048,0.648495185652028,1.00446598125575,0.475326117683404,0.8439170814815569,0.4485762873592272,0.6770770508747741,0.6807708236213459,0.9359025175755296,1.6216809168926012,1.5628340975097015,1.358978564859874,1.7550905849568326,1.1080584496783825,1.1555642545463778,1.918597791681966,1.8920536389849198,1.9593183186839913,1.7040917519533831,2.0384511040614144,1.4913668994216378,1.4833579782890085,1.498511208882532,1.5024145926451715,1.5107385911259479,2.012812220541487,2.3291849948592467,2.5125473110399845,2.428654736083901,2.3227904301878253,2.2613150191630305,2.216671894109839,2.174035817424937,2.1775551028459956,2.1363482743192024,1.9722129075323307,1.8218292771303302,2.8620089732544485,3.0129334675076884,3.223113133138271,2.997275263783473,3.053084401903515,3.1448962876617808,3.1662181353614804,3.1231913345480846,3.3516538578294215,3.570914284239638,3.644482911481262,3.603362542533892,3.8019149133458368,3.8946572053922455,4.009042497363395,4.31152409646228,4.3412173066059045,4.47126307634198,4.599970786939839,4.655905394043013,4.695390766431347,4.688419688642863,4.778762950761275,4.844634211623921,4.888534624329528,4.937678527428408,4.9730450756901785,5.02019533164166,4.9664353076419445,4.938060470381108,4.932928634657532,4.983583254056767,5.05121243877322,5.173943984645575,5.250577192804999,5.29276107929016,5.334010819531801,5.393657407734474,5.368184308524054,5.439716024341918,5.471187883394935,5.4928423313267665,5.511054225996886,5.541492562061452
1.4383580299266392,1.4146173581443702,1.252911570891872,1.054481072240934,1.5425920883437882,1.3517944817419636,1.4608293563135115,1.2585652731632846,1.3705601925709678,1.3385243356116063,1.1772999043248584,1.2917855643819354,1.169261542982253,1.2211663779930417,1.5126481388828465,1.0337700018828027,1.1895169462371662,0.9911176368829807,0.9466175774083403,1.0212616733704556,0.8553428779157339,0.9409740627979684,0.5410032372206304,0.45814297738190585,0.5816655385670917,0.3070031837851641,0.1851392412156296,0.16628874154347903,0.2943118321369399,0.0,0.3143517582304207,0.747037282302969,0.7785587026909978,0.8368142499035915,0.8749875465775508,0.9112391241853754,0.9617568568250815,0.9945276569823742,1.0162727719793463,1.0839238641196407,1.1754457634963138,1.216715279430852,1.267455728863791,1.4573431001395583,1.611062544514786,1.7500452271919211,1.839340732589983,1.8578243977528137,1.9133120385589,1.9502528558329284,2.0690779159760413,2.1313825024589867,2.234516942273223,2.340088684446021,2.423373051169883,2.4666403767456435,2.51262695520278,2.8602859706638313,2.537936533873464,2.562195498231783,2.5822594211343284,2.6164142572425337,2.8488251293575457,2.86750547013832,2.951238032599181,3.043516693085518,3.078329619947722,3.1821627929319445,3.9451700590808225,4.034897801098508,1.8784642575425259,1.8091949672568328,1.7780025684457204,1.4863321050860157,1.376908757171788,1.611527499524494,1.5045940425640656,1.4764130486423068,1.381330987254171,1.090495230616724,1.4516710260830734,1.4159591510020022,1.0957071790934785,1.0612811008262442,1.3609449632733028,1.6571263385853279,1.840691077257606,2.140884772033692,2.37212870933568,2.6769042013783713,3.0267522121286246,3.5595337598882666,3.9937749619358898,4.370336424564578,4.789063512179804,5.0507982758929435,0.8937102080166064,1.3498601917497781,0.9551735649778014,0.8756795411557737,0.7758420282853724,1.0612235379473647,0.7906930912085547,0.8979667499640349,1.2456948857828367,0.7229747427442189,1.059209356583531,0.6484674886495498,0.8584764286691664,0.85200214147292,1.1135180965735978,1.8870104814676703,1.8339204409215857,1.6531625337859628,2.0383439598942745,1.3404936538634593,1.44103910849028,2.202882669958362,2.1785925239844377,2.247473184422002,1.9974187153312373,2.327663816021321,1.6664533233950158,1.7053182613099978,1.7574616887839543,1.774018213957433,1.7858427277098232,2.307057439105863,2.6217542572410144,2.806156833127604,2.7229641556562276,2.615965710345697,2.5522715249866756,2.504029107721775,2.451825772468603,2.448520683939713,2.391659735863771,2.2077500320183208,2.003847091049053,3.1562869049834994,3.299572280991759,3.5166942198744233,3.2747881375679104,3.315914935396003,3.3936601532866075,3.3894531662627596,3.314051571479823,3.645501296008829,3.8646171558901763,3.936707765740942,3.8906698602312573,4.095201009675201,4.187733525513247,4.300901532091518,4.601566892533512,4.626485939087518,4.761544550217245,4.890678217598174,4.946543741599578,4.9859841400152085,4.974480006394855,5.070401933103898,5.135103560198139,5.179498509950955,5.228477801300086,5.26399471381108,5.3082775690974575,5.249486509976093,5.216319666903703,5.197027948418284,5.233924512910384,5.290435140459759,5.396650761143472,5.5412541553896615,5.582786564345459,5.6229579977233834,5.683762299708879,5.6570317893100786,5.729790101836488,5.76138060211091,5.782212449731059,5.800034388612957,5.830407387083682
1.6503593697669112,1.5869132993762214,1.3390711235729023,1.1063870490580323,1.7959180260931573,1.5647489628025244,1.7189408909814516,1.4593447853344947,1.630794394217978,1.5927193164616043,1.3813634065853677,1.5537043129270953,1.4047938823113313,1.490649120717953,1.7727807007123741,1.2402640636436246,1.4607485685558197,1.2157858959349164,1.178261437228114,1.2938211408481592,1.072822455399266,1.2218197316347361,0.8248756729515774,0.6300707027097171,0.6723161388929568,0.5275644041809724,0.47407894778792276,0.3883250922497294,0.3091644832442193,0.3143517582304207,0.0,0.4390379137618287,0.4712130564511841,0.524010840371308,0.564309790511493,0.6019038965266494,0.6523817762112284,0.6847116847599087,0.7090197172974423,0.7809977686042716,0.8628617194276164,0.9134062577629875,0.9585008439516006,1.1551158755290174,1.3014879823667365,1.4412433828020093,1.5387247977577803,1.5455941641741868,1.608412551040624,1.6443938871759607,1.7645964999581454,1.8236314223706591,1.9270922460138862,2.031210208791928,2.1118957446697806,2.157107280118304,2.2035158606853584,2.5580350222817616,2.2298746550232096,2.2576653713344284,2.2775700907507512,2.311985767001258,2.5383232668206626,2.5577851278417176,2.6448126122199103,2.7403307452046994,2.7733882934296648,2.8752278686079045,3.6459878819837632,3.7309896807705316,1.813140238607658,1.7427944916751503,1.6969134715088796,1.4251127568703439,1.330727341381908,1.5143485071640403,1.406726526956498,1.3576967734421423,1.2638017930948025,1.0155916604094428,1.3130869058619092,1.2657789886501791,0.9866531890513434,0.9522650255795635,1.1974252980906055,1.487793939058409,1.6562543342161007,1.9414353497281314,2.166070414232678,2.465918977099575,2.813424428909073,3.344246299359437,3.777798135425697,4.154704133557521,4.577864082139295,4.839879700910287,0.7647803255941419,1.1427645236902226,0.7599400186745192,0.6835965539772416,0.6023617765393383,0.8295613621241402,0.5910447320189708,0.662404930751894,0.9863643744482998,0.5001850285609324,0.7816701920473511,0.3840635280017253,0.5659229522633854,0.5544942496496745,0.8127765121168283,1.8835064849845264,1.8170384183661554,1.533463611571659,1.9833399143041526,1.0704532547252794,1.2544282493705539,2.1427164720049827,2.1094779496816636,2.1704691075732914,1.843242643720952,2.244734362154618,1.3600419242772488,1.421951885570588,1.510552237212042,1.547279829005285,1.5659258612146798,2.1776866360984677,2.514709872968838,2.6868561951843217,2.5860693913585817,2.455041408241168,2.375450150236333,2.310987772781283,2.2315397653543076,2.214449859992541,2.134628193091222,1.931417999688949,1.6983638732321453,3.020350465325386,3.099918201512511,3.3562535550595225,3.049918240069506,3.0649987310183033,3.1253738581220447,3.1000688171379984,3.009058702062576,3.4884460578433654,3.7047529634553347,3.762315676721658,3.6916377946471997,3.929677474523979,4.019855148095827,4.123066499059578,4.4127111009352795,4.418770986150682,4.573605580107732,4.704773199572202,4.76017257765209,4.799307912646095,4.7688129646612705,4.889710046380904,4.947539150628996,4.994571037169175,5.042556566004057,5.0788643943391625,5.109577821269212,5.03412369548893,4.988964348717169,4.944428314087555,4.9644148311974075,5.010455285826181,5.104743774319449,5.354239490331694,5.392346472087415,5.427465607719285,5.493593467029917,5.4610655289054755,5.539412552975725,5.571561360913628,5.588418429345766,5.604476813614438,5.634530360044589
1.9165482106209655,1.8044571883305172,1.46193093680139,1.2083738988039896,2.113441808877772,1.8352065083644273,2.0447191767612916,1.7187005409371066,1.961420661265907,1.9160814616964095,1.6484219912844325,1.8884096615784853,1.7098057476360675,1.8370687383595874,2.1002780758425934,1.5176337444165395,1.810229259781823,1.5159032417471574,1.4884643283125054,1.6492790448538037,1.3730552282564739,1.5899495738558322,1.209935827532781,0.9356884335913394,0.893500044856208,0.8885535156011718,0.8840172372093873,0.7783653805062403,0.6122221482298342,0.747037282302969,0.4390379137618287,0.0,0.03245089367336028,0.10767619269148265,0.13038984994146047,0.16435832936565592,0.21480889419084576,0.2477390300774283,0.2700185649742664,0.34354326445849154,0.43243835551827586,0.47519589243588367,0.52046795355419,0.7169747271161878,0.8640315335045515,1.0031931425915483,1.1008547456134197,1.1122091383672423,1.1693823258208775,1.2053827191599569,1.3255820698084024,1.3850884971502404,1.4884400159128055,1.593276316058978,1.6767418722623526,1.7196579603611153,1.7657504977622425,2.119255415192642,1.7915089369529218,1.8186313843495285,1.8385327654117067,1.8729540922028673,2.1018054817755107,2.1205048154269055,2.2059474342632086,2.301382544012768,2.3343565157323387,2.436496379752818,3.207888622996397,3.291959266358555,1.6961105601935522,1.6278097162313816,1.5630541812722816,1.3386163590502538,1.2743500755257717,1.3679742892232067,1.2673185015203012,1.1905294869605045,1.1069721728145676,0.9557100635240872,1.1187292160487579,1.05713185274994,0.8788923604666345,0.8505635732688119,0.9735026973621319,1.2328461453357764,1.3700063444869643,1.6240186529985958,1.8346277105657318,2.12330232428991,2.4640400440282457,2.9884858568194166,3.4189363391819483,3.794705589826605,4.221633733435913,4.4831983503090145,0.6728236383977446,0.8503358078722248,0.5484985989546731,0.5011602727120377,0.48831814131171886,0.5285714958262664,0.4295192821452369,0.39165994696334705,0.6128185674662415,0.33667426160305663,0.38815259533700663,0.21103966382952669,0.16194241726842118,0.13634242057858662,0.37706361812353445,1.8509596622134263,1.768922241038102,1.351962496672484,1.8734597672041546,0.6738115621736582,0.9873840027938876,2.0194335675484925,1.9746147708520094,2.022259537283874,1.5948542741014524,2.0857315787515778,0.921065866258512,0.9994813521017832,1.135542414012904,1.2011212208573685,1.2294176684750995,1.9543868700141729,2.3145240153461057,2.4660161200282613,2.3426666308458453,2.1807272621600418,2.080577522380778,1.994891170473794,1.8797218553820332,1.8446812449231853,1.736826240570451,1.5129560098346846,1.2593320352508064,2.7713133390308258,2.7654944250573257,3.070543600471297,2.6842815558822575,2.668743728502919,2.710624445902661,2.6673182498565113,2.570031934168519,3.205982451754506,3.416827599770854,3.455217028488155,3.3538890988986028,3.6328423313530083,3.719433858567176,3.809421738156154,4.083963841837571,4.067188265524283,4.245321159718811,4.3784698021122015,4.433091307827036,4.4717110067850125,4.418502372007264,4.569110263488478,4.618343634273824,4.668423197654233,4.715040677235175,4.752190776942118,4.7665099830073325,4.671792741340496,4.6131802132648545,4.541914965783325,4.545887508037922,4.58326623204691,4.669626810639963,5.024447365945457,5.058335266392471,5.0873429801914405,5.159635187110636,5.1202958762188056,5.205085620496973,5.237818187235677,5.249904515264241,5.263837127174144,5.293441911870874
1.9353436599853524,1.820026217791696,1.471734082187056,1.2177684898671612,2.1356467169977416,1.8544231205038297,2.0675802419613634,1.7373433883350609,1.9847083988393972,1.9389013997145619,1.6677288163318413,1.912061062757901,1.7316128329183404,1.8616010972140256,2.123211695896721,1.5379132711862058,1.835004924915606,1.5377159295978822,1.5110067113749206,1.6746464392011642,1.3951899826452459,1.6162614632819672,1.2378713661129692,0.9596931378635587,0.9127977500792364,0.9158529149278835,0.9140128585358175,0.8075770934466977,0.6386499677589706,0.7785587026909978,0.4712130564511841,0.03245089367336028,0.0,0.0901855397871151,0.10223832341793126,0.1336221844851801,0.1838171496581445,0.21691394162333075,0.2380159996300147,0.31109324193303256,0.4029774413071465,0.4427885417250875,0.4889045685758193,0.6845734036609159,0.8325419273890435,0.971518448111875,1.0684438257483464,1.0815046128004069,1.1372054711518378,1.1732966934617275,1.2933834757455815,1.3532334365451395,1.4565422349036534,1.5615899201289294,1.6456222226668868,1.688081674095123,1.7340981755351172,2.0869609998020953,1.7596967191731847,1.7864612734905432,1.8063751550875036,1.8407786573174414,2.0704037750626143,2.088948127790784,2.173948675541583,2.26914200733852,2.302231917847319,2.4045521795211338,3.1755079146899825,3.259780499763684,1.6873669335430814,1.6193962957872805,1.5533493423135778,1.3333628693289459,1.27170944470308,1.3578950047885934,1.2581832845634575,1.1794835538315105,1.0971827677831398,0.9547671605919567,1.1057710866021107,1.043275557080626,0.8747637110461425,0.8472078513026511,0.9587892711858819,1.2143804173893993,1.3485971688383898,1.5996964201256592,1.809007618487966,2.0966480629850337,2.4367379994755622,2.9605783765013376,3.390729625073274,3.766363837596579,4.1934849800264615,4.4549907238912265,0.6725517525367867,0.8301882569203008,0.5394761445379841,0.49610928173518853,0.4902024532273013,0.5104185295758059,0.4287623993251856,0.3799570819400426,0.5860310226071624,0.3400094694999938,0.3605753348969242,0.22483772998799334,0.1373531651415689,0.1090486330742092,0.34465019124554175,1.8482818430895198,1.765261532529006,1.3391267341733908,1.864875263451692,0.6444816590503003,0.9688242055888027,2.0095593375126373,1.9639335090982535,2.01047948142491,1.5760356717600672,2.0730303898375486,0.8890211320920348,0.9676655657314333,1.107256214576047,1.1751107957520386,1.204155531207502,1.9369434647098407,2.298405765152478,2.448194477832801,2.323257703402056,2.1591313208163276,2.057515863233485,1.9702985045001025,1.8525376223762764,1.816198474244896,1.7064067923676522,1.48125727839539,1.2272130151737868,2.751165575243863,2.739141299139164,3.047562169700224,2.65577494012252,2.63821841826971,2.6789985497993327,2.6349045925553787,2.5379159689777966,3.1831804937151205,3.393558220808876,3.430574918189298,3.3271328357556205,3.608874705663329,3.695190303698432,3.784231471480439,4.057678909813124,4.039366546540376,4.219041137345503,4.352303791627813,4.406864297885496,4.445443407555473,4.390720571759445,4.543303816018372,4.591947633985422,4.64222639322527,4.688745326910733,4.725947476424903,4.739168137405683,4.643200040886069,4.583736233594363,4.510870969864986,4.514000078260055,4.551007448453498,4.637176277286947,4.997961780191623,5.031564055433212,5.060162931495673,5.132856992301397,5.093069835614725,5.178278326931923,5.211046463251069,5.222815243828763,5.236606183858892,5.266178704827674
2.023799348504812,1.9099065392331098,1.5614379649499739,1.3073755070117123,2.221010532734656,1.9425925381169764,2.1521163529362086,1.825891256810222,2.068660929825285,2.0234956669643296,1.7558298555686593,1.9954861348027633,1.8174430717321914,1.9436147007936408,2.207649213070345,1.6252466639743195,1.916595268805117,1.6235426689572567,1.5959720393543566,1.755152489953136,1.4806522601914458,1.6947948169620641,1.3123313535438865,1.0426830509723102,1.0008698981668431,0.9922774193423963,0.9812237113154186,0.8782053061755045,0.7173927333887089,0.8368142499035915,0.524010840371308,0.10767619269148265,0.0901855397871151,0.0,0.05370806654726831,0.09440193021980157,0.13899580885166296,0.16764885582618538,0.20124336512586405,0.28537338210114754,0.33885272222982393,0.40924892478486885,0.4389554019967929,0.6478426737035802,0.7795527266396775,0.9199974063670705,1.0303817455308706,1.0215848036499504,1.0923102266760487,1.1267102018528936,1.2485935898013383,1.3030446849674253,1.4067555313199476,1.5091929785290337,1.5880169569228157,1.6344273083325351,1.6811798890436,2.0434148388931797,1.708535819949124,1.7404888920057804,1.76015484645542,1.7948575381130039,2.0148533826415154,2.03482609895192,2.124919384058056,2.2242256858488316,2.255088124375696,2.354650087303436,3.134071160784907,3.2132371995092552,1.7579978090809185,1.690661932355265,1.6223733536081233,1.4099207497638246,1.3518422768715221,1.4264581465489339,1.3286001334059436,1.246499601749696,1.1667080481353045,1.0372150867479342,1.1690784838610198,1.1048072120927839,0.953535909716251,0.9270236050812192,1.01865931079395,1.264043281731049,1.3890441690199735,1.6291560317246994,1.8327436033387539,2.1153117510412764,2.4519004196429988,2.9722245381329717,3.40052562588934,3.775258359207791,4.203337770425357,4.46444863799603,0.756175899918833,0.876422527930587,0.6123885569995563,0.5750123553245468,0.576194754921517,0.5648564394461835,0.5127523944132131,0.4499886376421817,0.6096399011779539,0.4275400798821234,0.38491238764329805,0.31480872890336276,0.18907710965159835,0.15616515726852934,0.32283984137040117,1.928003268300527,1.8437319051650953,1.4022369147898193,1.9356528278608078,0.6533368210580475,1.0189909204662153,2.077899142288067,2.0307602356572625,2.075074620676947,1.6239918552160575,2.135646476818024,0.8425694659608229,0.9518391423458956,1.1194546312913771,1.198480186075857,1.2306914657973977,1.9882693520060681,2.3528943431723275,2.4980905133409683,2.3686946346571927,2.1977970234376807,2.0911530059371803,1.9981467990449997,1.8689015197129133,1.8256250520280701,1.7029357910108451,1.4654831717853105,1.1810729657344317,2.7940854016195757,2.758702018978537,3.080796580440158,2.664244929758824,2.6329409342619097,2.6628511861744912,2.603163727726364,2.4905121450981627,3.2170052098945474,3.4255820493927573,3.457238310683287,3.3444804952096994,3.638160684726992,3.7233618087098943,3.8084882961832123,4.077000521832152,4.051048706792422,4.238341227668129,4.372095300385431,4.426361911690972,4.464744296242748,4.402522663476816,4.56467544600768,4.610617424260937,4.661809073661072,4.707862793500498,4.745297935340079,4.75318755945725,4.6504071583379805,4.5856550897168225,4.500306776927797,4.493712731000927,4.523907344744205,4.601205752273173,5.016127539650717,5.048359714211796,5.0749383350957835,5.149600346232558,5.107607609737371,5.194872610935237,5.227807315819711,5.238015637771751,5.251093738302653,5.280498022840045
2.0316400496275424,1.9118390969130497,1.5538522387308298,1.2994876921474665,2.2355994202794514,1.951262978153709,2.168088721436657,1.8335067649470773,2.0855468873261462,2.039389577917806,1.7647328818327541,2.013157679849946,1.8312607491379826,1.9632202610872007,2.2237723991227925,1.636070223860124,1.936744260985712,1.6374062380508176,1.611330032255998,1.7766316925345151,1.4951967409474685,1.7184708964957158,1.3398934085670233,1.0611290907248634,1.0102192444098956,1.018040314991516,1.014225957229634,0.9087540002172467,0.7408844106694245,0.8749875465775508,0.564309790511493,0.13038984994146047,0.10223832341793126,0.05370806654726831,0.0,0.041386761482467484,0.08946157406911559,0.12073685934680377,0.1503842489760692,0.23296573215698368,0.3021852199040943,0.3590421716596489,0.3945490193444481,0.5990880406364617,0.737184467351294,0.877063421414422,0.9824155213564014,0.9830668258581863,1.046724634325427,1.0818000617620152,1.2030476394229201,1.259721971521259,1.363295134193585,1.4669385595029374,1.548394507504792,1.5928015674475784,1.639213857905602,1.9976268357179654,1.665766214193772,1.6955537237562517,1.71532099234173,1.7499145742983866,1.9742369415562024,1.9935033052011044,2.081297223368114,2.178973280677378,2.2107074636829327,2.311432782669435,3.0876601541560347,3.168710039889679,1.7233327152801632,1.6565083991345166,1.5866744285342465,1.3803903838572564,1.325998588439886,1.3906181328459417,1.2941595608709324,1.2098470033761963,1.1318515836100225,1.0146286295737452,1.1302840854837866,1.0651196089077697,0.9269057456585972,0.901566892813826,0.9782359434954825,1.218721410728728,1.3405505225810495,1.5779373560241667,1.780514170546198,2.062406969980669,2.398646421403897,2.918719397831193,3.346928020254542,3.72162475960372,4.149733391112459,4.410828012338111,0.7359514733971627,0.8303749291268759,0.5817792992020062,0.5500809087323651,0.560575896880785,0.5232854824061349,0.4944348633160812,0.4185688034754656,0.5581987355803881,0.4161902657924352,0.33455044730775757,0.3193519141180288,0.15487378043749803,0.12309678222932614,0.2700474832560548,1.9012363207350576,1.8156995064818024,1.3630541953340358,1.9009876544834097,0.5999755130562321,0.9741670375523305,2.041467617730811,1.993369609502789,2.036304697337398,1.5777735713343617,2.095725866870771,0.7974014998353764,0.89913691176431,1.0661342751356442,1.146385995096457,1.1790990558014198,1.9431448005683285,2.3089436288093017,2.452264621469111,2.3213448353136563,2.1485017904659225,2.04067037134313,1.9465425748146565,1.815796646776429,1.7720561040265908,1.6493652304389128,1.4129304764520292,1.13601465371859,2.7458676697850217,2.705842172398063,3.030083753476458,2.610612475372635,2.5795059422024305,2.610485173886319,2.5538210854159065,2.446265404948609,3.166405942800886,3.3745907535447057,3.405283385591858,3.2913724908391617,3.5866368985574812,3.6716395282846173,3.7561573887152697,4.024061760227181,3.997526015441873,4.185396111865413,4.3191982709481325,4.373432758556578,4.411793985358628,4.349001828838814,4.511950125818018,4.557600902590875,4.608883668859882,4.654888798169327,4.692346875949518,4.699790579026757,4.596725671986862,4.531967240516538,4.447344524105379,4.442054284058993,4.473570243370391,4.553135275350441,4.963055599748922,4.995165640261895,5.02158854422093,5.0964005014608285,5.054241043072444,5.141659804658122,5.174607896868603,5.184694274440544,5.197722217134022,5.227114911727125
2.0482342641861244,1.924227333949046,1.5593081160522526,1.304952490222677,2.256815483651486,1.9684787616545159,2.1902650632841074,1.8500327005879247,2.1083653390591155,2.061556580024579,1.7822041676955132,2.0365266066818846,1.8521037804837677,1.9878872812387718,2.246033307603043,1.654957055866707,1.961777167266583,1.6583810833870298,1.6333315261773689,1.8025915080627104,1.5167226874193758,1.7458612273704328,1.3698810758546252,1.0856365802034562,1.0287076777727235,1.047192731077096,1.0476088807499635,0.9408479591497608,0.7690790985633448,0.9112391241853754,0.6019038965266494,0.16435832936565592,0.1336221844851801,0.09440193021980157,0.041386761482467484,0.0,0.0505343295410511,0.08338369631806894,0.10952937180310374,0.1915789865482282,0.2700886960668648,0.3181467967679191,0.3566349051360638,0.5586554724094107,0.6999667788922833,0.8394263418736873,0.9422168884356973,0.9479469643750242,1.007617594499227,1.0430238393663804,1.1639246054180288,1.221728686950142,1.325204920308351,1.4294742621725203,1.5123902144207955,1.5556568832427253,1.6018741736323245,1.9582965174442346,1.627988766292236,1.6566593380571266,1.6764745094898346,1.7110106765182989,1.9375912157325013,1.9564640553449046,2.0430262932423946,2.139885366830916,2.1720433981001213,2.273352104256859,3.048001600781066,3.129928935917399,1.7058848714418045,1.6395695617763646,1.568333315817831,1.3678425394110083,1.316746510328377,1.3722715516986848,1.2772068905680412,1.1908793413291117,1.1146735861938009,1.0085951520093552,1.109313381581105,1.043331231949529,0.9175366144645148,0.8932808276170138,0.9558098733188746,1.1909245661952064,1.3090718060043511,1.5429031117393022,1.7439546122068432,2.0246711211632773,2.360187741167748,2.879616041003691,3.3075165194901803,3.6820660944929884,4.11029056664731,4.371319979843833,0.732611290723316,0.8021125682687271,0.5699028371434474,0.5435260259199672,0.5618583238020635,0.500739592455006,0.4939419683159949,0.40703974685875743,0.5233338792232514,0.4220664532216571,0.30197093595119173,0.338077651205988,0.1472190808923752,0.11946914393220544,0.22870230179986042,1.890783391666687,1.8041846759299998,1.341505732312528,1.8834596826705732,0.5614672314116134,0.9471105200936625,2.022238174020952,1.9732487017488454,2.0148472947274607,1.5488243056435096,2.073131542989328,0.7585974552932476,0.8577923998586756,1.0276086903358699,1.1101420413355434,1.1436145410066454,1.915280467134552,2.2822395898112218,2.4235508078247063,2.2909690518764587,2.115875935802934,2.006564032436231,1.9109114196737575,1.7776820605649832,1.7327757743898053,1.6085969185800633,1.3715654944259723,1.0971492299609533,2.714453529143927,2.668163379134006,2.9955993279287556,2.5710693846918016,2.5385408319443648,2.5691047427097393,2.513015730847151,2.407653307951978,3.132063121611896,3.3397220549469013,3.3690585765788508,3.2532032722928785,3.5510305504571154,3.635748018533558,3.7193471107531337,3.9862099740073034,3.95835882473052,4.1475303670913615,4.2814200633360135,4.3355945613295335,4.373915866846976,4.309837827644088,4.4744758265409725,4.519595482395881,4.5710498820512475,4.616963571333048,4.654464442153391,4.6609624411420425,4.556911179523791,4.491551363021899,4.40607772037002,4.400693339381524,4.4324575848861825,4.512766675914803,4.924938514676803,4.9567991607211095,4.982873658647324,5.058021098427045,5.015485642990636,5.103252502163485,5.13622886893371,5.146045277446437,5.158953964854474,5.188318109643664
2.087679352453079,1.9601076583751758,1.5888558099161831,1.3347155157612152,2.2998242829096185,2.008452023887166,2.233981119983567,1.8894784631199255,2.152548413838357,2.1052874916817843,1.8224383899600112,2.081102511569884,1.8949171894740713,2.03333992620729,2.289801208303125,1.6963487120669514,2.00747092683655,1.701343271437319,1.6770406986043525,1.848893713842581,1.560128928493505,1.7930227293007677,1.4184636953100642,1.1312356612298644,1.070138527494993,1.0954406857859489,1.0975682348718447,0.9903942796758433,0.8169670515305844,0.9617568568250815,0.6523817762112284,0.21480889419084576,0.1838171496581445,0.13899580885166296,0.08946157406911559,0.0505343295410511,0.0,0.0332199834600528,0.06248745539438413,0.14815619049028503,0.22170127486938507,0.27031965133315256,0.3061285037192255,0.5097526533024521,0.6494324585561047,0.7889115433555195,0.8929767192917344,0.897694926977799,0.9575045327358096,0.9927660810583191,1.1138225635917578,1.1712645568418782,1.2747594278289116,1.378951541921965,1.4619388799376276,1.5051228731384476,1.5513453996014317,1.908315649050161,1.5774964905881588,1.6064573776682731,1.626252982672888,1.6608131854412254,1.8870697067658888,1.9059297578057113,1.9926251090918439,2.089774570999387,2.121756905909979,2.2229110469541,2.9982441122203527,3.0796884274681835,1.708744665605465,1.643166484921865,1.5700925962712098,1.3774118270878033,1.330435581413016,1.3742241128132298,1.2811678446553578,1.192221318190228,1.118583724514167,1.0265546843355553,1.1079736900558665,1.040937250587806,0.931789792491116,0.9088851858674503,0.9526736838930662,1.179065425947104,1.290801653938311,1.5177066751541721,1.7154461532734633,1.9933875537103347,2.327057054965691,2.8447176185141885,3.2717178363041044,3.6458159472701084,4.074351363020362,4.335180909924114,0.7543324141682693,0.7902860528509879,0.5825187947779533,0.5626066742131691,0.5891825691821645,0.4994626184006112,0.5198966360995696,0.4215496790226583,0.5003927500090974,0.45470301300998806,0.2861523435215737,0.381358765992575,0.17392893816197388,0.15212416597228548,0.18638494206116168,1.9025143500908777,1.814659211497493,1.3389986814271122,1.8860889873013313,0.5296595875132161,0.936880023628458,2.022459229753842,1.9722532744088817,2.0119324850622125,1.5346931570553675,2.068541228052394,0.7083419403472236,0.8141231623541119,0.9948780937018862,1.0827559780432388,1.1178166321831884,1.9026896581484694,2.271332783626262,2.409365265424836,2.274043257279951,2.095034381666212,1.9829799607874778,1.8843137507787073,1.745558437754332,1.6975948102826575,1.5683957134522113,1.3274131330458256,1.0469279200847965,2.6956070647846726,2.636879173299213,2.9710327517115145,2.5349640386837335,2.4972905284217135,2.524476734032328,2.4647362377624304,2.3573503457963514,3.107749874786601,3.314350561820676,3.3409119252066324,3.2206708292408153,3.524150333956203,3.608271172157962,3.6899045483967567,3.954379226590968,3.923199155161238,4.115655820628372,4.249743561887544,4.303773586990411,4.34199828536538,4.274668206467842,4.443492606533666,4.4873667585408015,4.539226182577891,4.584921049215608,4.6225215008565,4.626673722701486,4.519852948660152,4.45250157210763,4.3628788393582,4.354822364712109,4.385027639302601,4.463730784496986,4.892421669222176,4.923670944355181,4.948865116400735,5.024856708796905,4.981371310453142,5.070017049532038,5.103062318151439,5.112199379047428,5.124801002794992,5.154090042153014
2.117272470887704,1.9879825247804244,1.6135226899170751,1.359580021453452,2.3310063492770112,2.0382981670306437,2.2654616567355896,1.919089519589599,2.1842218528575312,2.1367793269233273,1.8524214437177997,2.112934406821796,1.9260367112854646,2.0655071451274796,2.3213009951937607,1.726866150228528,2.039726879791669,1.732538815293974,1.7085465833228566,1.8813672380241007,1.591519840432894,1.8257728310835368,1.4515759434013449,1.1635030913286366,1.1007667431918344,1.1284909911986056,1.1307557254618952,1.0236142574484786,0.849947223749651,0.9945276569823742,0.6847116847599087,0.2477390300774283,0.21691394162333075,0.16764885582618538,0.12073685934680377,0.08338369631806894,0.0332199834600528,0.0,0.042617014913213326,0.1275707511837881,0.18881783012732026,0.24262385698282862,0.27387349655320503,0.4802027923459553,0.6168622665141471,0.7565350725227242,0.8628273795997583,0.8645957260635126,0.9260838659298698,0.9610767594238442,1.082406825180289,1.1390753098235915,1.2426235579715759,1.3465093476954881,1.4290239807246006,1.4725531666608416,1.5188531244858021,1.8770579178870817,1.5451997653542386,1.5748424296937873,1.5946017093074933,1.6292046126293702,1.8543346122122146,1.8733260872765352,1.9605921098306098,2.058304844235333,2.0899712011767337,2.190771478224874,2.967289515469144,3.0479794600828907,1.7177055558492806,1.6526228100268914,1.5784247254422685,1.3907135588818464,1.3462447496569963,1.382798837560424,1.2910763304975637,1.2005559965984125,1.1286072722172975,1.0450976024759053,1.114681757572048,1.0470444795114793,0.9482915320898598,0.9262031427484901,0.9584211385410031,1.1787456023141565,1.285948995881292,1.5077383473002277,1.7029422144943034,1.9787066914092932,2.310892533003651,2.827112422944387,3.253369031733827,3.6270859390977472,4.055839970791026,4.316500390514675,0.7753268725019269,0.7905570614948397,0.598783745906121,0.5825762051086761,0.6134538096912718,0.5076741352763721,0.5436371058012326,0.43959655318136914,0.4937378781008837,0.48188641286433925,0.2866467519480597,0.4130745404999994,0.2006177771922464,0.18140914464555424,0.16609357609353143,1.9168878112720948,1.828300456556882,1.3447433172081398,1.894831636067735,0.5160196574267943,0.9379624693032398,2.029620234552258,1.978649567248123,2.0170728220132035,1.5325536176734702,2.072569229535604,0.6766888358391084,0.7897970106317529,0.9795942486658962,1.0714777822844428,1.1076866916397488,1.9014324674779293,2.271100529591907,2.4068688095784387,2.269688874861945,2.087979076381955,1.9739958890933338,1.8731660857880632,1.7303094242506847,1.6799846978201054,1.5467488400218403,1.3023913340133888,1.01530457242669,2.6898219228532882,2.622071171125975,2.9611357102507796,2.516451902859044,2.4746011133283776,2.4988470461114187,2.4355588625869657,2.3255285806859156,3.098017781794011,3.3038294654447946,3.3283594513907886,3.2048465256061185,3.512509969205135,3.596186312650261,3.676361829494657,3.9390290836059663,3.9053033501393735,4.100262580136891,4.23449194318222,4.28841003356455,4.326559761059536,4.256745821834017,4.428751516425675,4.471685627040587,4.523848374938067,4.569375899788944,4.607049738621547,4.609415304208219,4.500441955924213,4.431503033342505,4.338425822473723,4.327980629544224,4.356684006723796,4.433667417259809,4.876504093050911,4.907287883464732,4.931808649076881,5.0084421521404225,4.964232473968497,5.053546672411604,5.086643164063749,5.095261407735323,5.10762727311717,5.136857632747873
2.1128999199687466,1.9793139706274387,1.598534830241171,1.3450932515548835,2.3316363481855893,2.0346667741671456,2.2672500001502796,1.9148267466004125,2.1868186084680183,2.138642852383955,1.8492496286159195,2.1162329072611636,1.9265417397790303,2.0704015593583405,2.3231542170390473,1.7253861871437555,2.0450858527274427,1.7333894843306585,1.7105990183273148,1.8879854457152316,1.5931684089518647,1.8342325517527298,1.4637490929807615,1.1693131114146174,1.1000373015219234,1.1400136444719613,1.147978228390086,1.0391839818259536,0.8609669604716248,1.0162727719793463,0.7090197172974423,0.2700185649742664,0.2380159996300147,0.20124336512586405,0.1503842489760692,0.10952937180310374,0.06248745539438413,0.042617014913213326,0.0,0.08640832886251995,0.1850896411138422,0.20866697600359346,0.2518555674688611,0.44920772021053224,0.595372630520412,0.7338272861760999,0.8328892069806819,0.847235102540097,0.8995004956001045,0.935375506876553,1.0557470337330621,1.115258404550033,1.2185392850452426,1.3238259158928083,1.40937519569541,1.45052428214929,1.4963868769837998,1.8497690345041264,1.521754688456281,1.548717390078335,1.5685964067490912,1.6030496119130846,1.833238997306928,1.851411419009224,1.9359434835054894,2.0316471327957517,2.0643732576352933,2.166536259250977,2.9390817670644536,3.0220494456119438,1.6836558608426722,1.618995668395963,1.5439127508543242,1.3606917916326293,1.3189056591163986,1.3485445809178698,1.2579628326859784,1.1661922731071102,1.0956826428212474,1.0212782343130176,1.0791240376022633,1.0110918007809806,0.922075620083395,0.900989346331545,0.9222715909432889,1.1389552394135647,1.2444077352843168,1.4652028831394726,1.6603354122656946,1.9362859082376431,2.26874148352153,2.78534330082693,3.211846590992174,3.5857042656058637,4.014380545211831,4.27510412875815,0.7552591200684147,0.7512207614397398,0.5729620082448826,0.5615670259334495,0.599051730693186,0.4740898852376283,0.5285898061671116,0.4166804751718728,0.45192837062140234,0.4736950894029553,0.24850723974241196,0.4180280031946956,0.1952971376604779,0.18252788872129996,0.12491130144015468,1.8877731537969087,1.7984585793412382,1.3084019490208,1.8605665117404475,0.47343737746656395,0.8989597915196068,1.9941221957140236,1.9426110834804102,1.9801756716120382,1.4919143372422354,2.0349595419645534,0.6510473637598312,0.7516936897992258,0.9372359277584158,1.0288729448905403,1.065148494258898,1.8611120861966037,2.2311989143589397,2.36602481186061,2.228225858997814,2.0458441941854857,1.9315532340821253,1.8305590539625467,1.6879716727600211,1.638196997376546,1.506731741327483,1.2649339104043078,0.9893514225373226,2.647954161250523,2.5796753015070273,2.9185916556462894,2.474979600503221,2.4352663496962355,2.461991518488688,2.4035072814816223,2.300039894355803,3.055486681832932,3.2612432492251475,3.28575887615929,3.1626322833772367,3.4698930161007353,3.5535728080484037,3.6338237211861193,3.8967287797394055,3.863633282202919,4.05797060264453,4.192175519002988,4.24611342119621,4.284276795318878,4.2150861267524755,4.386354411105769,4.429448944377568,4.481555080209399,4.52711347398988,4.564773770381146,4.567555694096535,4.459335337010145,4.391153182531419,4.300461961903148,4.292472714090932,4.32322413532462,4.403305974032871,4.834316372416805,4.865203076674253,4.889894090703868,4.966365042172809,4.922340618911482,5.011482929984231,5.044567367325281,5.0533155469435,5.065745567839539,5.09499247906623
2.1340055688370625,1.991968547379125,1.5985204344449355,1.3468085118418915,2.3621508103238993,2.057321149077969,2.299994772649972,1.9364043984702104,2.2211417958664734,2.171655841963868,1.8730548201675163,2.1519207767751483,1.9572653241791356,2.109043626165478,2.3559685050135832,1.7526495582506783,2.084592196637578,1.7650440615046694,1.7445237819594928,1.9299197728708124,1.6265524402353149,1.8794638665756214,1.5158172306809552,1.2112381297533226,1.130356269133513,1.1917258785023446,1.20869966277607,1.0976447246522942,0.9129009802707809,1.0839238641196407,0.7809977686042716,0.34354326445849154,0.31109324193303256,0.28537338210114754,0.23296573215698368,0.1915789865482282,0.14815619049028503,0.1275707511837881,0.08640832886251995,0.0,0.18024224718492535,0.13279586419705908,0.19982073844926623,0.3741604480569789,0.5356078008302968,0.6708846167819508,0.7577502968110134,0.7931720391918197,0.8294037768590438,0.8666013854671836,0.9851649686996061,1.049121647421772,1.1517684993176491,1.2591660029655958,1.3496500008397745,1.3867549861096264,1.431840655637504,1.7773898693603942,1.4555913750995615,1.478310296207831,1.4983554560758878,1.5325492214375989,1.7705876856727552,1.7874053668175323,1.867525016410872,1.9601108093155297,1.9944195357112007,2.098629460699336,2.8650028917367423,2.9512649174552705,1.6365469877273922,1.5731915312851403,1.4956474326559608,1.325323030480342,1.2906379707859479,1.3013751163857101,1.2143055714067927,1.1191216406400446,1.053029069042029,1.002875551925278,1.028668983399059,0.9596085228025615,0.8982451560360294,0.8798090059303157,0.8704775449106152,1.0738764522440938,1.171550156258597,1.3854140838483313,1.5779275420146324,1.8521093085648364,2.183632781667018,2.6995592560251453,3.1258064900771294,3.499557912096064,3.928290217074565,4.188968188554435,0.7476061404078,0.6889589235857172,0.5534525107406457,0.5541378706004959,0.6059593305701577,0.43434798973872035,0.5352920943661567,0.40791940679185396,0.37956540874901923,0.4957076122296564,0.19974065586249093,0.46478265477130165,0.23591310844577756,0.2342541960365337,0.03855210465047986,1.85388496210252,1.7627846708714792,1.2549592657784507,1.8126301485759848,0.39105390283700514,0.8374302798934569,1.94242686409321,1.8893211362840845,1.9241873031713053,1.4229965016716482,1.9766476123321495,0.5835300672820677,0.666488445806472,0.8528574237136874,0.9479789008715741,0.9854865210213059,1.7932608356614514,2.1648023475905833,2.2958235803492095,2.155276415552895,1.969269201639628,1.852669933914496,1.7493835648307081,1.6034460398939736,1.5524400248253585,1.4203835006270382,1.1801144059753523,0.9200339714927871,2.572844810265729,2.4953622355681233,2.8384846445084406,2.3888979445154,2.3491350468975774,2.377561551545818,2.3243623462794054,2.2301428901937976,2.9755364686595107,3.1804571808575326,3.2030989095197673,3.0776782019635154,3.3880203648551097,3.471297794401853,3.5503552476014018,3.8120305115496285,3.777733922360264,3.9732436658976855,4.107530448682615,4.1614006462446325,4.199519334699509,4.12917575785974,4.302024207225446,4.344550418643794,4.396830087914851,4.442290649092609,4.479992690633378,4.48189092917403,4.373043551983501,4.304748815673086,4.215099540430688,4.209233700383024,4.242194643781928,4.326108791617163,4.7492831238429165,4.779929949197284,4.804311374988117,4.8810756018755095,4.836722956335673,4.926165985085348,4.959275046354216,4.967782971174291,4.980112584987465,5.009335239974402
2.297619133769645,2.1620323103405266,1.775175308299708,1.5226445811417848,2.5165057388677994,2.2195600467684273,2.451817516582503,2.099588303605581,2.3710982250433266,2.323181276202771,2.0342287792451894,2.300211964480294,2.1114230442635558,2.253528937007164,2.507703279887685,1.9104742303846742,2.2279193214146664,1.9181879150983931,1.8950511808048953,2.0699153869828275,1.7777430370382739,2.014577485463894,1.6399262675083235,1.3517725287645537,1.2850602555191024,1.3170656843089668,1.3164075533171027,1.2105470785969887,1.038661644826801,1.1754457634963138,0.8628617194276164,0.43243835551827586,0.4029774413071465,0.33885272222982393,0.3021852199040943,0.2700886960668648,0.22170127486938507,0.18881783012732026,0.1850896411138422,0.18024224718492535,0.0,0.17070692367787413,0.12575194087463576,0.3482594054760311,0.4449432268087237,0.5858600454342521,0.7144452937497667,0.6827450622944923,0.7647573639425794,0.7967512822769306,0.9201596865535742,0.9686391978161732,1.0724499349116383,1.1727671464036005,1.2493596482911997,1.2971588118087907,1.3442724016381835,1.7140315348103246,1.372704315675068,1.4090759204582748,1.4284517622826087,1.4633915327559013,1.6766219465836627,1.6971247775740845,1.7902494344988782,1.8931267409762826,1.921856384080861,2.0191779658381264,2.8057901427097534,2.8799061480962145,1.8057236944715311,1.7435067604124554,1.6640724343107702,1.5021324312220652,1.4697813594853488,1.4710943293841707,1.3867871288874907,1.2893653974537502,1.2265130605883157,1.1831082550196586,1.1963806842131735,1.1266667048389805,1.0783029007825906,1.060031091536976,1.0376781628130063,1.2229204306688644,1.3035828162398004,1.4931759248189225,1.6714650959444968,1.9321297336187924,2.253601329618548,2.7592258393584728,3.1799127218219607,3.5506381728278855,3.980268604439725,4.239593843523504,0.9261581583988757,0.8456620325162647,0.7336268982543923,0.7322929067102785,0.7784294778275345,0.611850594995121,0.7076667998458884,0.5859709200125008,0.5260675825641491,0.6577837901080602,0.3771144974904356,0.6007047053969431,0.3803826471051136,0.3662877368571065,0.1932330939853999,2.030922145908886,1.9390998553000676,1.4189945833113629,1.9808665195860267,0.5056720936379905,0.9937016726258812,2.1069182844559453,2.0521802780467153,2.0838342977706783,1.5628882183785242,2.133183243639003,0.5155066144101988,0.6915359819897484,0.9396207978240347,1.0546636415570867,1.097162829074833,1.9341283081410174,2.307761156390928,2.4303993552338405,2.283212970747511,2.0867411693309452,1.9620162964668917,1.8488284787083762,1.6816174082887099,1.6165815001218224,1.457462898869443,1.1911154546526592,0.8513399706040805,2.6937067155064613,2.572253472441898,2.9402259741709607,2.443568770770811,2.3743262237025067,2.3782035630161795,2.2888547060032316,2.15686540542763,3.0777788831329866,3.2784786829134847,3.2907479229959664,3.1473712194380825,3.480085141052528,3.560949621773669,3.6321617740861885,3.8833810937412077,3.8337981635124447,4.044157046883925,4.179112301604391,4.232282995273929,4.269930665478407,4.1846927534064875,4.376313231519656,4.413414815440524,4.467401387268543,4.511854354229984,4.5499470484594315,4.5412081421441375,4.418721750295222,4.339622412409475,4.223729592628866,4.196777818069202,4.214670317725661,4.2786633061766866,4.816419887859846,4.844294785546274,4.864604664567878,4.945176880770853,4.896489952635804,4.989901663428624,5.023292248434661,5.028677313978957,5.039563614382001,5.0684071582605394
2.2398643315121736,2.0898114469882914,1.6836535491065598,1.4349508321598192,2.475994642668581,2.1647116783689415,2.415689298383702,2.0429994023594107,2.338133233909964,2.287678085850062,1.981763855290646,2.270004761615516,2.0717062238872965,2.229303208797898,2.4716705966092447,1.8645472568259924,2.205472899962818,1.8804860760923494,1.8617397552166002,2.0525495894734664,1.743538493735805,2.0041782624578652,1.6443919995989327,1.3347791181135535,1.2462105630357343,1.320429612619088,1.3405126797743891,1.2289123286043557,1.0420852697584015,1.216715279430852,0.9134062577629875,0.47519589243588367,0.4427885417250875,0.40924892478486885,0.3590421716596489,0.3181467967679191,0.27031965133315256,0.24262385698282862,0.20866697600359346,0.13279586419705908,0.17070692367787413,0.0,0.09890429328380021,0.2417901361883097,0.40728483144564026,0.540208202744075,0.62565936509393,0.6674171041204773,0.6966302825578456,0.7339458389699353,0.8523694652873501,0.916909434043062,1.0193784684413445,1.1272701898642183,1.219584699233153,1.2550845969819358,1.2999217606584865,1.6447496806486552,1.3232623827512267,1.3455148688235794,1.365559629413273,1.3997551318076533,1.6391711121217516,1.6555592186739265,1.7348092132567123,1.827378419847968,1.8616240839776788,1.9659570105126272,2.7327592032642216,2.818492647559942,1.6528543199685606,1.5922017458889994,1.5105817320741757,1.3636847813370934,1.340270457221468,1.319652681215912,1.239616383715089,1.1392226898088922,1.0817289962034822,1.0690195593530811,1.0434695562254412,0.9733441463999526,0.9582711048226842,0.9437431495392478,0.8849964542650696,1.0569802756477373,1.1334115408075627,1.3235573173555337,1.5046990255860841,1.7694513788131232,2.0947440004375624,2.604888106500238,3.0282546846718765,3.4005265329737497,3.8298446753001225,4.089872820351462,0.8304819674374287,0.6852603661023875,0.6265068076070937,0.6413189352856706,0.7064159401605007,0.48415167601296444,0.6369960279675129,0.4988192145389447,0.3637946296676226,0.6105224922955186,0.26164532664014556,0.5935091739548121,0.36553200181184003,0.3662919963457413,0.10619994037877253,1.8918659113052876,1.7982474985852483,1.261639167318914,1.826622068788262,0.33516766662866704,0.8321385821329003,1.9488071842229386,1.8927736140245934,1.9220867767977845,1.393778582128791,1.9695353487636293,0.4513018714999378,0.5506649869431438,0.7733995943388727,0.8848234458657273,0.9268444613810358,1.7650071166529757,2.138951731383878,2.2601618129513095,2.1125464798624236,1.9162989682081881,1.792390132486193,1.680856799088662,1.5193174211355784,1.459426496121853,1.3128571919080905,1.0613900803016667,0.7873068688386515,2.52312071919141,2.41103110896911,2.7721663503730394,2.29129552301862,2.2374412501229237,2.2569192981564337,2.1948739431185453,2.097347374056957,2.9096458537948577,3.1112970695128848,3.1262991956225687,2.989044751939786,3.314433745795338,3.3959817022937293,3.4696132502979578,3.72461441359804,3.681440225628337,3.885592398251999,4.02031704706406,4.0737667360742735,4.111603901789669,4.032665673507531,4.21653422275841,4.255721069863963,4.309046864245917,4.3539010176398305,4.391846614205163,4.387539974114505,4.271464125649647,4.198007070173438,4.097784511375184,4.085370964697756,4.114709695952977,4.195222277231933,4.659483408418353,4.68850460957612,4.710560349047029,4.7895119407649895,4.742681303912934,4.8343969276900784,4.867673651006032,4.874394931051161,4.885915116173959,4.914930413285819
2.329556530702715,2.1828650418485407,1.7800933685399847,1.5306331085685128,2.5609595728709,2.2536040716685517,2.4992730464203197,2.1322840046051104,2.4206695814638715,2.370996269553555,2.069904520397174,2.3516037361479203,2.15620317917179,2.3088642903249355,2.5552520585811904,1.9507529490236926,2.2844030256277037,1.9642167034719515,1.9440575232124961,2.129569631100223,1.8260351306036344,2.07859085609151,1.712566088366668,1.410798432450239,1.3295139128031928,1.388527875262407,1.3996776430573132,1.2904104768003708,1.10944152645592,1.267455728863791,0.9585008439516006,0.52046795355419,0.4889045685758193,0.4389554019967929,0.3945490193444481,0.3566349051360638,0.3061285037192255,0.27387349655320503,0.2518555674688611,0.19982073844926623,0.12575194087463576,0.09890429328380021,0.0,0.2230720379711078,0.34366372491813296,0.482796030186275,0.5958072030360159,0.5963926130884941,0.653474187528489,0.6877646927534473,0.8097144229991055,0.8652028433853047,0.9687526189919726,1.0728619409557558,1.157525401588978,1.1991944502990664,1.2452995431417628,1.6045600738087045,1.271373859802228,1.3015577607395243,1.3212457199373702,1.35592614871028,1.581570701324726,1.6000512128091997,1.6867527028046025,1.7852702936525093,1.8163690026494257,1.916898559561302,2.695504032931113,2.7744621429847687,1.7466137986222905,1.6866219296790277,1.6041650747919294,1.4614627530051802,1.4389681265353096,1.4142111698540203,1.3356293017939656,1.2344097029393886,1.1784820101245197,1.167636472691632,1.1377426680615739,1.0675473715830894,1.0571191288489883,1.0424365428748108,0.9795981596727494,1.1418929695720745,1.208785334497234,1.384418476347033,1.5567621744826858,1.8130464278409704,2.1319877273087084,2.635664263198953,3.055558772686915,3.425919681307405,3.8555875937776305,4.114764633330709,0.9268142756323752,0.7763503726010829,0.724068514082723,0.7363663201029925,0.7975525997763467,0.5830411938866263,0.7274796653391515,0.5924208418763525,0.455391866005337,0.694133301302873,0.3586419299341271,0.6626067344561053,0.434048862395458,0.4286854872026582,0.18735224254422228,1.9893735775753216,1.895457831401692,1.3535171363698293,1.9196784111385723,0.4126771992231118,0.9219420756118438,2.0397321872558303,1.982891124133431,2.0104324820110517,1.4724650231850462,2.056123440692613,0.4036422580866817,0.5663293197174927,0.8253992811135267,0.947486277729909,0.9920424844250662,1.843304908171238,2.21779763155095,2.334143799667377,2.1829888191303826,1.9811380132101817,1.8528410241248996,1.7358752749881872,1.5624018614308695,1.4944386468024335,1.332177588551752,1.0655317011710308,0.7421178505120194,2.589030242305091,2.451899891781849,2.826934493284333,2.3194626472006514,2.2485783695507537,2.2538309927501667,2.17095591761754,2.0518730946483563,2.964584496636059,3.1636753715851578,3.1727424213129765,3.025303375830527,3.3632804487943466,3.443403728933896,3.512517816268865,3.761434592727541,3.709563958634079,3.9220981486593,4.057152722900242,4.11018511345166,4.1477410422434104,4.060356006822603,4.254841375229084,4.2909305199800185,4.345209801092672,4.389477287260358,4.427633346634632,4.417285108249171,4.293496459042048,4.2139263077558615,4.0988566795433705,4.074542780654556,4.095410732558277,4.164789735827211,4.6935945379547235,4.7210351999837155,4.740775742890519,4.821867963597968,4.7725905115316065,4.8665348407783675,4.899963345983503,4.904912629675543,4.915612152185074,4.944406165540125
2.4254398408421562,2.261620114493094,1.8359711884415342,1.59490425942765,2.675621623802937,2.353321713292254,2.6189202090438326,2.230629184360389,2.5439688349532834,2.491801566597868,2.173426731203802,2.478043701587391,2.2734532586932734,2.4415549782814407,2.6748019982796047,2.0623847882629076,2.418957399165487,2.0846548431479617,2.0691984024848966,2.269674809920814,1.9509702958827724,2.2254374419752843,1.8739228491629505,1.5554647444453502,1.4540933723665794,1.550759827121495,1.5775695832423302,1.4647491666209707,1.2739875316374834,1.4573431001395583,1.1551158755290174,0.7169747271161878,0.6845734036609159,0.6478426737035802,0.5990880406364617,0.5586554724094107,0.5097526533024521,0.4802027923459553,0.44920772021053224,0.3741604480569789,0.3482594054760311,0.2417901361883097,0.2230720379711078,0.0,0.2070314770039052,0.31727445797295656,0.3839068789338766,0.46295551490906256,0.45748172719992486,0.49616768225807195,0.6123367988748134,0.6816338528484542,0.7828512692113027,0.8930565676141944,0.992385069261196,1.0216070788279163,1.0652905503610932,1.4033041313436851,1.0866527951369775,1.1051085982144804,1.1252494611310868,1.1592614284897051,1.4061443195863972,1.4208267016063092,1.4955991890511142,1.5862252664537102,1.6212843207848526,1.7270261566666385,2.4909742414521174,2.577556049289051,1.685542832977931,1.6307180584288554,1.5433140120630706,1.4405147679264778,1.4368998580075532,1.3624667227276384,1.29681268297242,1.190325629111466,1.1495676023579817,1.1993205481875195,1.088746253836687,1.0196918428400192,1.0820614790008418,1.074216221575597,0.9369899711216163,1.0448183672407307,1.0783055505000165,1.2169757590468988,1.3724984948545818,1.615823512324446,1.926897905646898,2.424166914447612,2.8412424656177304,3.2102059898725037,3.6399404684120533,3.8985348517343783,0.9937316154618295,0.719648483211714,0.7845649457910225,0.8179020716476741,0.8987468578576145,0.6224338953213906,0.8331658399006493,0.6876259235194218,0.42900862606068824,0.8246124654360713,0.4485674046525315,0.8266032100136013,0.6018283887396094,0.6055900277651944,0.34385836980242934,1.959853924769448,1.8629014622869644,1.285387909242896,1.852622861993022,0.3371023650680532,0.8525580767130106,1.9595395013626833,1.8988848743638815,1.9177411608226154,1.3482940920207247,1.955477328444963,0.2201345769348914,0.35213308827036605,0.6505441085681978,0.7905254421041674,0.8397045850303118,1.7146252305233896,2.0886499662526066,2.190628488129402,2.031184112497713,1.8177071585311995,1.681342778668003,1.5553743252404097,1.3655396972215885,1.2888478189216095,1.1149022243713118,0.8430339319388371,0.54865688790067,2.4256622731105617,2.250047902736159,2.6427806920173165,2.106308860695347,2.027008782752249,2.0309003549111546,1.9553967696618888,1.8569776778594849,2.7804698327492647,2.975406816592323,2.9764566194576974,2.818147121551743,3.1698777848344446,3.2480777588522938,3.311748298874085,3.554305970972605,3.4955046086980466,3.7145994946355385,3.849892572158338,3.9025208807278395,3.9398073835000442,3.845887764988466,4.048874205355757,4.08212168695778,4.137219797627921,4.18095148207512,4.219278621479223,4.20412430458904,4.075659099162813,3.993454767164065,3.8757849392289967,3.853228428844966,3.877471812572987,3.9541112453387415,4.483718218915912,4.509874715586718,4.527866959743098,4.610543823135135,4.55945458786857,4.655029961671356,4.688567527541873,4.692183475574001,4.702292865617088,4.7309252537096835
2.628405585285945,2.4671020727497854,2.0429014269427763,1.8013426949015698,2.8742551377965806,2.555475471833874,2.81601299778826,2.4329875108611625,2.73981666925015,2.6884440013064594,2.3746159050491427,2.6727512887289735,2.471057398970861,2.6338642228959794,2.871957689283885,2.261433471252237,2.6104925308632847,2.28109679868635,2.26403916021712,2.4586964536610023,2.145761734300899,2.411196016764395,2.051148956323361,1.7415485104838853,1.6482717722370492,1.7270931690916766,1.7425275201903303,1.632481896097626,1.4484127334742525,1.611062544514786,1.3014879823667365,0.8640315335045515,0.8325419273890435,0.7795527266396775,0.737184467351294,0.6999667788922833,0.6494324585561047,0.6168622665141471,0.595372630520412,0.5356078008302968,0.4449432268087237,0.40728483144564026,0.34366372491813296,0.2070314770039052,0.0,0.14091699453712744,0.30084704487881986,0.2619021243214392,0.3251431760276261,0.35384619178047283,0.47798764047608633,0.5238913791217134,0.627692160128573,0.7297948299103094,0.8145321934326484,0.8556955146350089,0.9020294110982833,1.2698096875917826,0.9289831837153408,0.9643126739965787,0.9836205148274924,1.018601005581727,1.2379095181850057,1.2564988368595371,1.345748757685826,1.4483302483563354,1.4769576313969541,1.5751744142818298,2.36164221168725,2.4350587283846843,1.870426980020053,1.8179631265669571,1.7290033323010527,1.639619857310568,1.6399091627053535,1.552698981852858,1.491698551618278,1.3842336927971357,1.3480084955739173,1.406179757633078,1.2818387211788156,1.2137381673743441,1.2887344339232458,1.281154213415145,1.133346203644336,1.2176369042404587,1.2285460927401273,1.328867060346102,1.45902368905001,1.6767502889291355,1.9679010348478896,2.444996069980781,2.8513131501372118,3.2141400930556987,3.6431266966280016,3.8990126592052916,1.1992185918683111,0.9145932664765969,0.9901007758020475,1.0207484013729673,1.0979591530898496,0.828989484802804,1.0308673346890012,0.8868321776081024,0.6346531118117625,1.0142982306177948,0.6455063727445876,1.0000145591023426,0.7713358897174978,0.7691663203613732,0.5133132559636442,2.155112826436445,2.0574903774074675,1.4697096495425843,2.034147019557316,0.5373601835607044,1.0410939435681066,2.134190019837194,2.071783274289748,2.0856600862148147,1.4995603437424525,2.118358294003371,0.09404909613978182,0.4227823031785854,0.7700752945657434,0.924342172240233,0.9765019746341895,1.8589042197216712,2.2301266883293445,2.3187670028406484,2.152005652155515,1.9272606580527063,1.782183803898484,1.6451874927937886,1.4303660742727944,1.3358379620463106,1.1279660426456084,0.8274235837703611,0.4083310706697287,2.5315034519845114,2.296336689004773,2.71951346827612,2.123667933862785,2.0050586722864154,1.9761776333456917,1.8548417199337068,1.7120505757339939,2.8567097740510063,3.04426552214366,3.0309843818914164,2.849326116920823,3.229192741236511,3.3035991281372468,3.356195307527349,3.583427831921775,3.5046403927227683,3.7424254610556966,3.8780525636797956,3.9295449394081485,3.9660639043966146,3.852904451262845,4.079880996278035,4.105813304469518,4.162978411935537,4.205229760468591,4.24394603324814,4.214886909987901,4.069196551464629,3.973480716292061,3.8235125197225774,3.7757342357130974,3.782489577350736,3.8369027209913766,4.503864386439697,4.526318528562837,4.5389589442067075,4.626368838291685,4.569778912898064,4.670260980730055,4.704078246921892,4.703625753873309,4.711839975849801,4.739911069288994
2.7400683130068018,2.572404329212415,2.140213885784549,1.9030090067225853,2.992574048552981,2.668671965871972,2.936131210895104,2.545848281559022,2.861243143314583,2.8090512067542277,2.489451155501313,2.7952796994897398,2.590619130840934,2.758469573564355,2.992004974511687,2.3792863507436297,2.7357078294515635,2.4019213031730553,2.3864319609184297,2.585713219162195,2.26819569906664,2.540248781409828,2.1842258336136653,1.870235457988813,1.7712175347673544,1.8603810471073197,1.8793620572973535,1.7685293055087365,1.5822298228606622,1.7500452271919211,1.4412433828020093,1.0031931425915483,0.971518448111875,0.9199974063670705,0.877063421414422,0.8394263418736873,0.7889115433555195,0.7565350725227242,0.7338272861760999,0.6708846167819508,0.5858600454342521,0.540208202744075,0.482796030186275,0.31727445797295656,0.14091699453712744,0.0,0.20039898376981147,0.15866562913913496,0.19123045702502242,0.21539460485475095,0.33951755982708065,0.38311713618505416,0.4868924304942923,0.5900833198728513,0.6794750114143525,0.7167319125011511,0.762582557448412,1.129258859187721,0.7887135649211401,0.8235037825557134,0.8427719680996006,0.8777742239442848,1.0999544650897328,1.1176165126750557,1.2050256161322046,1.3074891114635039,1.3360565990153777,1.4346560508362876,2.221061416772934,2.2941739503829583,1.9124091525108815,1.8634430898035608,1.7727481011102526,1.7054233306279571,1.7146832254847824,1.603849178036733,1.5505061834819212,1.442098515834976,1.4139913118906655,1.4977956951994884,1.33916123840152,1.2731193995517756,1.3790101670914179,1.3741832297779775,1.1972220993172669,1.2496905186037979,1.2378754380109094,1.304704546649725,1.4147008829767085,1.6133537294320528,1.8905127757260045,2.354481484394863,2.754253333607082,3.1134306807807532,3.541498026871001,3.7958301178960836,1.3057201472835285,0.9787218508546909,1.096913064481925,1.1335631796055796,1.2158460340141555,0.9322942378138541,1.1504331504991439,1.0048030271320143,0.7249308536535058,1.1403511920638152,0.7657337282744323,1.1336639231038483,0.9056762053583436,0.9050775973971888,0.6463507430644284,2.2119528865298297,2.113446265658447,1.5131841890757047,2.071008078846843,0.618079005213316,1.0942942000901097,2.1621820707798443,2.0979736066299943,2.1061827387712446,1.5068454988124544,2.133334808809171,0.10037048332653246,0.4082448669119761,0.7643030294870333,0.9250708517183696,0.9784520264728642,1.857058359852399,2.2238668725056203,2.3005437762918337,2.1284879031531077,1.8960751449027935,1.7453817170230754,1.6014498439263023,1.3716865052231988,1.2669211255829522,1.0418743914610955,0.7314191777047381,0.26941194430470017,2.4947709090717365,2.2206419060336855,2.661567181596827,2.032388004147011,1.895064900221674,1.8530758823573381,1.7186201241673325,1.5711821520439664,2.798063970060456,2.980348629551988,2.958149648703032,2.7633864668511885,3.158882769822536,3.230829456478729,3.2767690959751454,3.495081092039704,3.406070073398445,3.653173303710289,3.7888163949628004,3.839642716184653,3.8757127640585423,3.7528932272224687,3.991955530353346,4.013961992386189,4.072158179947619,4.113588279637509,4.152472051438094,4.116360094245135,3.962659414715002,3.861130191087774,3.699013553106035,3.643661488537156,3.6463215012835914,3.697186519322124,4.409812118967826,4.430363239926219,4.440327756288989,4.5300245563045465,4.470747740594149,4.573585855388079,4.607518571069087,4.605045646654565,4.612326389378878,4.6401049541559605
2.7333866015183625,2.5525299328445343,2.1067463530892017,1.8797904072093505,3.0010791598984747,2.6658138116395813,2.9494984009269807,2.5427274876337718,2.878367182846405,2.8241413311869272,2.4912387439078736,2.815662348540397,2.6037697018418675,2.7849175496984007,3.0050099354404876,2.3890050237219267,2.764038179280157,2.419235411461595,2.4080796325256295,2.6200902772292642,2.29054150485956,2.5813859689714564,2.2414561237398547,1.9136240322853328,1.7982651910130092,1.9202276524915673,1.9549993730302564,1.8409118623114853,1.6462593190176371,1.839340732589983,1.5387247977577803,1.1008547456134197,1.0684438257483464,1.0303817455308706,0.9824155213564014,0.9422168884356973,0.8929767192917344,0.8628273795997583,0.8328892069806819,0.7577502968110134,0.7144452937497667,0.62565936509393,0.5958072030360159,0.3839068789338766,0.30084704487881986,0.20039898376981147,0.0,0.3045368390890543,0.11311217550401635,0.154807223517465,0.2419997169940025,0.3331004344944849,0.4237810915292595,0.5393716322480455,0.6586159025931907,0.6672195689111373,0.7064217350621421,1.0211004477563754,0.7212068227654488,0.7269903339586976,0.7473929220975253,0.7806682402909411,1.047842205237779,1.0578349528207287,1.1200138356261478,1.204869621320678,1.242288405195701,1.3516846993855942,2.107263243560311,2.196395077994974,1.7960883925745983,1.7518661532930504,1.659696470210797,1.6230686311475742,1.6458777147817871,1.5020138744035376,1.4597871372546172,1.3514607575594877,1.3354979853816717,1.4598963642590266,1.2493200919420206,1.1873476025575402,1.3404919325765945,1.3406996208472457,1.119489577332861,1.1283711186198488,1.091306274281735,1.1277260402702414,1.2244979832602019,1.4152651913912766,1.6901574919310103,2.155277576653177,2.557009074461641,2.917740733554957,3.3462872166020574,3.6014267058560465,1.299566983798896,0.9071502207645853,1.0957471753001715,1.144408411021577,1.236798402509813,0.9288968429506768,1.176782881163947,1.0306909286725061,0.707118192205472,1.184145513750503,0.8052732840276502,1.2023691670583017,0.9815866524284496,0.9873865192338912,0.7263642481281505,2.113053144530617,2.0139229984607145,1.402356310136533,1.9474811957052653,0.5919996275792205,1.0036333189142637,2.0280189117466496,1.9621459914755022,1.9642535866512623,1.3553239638889072,1.9856148418402488,0.2094074801000218,0.2745530379602428,0.612574918518273,0.7753313842985214,0.8287450281812343,1.6948397764288514,2.056545180903825,2.1239048169799695,1.9485981292883017,1.7118537977612098,1.5582531449547476,1.4109938999945293,1.175372612834113,1.0678867543889525,0.8416227093153692,0.5327111760975235,0.19219601806811584,2.3063637236371597,2.020340473130264,2.46430890904363,1.83328929564112,1.7048011906149017,1.6772679697934398,1.5751643068456844,1.477651932968404,2.6005538902894827,2.7815063087713816,2.7579917992647784,2.563451405486412,2.9589656722400357,3.030658587010235,3.076382657885879,3.2955757150613976,3.209489446882198,3.453849887477679,3.589498851640285,3.6404648878309622,3.676634279573902,3.556953291383589,3.7924063363376472,3.8152466716544797,3.873197924226639,3.9148269069151236,3.95367186402743,3.9198221825128914,3.7702046378900755,3.6729207827033385,3.5248745624124997,3.4846847714556666,3.5002725165356336,3.570840085956455,4.2117271479319855,4.232889166450127,4.243853192766027,4.332691054214153,4.274439204220654,4.376372200101963,4.410265575191444,4.408560026282111,4.41622939913602,4.444135679017171
2.888255770394392,2.724054812565623,2.2949374651301793,2.0560846972319786,3.1358982596485054,2.8158529067245444,3.0778557034405876,2.6932383665582997,3.001716673941943,2.950315361043365,2.635469719830962,2.934637803996909,2.7328402219786456,2.8955498210564325,3.133796318588508,2.522964955264825,2.872071628723162,2.542971235019881,2.52593528593654,2.7198271588965004,2.407658257546952,2.671508920911175,2.30866128947335,2.002196069183331,1.9101629806321758,1.9845760643036188,1.9948912471282576,1.8864161412678404,1.7055637240171915,1.8578243977528137,1.5455941641741868,1.1122091383672423,1.0815046128004069,1.0215848036499504,0.9830668258581863,0.9479469643750242,0.897694926977799,0.8645957260635126,0.847235102540097,0.7931720391918197,0.6827450622944923,0.6674171041204773,0.5963926130884941,0.46295551490906256,0.2619021243214392,0.15866562913913496,0.3045368390890543,0.0,0.23100015171570915,0.22460543585028622,0.3243804312394663,0.3202347987388168,0.4181384705291455,0.5026534759074686,0.5671870268488917,0.6212797347498282,0.6697443150927227,1.065558859353429,0.7028417328961526,0.7584098502893927,0.7760583974603296,0.8112569418362197,0.9956610684394195,1.0179905188372138,1.121645955811575,1.2362874033708373,1.2574450687713992,1.3467805568935822,2.1518664277468975,2.211628656320318,2.0676349918898445,2.0194681590880164,1.9284724369163369,1.864013904592296,1.8732347314371014,1.7610574481652697,1.708679650129149,1.6002265400620692,1.5726190471150787,1.6539000110039388,1.4972855722477423,1.4314480469225779,1.5353672262504887,1.529858133413997,1.3558192651729568,1.4032403105501743,1.3835762241869394,1.432080205932467,1.5265002444322793,1.7064644380641805,1.9668282049497232,2.4121936555996926,2.8014239894175796,3.154216802665538,3.5800925807304593,3.8315657681167954,1.456358386340072,1.1373672456132096,1.2472286598553353,1.2805532756262392,1.3592954159032955,1.0840173490018765,1.2924875501611206,1.1480887513487301,0.8805210987222977,1.275967360111382,0.9070461420869392,1.2579078526129284,1.0290269033789372,1.024959529299993,0.7729343103516932,2.36971720159923,2.2711237336631696,1.6690794683042498,2.2248181471818187,0.7752898083870684,1.2521613239056362,2.313195837937359,2.2484308614475146,2.2545401138861636,1.6507510319288206,2.2793983018583774,0.25652204380807486,0.5534523677055796,0.9064955035783672,1.0687321266205634,1.1222803019422465,1.9955629986733303,2.3591857832891594,2.4283630273773866,2.2531192986875537,2.0158870498072967,1.8614882183304367,1.7126510527366996,1.471074082173217,1.3569615502821037,1.1148132490111966,0.7977493681552035,0.26207791228076477,2.6087251711403607,2.2975912392527156,2.756297125593256,2.0902760691491786,1.924133463505464,1.855359380490978,1.6808038565937726,1.4898263978550976,2.8918120353903096,3.0683668079948863,3.036455352753214,2.8260897140954286,3.2396682064821003,3.3087121093435305,3.346692132408573,3.5531816178946563,3.449643423200936,3.7098130299659244,3.8452941912113094,3.8951420936141274,3.930547335537715,3.793728457986979,4.04995818488984,4.066535932065966,4.126107443846184,4.166343044163174,4.205418727853603,4.159033765131869,3.992600378798889,3.880817474486368,3.6931296105916935,3.616730232455845,3.60421476457323,3.6351092717810705,4.458822497485664,4.476571543684656,4.482502614255192,4.5755612555763285,4.5122800027511705,4.6185896581211905,4.652663699688296,4.647144147575156,4.652983105582666,4.680283426398638
2.8390176409083976,2.6604924676142963,2.216552630067614,1.9879248471934456,3.1035276086499044,2.770636884995237,3.0507517623385096,2.6475451972306785,2.9786410083536863,2.92490759898084,2.594976673602687,2.915055030946541,2.704908114727882,2.882638729921347,3.1063761609580998,2.490853473792028,2.861215525180703,2.5192068063631536,2.506897845741742,2.71541228300298,2.389086308993272,2.6745889538217686,2.32893117074545,2.0055232626574404,1.8950173813323172,2.006418749194396,2.035051289173934,1.9221574300041637,1.7304992566142645,1.9133120385589,1.608412551040624,1.1693823258208775,1.1372054711518378,1.0923102266760487,1.046724634325427,1.007617594499227,0.9575045327358096,0.9260838659298698,0.8995004956001045,0.8294037768590438,0.7647573639425794,0.6966302825578456,0.653474187528489,0.45748172719992486,0.3251431760276261,0.19123045702502242,0.11311217550401635,0.23100015171570915,0.0,0.04301708069572402,0.15632338579648986,0.22943624388971573,0.3270983741445009,0.4402206547843021,0.5525367901586016,0.569050066032949,0.6108452262997978,0.9511056445107668,0.630018122956186,0.6492571913500684,0.6691925266022374,0.7035733783210064,0.9526989095888682,0.9654472006472873,1.0383279552131517,1.1322719127550191,1.1651632440818234,1.269651008880126,2.042129564323117,2.1225774084401663,1.9069764221699994,1.8633748606642953,1.7710865752719867,1.7361806151547794,1.7586848344852317,1.6145275171028262,1.572816700050717,1.4645110364290246,1.4485447266905613,1.5698310780758822,1.3624009341961014,1.300459451708447,1.4503763710074566,1.4498808968263603,1.232459388710122,1.2391895480315984,1.196702231092402,1.218247452271829,1.3014615304369315,1.4758795497057438,1.7365072561862378,2.186612125518263,2.580247609424755,2.9362514955935426,3.363387403857504,3.6164761491261013,1.4037709126844617,1.0196981693346916,1.1983592431493444,1.2442665911399013,1.3342346180368216,1.0314380956959055,1.27252430578232,1.126063376684014,0.8116503623409888,1.2745096393707875,0.8952648981464327,1.283798869328121,1.0592719501833445,1.0624092997245542,0.8006953068583966,2.225567692394017,2.126419844540059,1.5141677241486988,2.057147692183498,0.6973470802048776,1.1167376184866338,2.1354257771719816,2.069197175154228,2.0696499463292444,1.4584394669343916,2.089161675046685,0.24993210696013193,0.3871504106303499,0.7185543076290009,0.8809290092142338,0.9340958624500219,1.7928254670502808,2.151338035374329,2.212502743880576,2.03482687276355,1.794486372454159,1.6380840849051497,1.4869975041089432,1.2417334906266955,1.1262171883747156,0.8844781255698436,0.5679447933129856,0.09133320642449297,2.3834486670938597,2.067270547904017,2.525658257308646,1.8644713264257118,1.712204509729219,1.6631376470466752,1.5297138398462724,1.4008798733737506,2.661064591811048,2.837366659523508,2.8060770176986973,2.599032390801458,3.0090325613811246,3.0784187190424013,3.1178430859547523,3.32780153297263,3.2303609848414685,3.48498792721232,3.620553238348031,3.6707751764376053,3.706440151965557,3.5758967930161125,3.824699934710543,3.843346335143336,3.9023771202318507,3.9430961721445943,3.982100362441224,3.940340943862454,3.7809211503692124,3.675787677612048,3.508428767619161,3.4527195356457354,3.4573883568938517,3.513981709642044,4.237203169927636,4.2562252032035754,4.264110379204243,4.3555440793246225,4.29421667900619,4.398831383275673,4.432842706256376,4.428813627627169,4.43538772357839,4.4629393729901885
2.8819400616668416,2.7035090585524557,2.2595046708392106,2.0309418082671695,3.14613994525508,2.813498213807627,3.0932134904070927,2.690407505946549,3.0209689466927525,2.967306120932721,2.637740194797139,2.9572552780967736,2.7473628979241,2.924576703168299,3.1488517364356987,2.5334057884799814,2.9030640998003414,2.5615058084093176,2.549025750680502,2.7569454920585743,2.4311775763784884,2.715731915431308,2.3689418574398453,2.046478751998941,1.9368564754040616,2.0462023296158285,2.073437842312585,1.9608502597200181,1.76991815824252,1.9502528558329284,1.6443938871759607,1.2053827191599569,1.1732966934617275,1.1267102018528936,1.0818000617620152,1.0430238393663804,0.9927660810583191,0.9610767594238442,0.935375506876553,0.8666013854671836,0.7967512822769306,0.7339458389699353,0.6877646927534473,0.49616768225807195,0.35384619178047283,0.21539460485475095,0.154807223517465,0.22460543585028622,0.04301708069572402,0.0,0.12422813540375777,0.1875731536032976,0.28687115733252483,0.39891617625275877,0.50973795925613,0.527785941473831,0.5701772650374997,0.9174409769779986,0.5905064587377516,0.6138023479456398,0.6335288610796869,0.6681697199000806,0.9118413202415085,0.925253996541992,1.0009867795822873,1.0975446699214348,1.1290371409296325,1.2320283209843104,2.0090824237027993,2.086923932403411,1.9451480135500632,1.9021075349230652,1.809718542420884,1.7774450969125746,1.8006837751121672,1.6543801289266826,1.6135930554228608,1.5053592545222245,1.4901674527650264,1.6127657854513808,1.4033746459178615,1.3417438948537121,1.4933140718596607,1.4928683264923872,1.2742459587636055,1.2774213631492692,1.23133264939837,1.245233491660344,1.3222131817149079,1.4894258407785288,1.743895745543709,2.187634978967565,2.577885281278785,2.9319150863811405,3.3583687760110164,3.610608227971043,1.4466119919812817,1.0619128627849042,1.241066153657574,1.2866450698223542,1.3762548636052327,1.0741565488081348,1.3142908037195244,1.1678084866901381,0.8545593190531211,1.3153268600451178,0.9361983727704195,1.3227676237078991,1.0975601224082334,1.1000843414205925,0.8385509468194029,2.265383191067472,2.166216296889639,1.5532359260030177,2.094326274240484,0.7403130184707566,1.157867741595961,2.1710115088866075,2.1045617286773775,2.1039757641032906,1.491624123316414,2.122383524215266,0.2844268321874284,0.42751098353539674,0.7539768208036477,0.9159284972895609,0.9689008989546348,1.8230927836680568,2.179830895331483,2.237918996339757,2.059190068031443,1.8173117133276195,1.6597522649446848,1.5071060114407429,1.2580340494447826,1.1394158758810649,0.8922094680493726,0.5747412299243221,0.054592739313107264,2.4034498811215035,2.0746085217459314,2.538723833961036,1.8656934791261996,1.704468509223647,1.6475344419973992,1.5033249069546706,1.3646796967950063,2.6737173474341986,2.8479916799639486,2.8134930047388336,2.601495704672472,3.01718959891284,3.085604231729087,3.122453823895122,3.3286620578811363,3.2268275422785577,3.4853752289856565,3.6208724137636468,3.67078918276236,3.706247364633831,3.5715242336345767,3.825459692877821,3.8424532489463057,3.9018939218625857,3.94224779123616,3.9813061415634547,3.936487182098999,3.7733764420522404,3.6653420435396975,3.4910431456588413,3.4299709041523694,3.4309957396140307,3.483115733550599,4.235207125101907,4.253395605578529,4.2600923453342565,4.352509992907729,4.29000902325614,4.395637682199142,4.42968878984428,4.424765367739894,4.430918133683347,4.458329348258097
2.9722480052343796,2.7886116342007536,2.3395069959124317,2.1159004922150944,3.2420558633483822,2.905382692877203,3.190938377158627,2.7823226073635294,3.1200748346044005,3.0657311958802667,2.7315905028341803,3.057532552256321,2.845267707357981,3.0269160287162817,3.2464098771970322,2.630284326986671,3.0060333712998557,2.661026054846631,2.6500273413924575,2.8619236815107687,2.5325127725888303,2.8227891783237724,2.480619349965198,2.1545880846779744,2.0402248726998677,2.158673872173581,2.1895527565390873,2.0762847992151965,1.8835279137007883,2.0690779159760413,1.7645964999581454,1.3255820698084024,1.2933834757455815,1.2485935898013383,1.2030476394229201,1.1639246054180288,1.1138225635917578,1.082406825180289,1.0557470337330621,0.9851649686996061,0.9201596865535742,0.8523694652873501,0.8097144229991055,0.6123367988748134,0.47798764047608633,0.33951755982708065,0.2419997169940025,0.3243804312394663,0.15632338579648986,0.12422813540375777,0.0,0.10789166435836768,0.1831320929531898,0.29923017395859414,0.4255641695462112,0.42602576099053624,0.464505884148098,0.7948465035256171,0.4795578768468319,0.4931767789446623,0.5131935130912552,0.5474539442856189,0.8058424999067157,0.8161143788936782,0.8833807984145436,0.975960761432954,1.0092546229619623,1.1149164390826982,1.8860751468659815,1.966413387434759,1.9806370543519989,1.9410709198348852,1.848276570371393,1.834929558824298,1.8653122511399205,1.7012456096500679,1.6673862788378282,1.5600278839075787,1.551630800784901,1.6929227624188274,1.4593815666207937,1.4005844676459676,1.5737923578786563,1.5754714776889587,1.3380041061062096,1.3154260921997218,1.250921959930271,1.2333228747733875,1.2885712579404411,1.4336364263813606,1.6713653916059055,2.0999564018341,2.483065127595942,2.8332167577714134,3.2582673793742725,3.508952653113841,1.5399712399271226,1.1311955279421304,1.3370187661487156,1.3863208479569336,1.478777441895419,1.170275544325312,1.4185757390467397,1.2723914773789986,0.9478261439709035,1.4243880079672084,1.0451536738850593,1.4376853697675651,1.2140831418770721,1.2177813169805816,0.9560130849552264,2.310779691421061,2.211631774892466,1.5952179557540198,2.1238726637067877,0.8324304042257822,1.216151176755835,2.1920831749222223,2.124664523199068,2.119078730251113,1.5033134382056825,2.132383502623617,0.4060906019419878,0.4892397499768187,0.7818172203198138,0.9397375528951336,0.9912705531383668,1.8212918914560572,2.170195799193832,2.2168814924232882,2.0348660138341517,1.788422469689159,1.6275740649959745,1.4705416393431197,1.2111751523426764,1.084479701894525,0.8248255046464704,0.5101795293270119,0.07023187621640069,2.3642171823090385,2.001276470372055,2.4792564872604315,1.7789096886047193,1.6009228776819424,1.5325797339946614,1.3795759412000888,1.2449779238894565,2.6129814378794696,2.7817933587500923,2.739421634474368,2.5164206085426097,2.9447198716341307,3.010760021469675,3.0416651278947278,3.2397298400190655,3.12943797156521,3.3954051392163613,3.5307047514186447,3.579989169046111,3.615021437796255,3.472483296975826,3.73609892845092,3.749798697898248,3.8100205272445997,3.849645345058604,3.8887960528800734,3.8382554594127147,3.668896543623602,3.5564383914801403,3.3734656841032042,3.3078576109097395,3.307156861046988,3.3591401167242108,4.140312719103812,4.156940432622434,4.1614777568288135,4.2556528745637,4.191049376214403,4.29847778160543,4.332593245030002,4.3260571144794735,4.331462172365538,4.358620522177678
3.0662971482437746,2.885516092862167,2.438718988914397,2.212756411020403,3.332421529459185,2.9984531967472616,3.2799472044465574,2.8753609668215105,3.2079878343603574,3.154186432486562,2.8233602100691826,3.144473624502777,2.9341171620730897,3.1120456264510596,3.3355499831225104,2.7198976072799628,3.0905807969439913,2.7485774648447387,2.7363323298601303,2.944517116459436,2.6185225487740844,2.903186679611374,2.5553562400570407,2.233833646361898,2.1243751616597217,2.2323478858546237,2.257359005353413,2.145333825708123,1.9555906048213212,2.1313825024589867,1.8236314223706591,1.3850884971502404,1.3532334365451395,1.3030446849674253,1.259721971521259,1.221728686950142,1.1712645568418782,1.1390753098235915,1.115258404550033,1.049121647421772,0.9686391978161732,0.916909434043062,0.8652028433853047,0.6816338528484542,0.5238913791217134,0.38311713618505416,0.3331004344944849,0.3202347987388168,0.22943624388971573,0.1875731536032976,0.10789166435836768,0.0,0.10381116643290005,0.21163466982518853,0.32558081659512556,0.34045193044879424,0.3836569683672292,0.7509525118390405,0.4065810357343839,0.4436077007863736,0.4622627758548575,0.49747404139101137,0.7248184533352675,0.7392423954337574,0.8219106740027077,0.9264277839442077,0.9533034527701693,1.0517182269222827,1.841489494926817,1.911272317707389,2.088520683891432,2.0488715940270215,1.9560852983312245,1.9407080332724114,1.9695474498494585,1.8084842365130154,1.7737414068615036,1.6662082372919356,1.6564990664089632,1.7918801366735444,1.56529517863822,1.505936831683416,1.6725591416671168,1.6732859263867623,1.4422227883676,1.4231988562076938,1.35831952212109,1.335070407710718,1.3824569208702882,1.5154178141084285,1.7404055970773815,2.1538228794988377,2.528112677727956,2.8728448994681752,3.295578736258902,3.5438725977874137,1.6318437804376775,1.2337431373229353,1.4270635639465694,1.4735906783565451,1.5636617903248051,1.2601284607621976,1.5018329438233708,1.3553557261351306,1.0394159461463368,1.5026164915967528,1.1235902931640993,1.5078816613969233,1.2817062108468946,1.2831722264882448,1.0222402909989654,2.418236654138991,2.319077284427061,1.7028311140131704,2.2316873564189637,0.924596353503734,1.3215060153589557,2.2993652465431205,2.23186704177957,2.2257178014126797,1.609720531786902,2.2382735074136964,0.46561810184315183,0.5924344955290185,0.8897084181220251,1.0475121470622082,1.0989611936722739,1.9249904607569372,2.2716156107425336,2.314508606163158,2.131403396721089,1.883399755004446,1.7213885623929186,1.5626793371444707,1.2988856467928025,1.1681121148167222,0.9019868254193739,0.593518439980131,0.14105992936063227,2.453793209099782,2.068920378591092,2.556739508523192,1.8344269478325455,1.6359653568614194,1.5467128281317122,1.3605772653188737,1.188226341751653,2.6894452217226235,2.854104915791765,2.8054154181851834,2.572364817511609,3.011875389742475,3.075831663300981,3.1012906510988802,3.29083417459155,3.170509447653216,3.4452343903408216,3.5802152033445034,3.6287485909291184,3.6632693663777705,3.5110843412154344,3.786380021923876,3.796293481516108,3.8573965761084312,3.8961420185820024,3.935379250979975,3.8777032963236775,3.6994794600044885,3.579742394292224,3.3781236965121457,3.296771296249376,3.2845877749542796,3.3214130745525394,4.183877406146383,4.198531656861523,4.200236846265214,4.2966786247136115,4.229328649112149,4.339090844988366,4.37327384404871,4.364610190194444,4.368998319161374,4.3957969957467515
3.1553764828396402,2.9715217303715566,2.5217620458988668,2.298845364164401,3.4247320907189596,3.0884601605735877,3.3732791183846604,2.965395772632835,3.302087215433486,3.2479085061570943,2.914512064654831,3.2392146663681793,3.027550055440129,3.207897601819915,3.428788263879831,2.8127616848673016,3.1867662877070373,2.8428970414756414,2.8314526750737468,3.0417417261058306,2.7138162740384235,3.001460427900599,2.655783882320746,2.332540939739183,2.220697131203172,2.333073150074323,2.3595865459971135,2.2472771763885846,2.056743794210434,2.234516942273223,1.9270922460138862,1.4884400159128055,1.4565422349036534,1.4067555313199476,1.363295134193585,1.325204920308351,1.2747594278289116,1.2426235579715759,1.2185392850452426,1.1517684993176491,1.0724499349116383,1.0193784684413445,0.9687526189919726,0.7828512692113027,0.627692160128573,0.4868924304942923,0.4237810915292595,0.4181384705291455,0.3270983741445009,0.28687115733252483,0.1831320929531898,0.10381116643290005,0.0,0.11610572550757882,0.24757556128236047,0.24344846317278362,0.28385759103663294,0.6487795437833543,0.30393608697158,0.34126384934589454,0.3595484700311153,0.39479812824049104,0.6257821207252094,0.6384313240946878,0.7181671114589295,0.8231277655735668,0.849520416396693,0.9481530713580157,1.738468852425473,1.8074639279785218,2.1429908816482275,2.1058041068661613,2.012943386292604,2.010081683968334,2.0434163112976247,1.8712174905694268,1.8410392962156388,1.7342884040467927,1.7288554941143295,1.875353597571886,1.6344482231763318,1.5769884936862657,1.7563086436083912,1.7582612129868869,1.5164128676920663,1.4813441497025437,1.404548602140352,1.3589133151465735,1.3888112877795726,1.501597431393643,1.709299656565693,2.105397201599349,2.470882741369814,2.810585605160821,3.2310797657792527,3.4773129195296364,1.7228511012656156,1.3116664182800843,1.5194872390919543,1.56794483765628,1.6594758846953883,1.3526599947398577,1.5985138252163895,1.4521420901672617,1.1305628188560428,1.601590525721415,1.222323389508075,1.60942528450478,1.3837665365652365,1.3856697691319362,1.1244627366128541,2.4789375857983367,2.379927421862782,1.7626175506581652,2.281718983843398,1.015245220874897,1.3927196422081543,2.3432061088486034,2.275159317602063,2.2653889679462536,1.6490614525982061,2.2741516725465885,0.5682739779519451,0.6700276026074531,0.9453117808338187,1.098903307654046,1.1489517051276041,1.95302696446505,2.2924299225127873,2.326112201007067,2.140963387284548,1.8902883454721366,1.726442141544756,1.5651387611302647,1.2949883966596227,1.1587508051941613,0.8860049015065731,0.5913280473548144,0.23607732440895202,2.449820305322494,2.0353433645503127,2.5345395200893277,1.788349114304204,1.5719942537662197,1.4678239674914857,1.2648138908149462,1.0844159688420996,2.6657196456433008,2.8248967613957823,2.7687973267723462,2.5253400637728687,2.976362153668299,3.03789488322726,3.057448464115824,3.2383784295590243,3.1092030540653472,3.391471630110658,3.526066176035338,3.573877367259194,3.607909438317108,3.4474914146942375,3.732820092379771,3.7392749270540664,3.8011343380949523,3.839070484828875,3.878364207011856,3.8145994605070213,3.6295186632065026,3.5046375772259886,3.2917000019308174,3.202827505451029,3.186375121231157,3.2192834653879676,4.124094446816563,4.137060983745095,4.136417818208581,4.234691122659133,4.165106973311265,4.276741402934942,4.310966783416328,4.300555564677531,4.304119857998212,4.330619641673177
3.2714580609092954,3.087566492783816,2.6375160878627524,2.4149055257923466,3.540448117427692,3.2044835710364157,3.488765314693752,3.081415478969641,3.4173564001442265,3.3632876676746912,3.030409474520247,3.354270150400488,3.143003213621387,3.3225059903902077,3.544299069297161,2.9283490508016827,3.301218396730587,2.958086388525131,2.946358143756952,3.1556303977209184,2.828650341841882,3.11464548883697,2.7669001966431495,2.4453788930020575,2.3350557155781964,2.4438155061534714,2.4677652736000097,2.3560613310198524,2.1668940126938976,2.340088684446021,2.031210208791928,1.593276316058978,1.5615899201289294,1.5091929785290337,1.4669385595029374,1.4294742621725203,1.378951541921965,1.3465093476954881,1.3238259158928083,1.2591660029655958,1.1727671464036005,1.1272701898642183,1.0728619409557558,0.8930565676141944,0.7297948299103094,0.5900833198728513,0.5393716322480455,0.5026534759074686,0.4402206547843021,0.39891617625275877,0.29923017395859414,0.21163466982518853,0.11610572550757882,0.0,0.14079369759990926,0.12886976762605112,0.17267689702671266,0.5687285253985023,0.2006431915936699,0.2676146258353486,0.2824913331036058,0.31668774556345425,0.5131968799045018,0.528291632336509,0.6196265620902198,0.7346111884298369,0.7548151864331463,0.8468062079881117,1.6496990534407565,1.7101425370531955,2.2482894881029445,2.2124134083847866,2.1195800317604587,2.1222648074930115,2.157117695748195,1.9807555301695463,1.9525069770569452,1.846114915815038,1.8421847982529176,1.9912029338207224,1.746728320070737,1.6899613264058784,1.8721984885020782,1.8742652404332385,1.6303911218519465,1.5891190815475618,1.5061761245192598,1.4460201161358421,1.4620122965213258,1.55583618652656,1.7445251172778369,2.1187484422570604,2.4718730742754738,2.8040499229458855,3.2208225321649713,3.4638179187829294,1.8387320769837618,1.4266719997091442,1.6351112511616999,1.683061112139852,1.7740413159030235,1.4682449238722606,1.7126553710229764,1.5662156858810083,1.246373765005227,1.7141925005874576,1.3351065585409079,1.7189925310299095,1.4924260174505242,1.4933652636820234,1.2328574527647862,2.5872161682746846,2.488320769209652,1.8708848763035477,2.3844545675672477,1.1311103277127625,1.505855871021337,2.442171753874581,2.3738397120556973,2.361753036927469,1.746038699057756,2.3679684191207997,0.6760893650477594,0.7853974652770331,1.0529388338509176,1.2040510445279944,1.2532407871283537,2.041742494493689,2.3751696297332705,2.401316846472473,2.2147496726962825,1.962316826956874,1.7973200434157701,1.634277520940941,1.3596609106129431,1.219238427712023,0.9427768401569797,0.6653814871762538,0.34999972797302986,2.5109448549382503,2.0667090630259652,2.577300584377919,1.8056408679945548,1.5662204099694443,1.4390448867383747,1.2023366647415081,0.9876754853128753,2.7066373597627447,2.859590628647781,2.7951402146966715,2.53951996626712,3.0036929519939752,3.0623154456432635,3.0747521633279624,3.2445822267805227,3.103612923283331,3.395798682139687,3.529751130344129,3.5765619799920545,3.609913365263012,3.4383098393497256,3.737094632184104,3.7389417043336826,3.8017668167005243,3.838584205644845,3.8779231234540084,3.8057937259741705,3.6108298451661156,3.4780573624788738,3.245720513558435,3.141405852999896,3.114296712785832,3.134089453527166,4.119701840558108,4.130318386420288,4.12636231272812,4.227160815983048,4.154457626844921,4.26867593858264,4.302939586072191,4.290058782399703,4.292440506190848,4.318493808410812
3.391347311706652,3.21109507845784,2.7639645655578513,2.5383366664543865,3.6556614972599135,3.3231458007876262,3.6022942876833324,3.2000531063981272,3.529544188127132,3.476163813193051,3.147476471315984,3.465278273593035,3.2564348701847385,3.431300803219394,3.6579778285257007,3.042788049069569,3.409310531665518,3.0700000065416644,3.056765092377852,3.261425328499357,2.9387640724875093,3.2178173563303445,2.863689161148824,2.5478496311092513,2.4433406112828244,2.5398560211574117,2.5570141409182585,2.4469806716609654,2.2616638642055333,2.423373051169883,2.1118957446697806,1.6767418722623526,1.6456222226668868,1.5880169569228157,1.548394507504792,1.5123902144207955,1.4619388799376276,1.4290239807246006,1.40937519569541,1.3496500008397745,1.2493596482911997,1.219584699233153,1.157525401588978,0.992385069261196,0.8145321934326484,0.6794750114143525,0.6586159025931907,0.5671870268488917,0.5525367901586016,0.50973795925613,0.4255641695462112,0.32558081659512556,0.24757556128236047,0.14079369759990926,0.0,0.10147796988650243,0.14211536754583332,0.5656463239878508,0.19047624576895722,0.3041357584445416,0.3108419298019764,0.3379338492084397,0.42919454936780294,0.4541252089235171,0.576347640682496,0.7095501153376691,0.7163617426963869,0.7909668336150082,1.6130322454239885,1.6560470584255655,2.38814298495476,2.3517921834094944,2.25894225544275,2.257556346193717,2.290122770171187,2.118521753714418,2.08861095336684,1.9818323840682515,1.975870406288015,2.1171728116358652,1.8819139220023893,1.8242152771547062,1.9978957124279573,1.9988034067935945,1.7629378158349844,1.7279189109053221,1.6467585678278394,1.5853269258926392,1.5965001815798612,1.6802225431865518,1.8554787207321062,2.210575342856335,2.5511882731898563,2.8750972178689085,3.287296393233337,3.5264891478941403,1.9563029116724362,1.5567574019756627,1.7507729756422659,1.7956190965893748,1.8838486545814288,1.5838751422621675,1.8207902898526076,1.674344993337693,1.364092393019267,1.81689511053393,1.4393136319196191,1.8130884996454912,1.5849084403304121,1.5835546886463152,1.3257616141501882,2.725804474220333,2.626840151480791,2.009445793796883,2.5249236444748933,1.2495501407765457,1.6398854692544709,2.582963556609273,2.514633326475693,2.502466148475511,1.8868047428581514,2.5084144632856527,0.7724942155345702,0.9147973233741573,1.1917294964938256,1.3438447286680808,1.3932860866248833,2.181255339006054,2.512838402456138,2.5359820278288616,2.3488696594154015,2.0957908102886043,1.9303937802967246,1.7666953311542715,1.4902968045048963,1.348033519443211,1.07063696184458,0.8020518486032705,0.46644023126438117,2.638226520340056,2.1739178022570043,2.692381097138357,1.901870281991086,1.6419317929989161,1.4908212010642101,1.2126568316542912,0.9404496301224945,2.820218201540972,2.96823631964301,2.8970608619975478,2.63119502041838,3.106195413736076,3.162289370567304,3.168465684948967,3.327734096198316,3.175152691457875,3.476946848419075,3.610122208549546,3.6558960292783285,3.688537102324671,3.505638817149595,3.817838965584398,3.815093321023383,3.878830866816931,3.9144860681101696,3.953834464123543,3.8731113186007606,3.667598369047191,3.5259736978978404,3.270037147272111,3.144732282401024,3.1016940299702656,3.0997429250794712,4.191356354276301,4.199512790902778,4.192049479285881,4.295445783560841,4.219484374767909,4.336361836890845,4.37063877592391,4.355136390903534,4.356243220151857,4.381792685178994
3.3977634123559346,3.2124171521552554,2.7608981132345627,2.539936785192568,3.6680461786459815,3.3311983215101524,3.616709536302655,3.2081517450980055,3.545533399333195,3.491355327323175,3.157600391606354,3.482621087649765,3.2709880609962587,3.451107456118645,3.6722120150965285,3.0561595101973262,3.429881470551158,3.086333051664969,3.0748061890520266,3.2844383281938834,2.9571390453804436,3.2435146421419887,2.895515113209447,2.5742443163356494,2.463744926314629,2.5723485527038736,2.595448599467528,2.4839839438108373,2.2952783375363235,2.4666403767456435,2.157107280118304,1.7196579603611153,1.688081674095123,1.6344273083325351,1.5928015674475784,1.5556568832427253,1.5051228731384476,1.4725531666608416,1.45052428214929,1.3867549861096264,1.2971588118087907,1.2550845969819358,1.1991944502990664,1.0216070788279163,0.8556955146350089,0.7167319125011511,0.6672195689111373,0.6212797347498282,0.569050066032949,0.527785941473831,0.42602576099053624,0.34045193044879424,0.24344846317278362,0.12886976762605112,0.10147796988650243,0.0,0.04942464157603969,0.47335877116298425,0.09292989412971112,0.202658345122688,0.2096405681918969,0.23768086360838842,0.3845372449088196,0.4008877899617105,0.5023037816886272,0.6268000920465777,0.6403410287939528,0.7255405885916137,1.5377867350072887,1.5907429216569808,2.3523523035252114,2.318473510699315,2.2257652816279543,2.2375172353498343,2.27529065965375,2.0915878927285463,2.066589191544983,1.9609026478295029,1.9597594707430674,2.1150737294014776,1.8623993762153204,1.8069499550022652,1.9962731521907566,1.9989444737491993,1.7494039059548523,1.6976480418913327,1.6061433981279782,1.5276195001372699,1.526863087534936,1.5981425835308134,1.764140594695606,2.112202230103752,2.450585839748317,2.773793870716884,3.185835580973135,3.425020434394023,1.9659951907929394,1.548121563084518,1.762879324449181,1.811360422140235,1.9026489889807723,1.5960712575750804,1.8413992058309447,1.6949733467991375,1.373827163396106,1.843050243122022,1.4639745341199928,1.8472377553985555,1.6204081917687954,1.6209994199383382,1.3608091691746997,2.695607596242698,2.596953148631698,1.9798120528252863,2.4846538058083043,1.25845073601962,1.6233001895077896,2.537010408880993,2.4683601489204623,2.4531354004973003,1.83924889750011,2.4559393691085107,0.8041383342440866,0.908355596664427,1.1624286821933891,1.3096255481278158,1.3574936131831925,2.1236317338008086,2.448877098491497,2.4656325743450918,2.2777235032927,2.023822040767121,1.8579838146649723,1.6935229048362757,1.4151697423409093,1.2710015824568566,0.9934136222087091,0.7396575827599052,0.4786726271645104,2.558056520185968,2.0805892719551746,2.6027670456259195,1.804780901971285,1.5411284663557154,1.3896228778995037,1.1183007822887967,0.870082907789242,2.729702104281269,2.8752084646541682,2.8013803175251604,2.532665151038617,3.01066560114439,3.0658952107029025,3.0703083470909776,3.2275332530770937,3.0738609603906166,3.3764672117610672,3.5095394187907023,3.5551937655671826,3.587758257835737,3.4041903264981297,3.7172866201102828,3.7140803670753626,3.777893190479077,3.813448687013744,3.852796267868733,3.771658503608233,3.566307794748277,3.425330224786365,3.1731642151747574,3.0535203725017324,3.0161776455877893,3.023989951308493,4.090040706725562,4.098101601533019,4.090574602404358,4.194009044131232,4.118006694430673,4.234911855950664,4.269188776008805,4.253658695775382,4.2547684220424165,4.280322045990077
3.433762662281814,3.2467214979525822,2.793769132956919,2.5745361211531836,3.705924371977681,3.367750059328667,3.6552244233476214,3.2447441101482113,3.584536899199306,3.530126684069618,3.1948573233684248,3.522038204513848,3.3096040985461856,3.491247868300985,3.710662925076543,3.0944571419306617,3.470243679897366,3.125521781930938,3.1145013235805328,3.3255073572969844,2.9969558716216365,3.2853168409233926,2.9389306121124865,2.616359432733721,2.5042663989747536,2.6159845151669807,2.6404257294708917,2.528670662949398,2.339241438828521,2.51262695520278,2.2035158606853584,1.7657504977622425,1.7340981755351172,1.6811798890436,1.639213857905602,1.6018741736323245,1.5513453996014317,1.5188531244858021,1.4963868769837998,1.431840655637504,1.3442724016381835,1.2999217606584865,1.2452995431417628,1.0652905503610932,0.9020294110982833,0.762582557448412,0.7064217350621421,0.6697443150927227,0.6108452262997978,0.5701772650374997,0.464505884148098,0.3836569683672292,0.28385759103663294,0.17267689702671266,0.14211536754583332,0.04942464157603969,0.0,0.42580343565283457,0.048855049763234966,0.1693432935795326,0.17264222024442288,0.19715341719048843,0.34192677862026405,0.3556779225611955,0.45308614796563584,0.5775071118365236,0.5909642796297959,0.6770663618137648,1.488377530928403,1.5419949378528264,2.3716943889780433,2.33901062872928,2.2464252089061736,2.2640002567206468,2.3038855483860816,2.1151886162515474,2.09234334048544,1.9871954907351552,1.9880393927393474,2.1485690436139637,1.889362195132304,1.8348842125317024,2.030006848498831,2.0332943305319935,1.7788805474443297,1.7200849556113103,1.623744950193812,1.5360245667224375,1.5276824693266928,1.5895024093895112,1.7466530308380672,2.0853515708734536,2.4188930611207287,2.7393213281865028,3.149902243164027,3.3879891420966652,2.0035255907408245,1.5796744233600188,1.8012789009284964,1.8508154112516837,1.9429345594782257,1.634617953032254,1.8822213153734764,1.7358829757485776,1.411829843729282,1.8853470694247179,1.506110077147013,1.8914617537579255,1.6650277128192414,1.666035700831254,1.40547474572679,2.7174064186520805,2.6189375649574855,2.00228186531853,2.5017270936250697,1.2963346550132064,1.6516861334291821,2.5511393324278293,2.482355678310099,2.4655003904230917,1.8530093479902061,2.4665671686505632,0.8487028543767914,0.9418554567012044,1.1861232229591234,1.3307699847839838,1.3778096347266406,2.131501867689982,2.4526735624866087,2.4652148519085237,2.276856572402769,2.0225442693427964,1.8565248198842876,1.6916734140949874,1.4122287406923844,1.2668476266784194,0.9897253792400719,0.7473626120002244,0.5199270832573071,2.5503557402725456,2.0607005866001105,2.5866784684895574,1.7800998778490025,1.5090376496004834,1.350789226706289,1.071824418504229,0.8209924040677662,2.712658409417969,2.8554100262278346,2.778357731049089,2.5054362038584315,2.987798701855989,3.0418557386646237,3.0436148902465905,3.196813646754897,3.0394319741801965,3.345011178335868,3.4777833173137784,3.523080601919263,3.55540329492641,3.368443032639135,3.685601565224326,3.6809001386363613,3.744988404672922,3.780167502556536,3.8195096124573245,3.7358294169533686,3.527736749556361,3.384726067420997,3.128216164759966,3.0059402771031847,2.967357594144296,2.974566314961518,4.0554071789682995,4.062747888824575,4.054236207737343,4.158379882027558,4.081483339627179,4.199106955159707,4.233382413486873,4.21712888784336,4.217894333609362,4.243309967671235
3.6673237417490143,3.464469795488839,3.0010205962315757,2.800605453821172,3.9574033725371436,3.607275980969206,3.9135805494993,3.485394819066234,3.8483476341801155,3.791738669305955,3.4425618457737643,3.7905056220101776,3.5706758488936106,3.767573634746562,3.9681074788583923,3.3534381588406936,3.7490477079783404,3.3935767529808163,3.3879372734555875,3.6126101290242145,3.272344637534088,3.5806436880227195,3.2539456536813636,2.9186601367634757,2.7903865546008255,2.9351658582131304,2.9751033038476855,2.8604647556912286,2.6638207686091406,2.8602859706638313,2.5580350222817616,2.119255415192642,2.0869609998020953,2.0434148388931797,1.9976268357179654,1.9582965174442346,1.908315649050161,1.8770579178870817,1.8497690345041264,1.7773898693603942,1.7140315348103246,1.6447496806486552,1.6045600738087045,1.4033041313436851,1.2698096875917826,1.129258859187721,1.0211004477563754,1.065558859353429,0.9511056445107668,0.9174409769779986,0.7948465035256171,0.7509525118390405,0.6487795437833543,0.5687285253985023,0.5656463239878508,0.47335877116298425,0.42580343565283457,0.0,0.3806973675391398,0.3075158324198991,0.28951228160144316,0.2543022176411432,0.32839271439738943,0.2881273195541691,0.17141702859364658,0.1853692863736329,0.23581346440768036,0.36368544964105515,1.0918338734850592,1.1756453889009582,2.459438559373403,2.4379795165531006,2.348097887799584,2.417888171747054,2.4765286898475676,2.245623721748404,2.242589487291421,2.1443557799498874,2.163139879520501,2.3691691107584325,2.054618504307456,2.0100787573366605,2.2546398119109936,2.263675728228563,1.9692207318238113,1.8494878281589902,1.7140953675526869,1.5505449191278062,1.4773275718227197,1.4549696204618272,1.5310434616648572,1.785816179998593,2.07895219540704,2.377789599571041,2.7771654457788695,3.007683341459099,2.2647618148007163,1.7935691366690696,2.073912130825009,2.132993207176654,2.2321495998276384,1.9115094367043792,2.1775978229898145,2.0341079639313837,1.6883615987337937,2.195796721293548,1.820096770854473,2.2224750577200627,2.0026821198623694,2.00828382924765,1.7468955636634511,2.82231157906465,2.7267794191769363,2.124920417053707,2.567184729086935,1.5748121011978662,1.8354495454206554,2.5897494812031194,2.520858475546292,2.4899222740210076,1.902827379762478,2.4757387335781282,1.200934179828559,1.1973929712152211,1.3474363772551872,1.4633304801219593,1.5011746614723123,2.123073107970154,2.402713312333054,2.37882652856073,2.190000154151725,1.9377461859959757,1.774661124983734,1.6118064807907477,1.3349685799666609,1.1875093888674704,0.9374958570764362,0.821610846036363,0.8628947811962759,2.4008543478268893,1.8178747223911336,2.3671420836788295,1.503426590914763,1.177821693545478,0.9698563806452944,0.6474480108092285,0.4630594484389574,2.483913652585616,2.6031648540359056,2.50137626191707,2.1982861963581293,2.710384152038448,2.7550151856181446,2.736612949508108,2.859553395379055,2.6770079803739177,3.0019659395722686,3.1321883958918035,3.1748706742595707,3.2054321413936293,2.996339312708085,3.339864102075825,3.324969777488948,3.390754126564443,3.423312475362609,3.4625247613111725,3.3624026540506824,3.1378238227821327,2.983477673395645,2.7072907881225334,2.580192806400702,2.545969366301242,2.570532773892817,3.6890591320282344,3.691758993422105,3.6770599973127287,3.785488767466102,3.7031194353526735,3.825046986860604,3.859262540123719,3.8385333957596237,3.8371872653031427,3.8617303363489195
3.4417845453586082,3.2524316739127794,2.79767250969456,2.580810806722298,3.7166319746327834,3.376570009182713,3.666897964861483,3.253644352639689,3.5969694464970945,3.542209831853604,3.2047297847641576,3.5351233144594896,3.321484690792943,3.5054853766598333,3.7222316395211084,3.1058940631184484,3.4848423743902828,3.1383160382028863,3.128090698732556,3.3412896007567006,3.0107603836488437,3.3023468054000595,2.9589052820160457,2.6340581734874036,2.5193172127990984,2.636436347624805,2.663521661706657,2.551194431324259,2.360383414531114,2.537936533873464,2.2298746550232096,1.7915089369529218,1.7596967191731847,1.708535819949124,1.665766214193772,1.627988766292236,1.5774964905881588,1.5451997653542386,1.521754688456281,1.4555913750995615,1.372704315675068,1.3232623827512267,1.271373859802228,1.0866527951369775,0.9289831837153408,0.7887135649211401,0.7212068227654488,0.7028417328961526,0.630018122956186,0.5905064587377516,0.4795578768468319,0.4065810357343839,0.30393608697158,0.2006431915936699,0.19047624576895722,0.09292989412971112,0.048855049763234966,0.3806973675391398,0.0,0.12297394902805625,0.1245738798021829,0.14830558605984223,0.3288295244480105,0.33663145408068457,0.4190049514401319,0.5375082227087356,0.5547877008823949,0.6465008164545893,1.450979088691864,1.5094998609578172,2.3600229213722073,2.3286074696049295,2.2361914980014634,2.260219898450525,2.302585451046508,2.1082069763109152,2.087801978337955,1.9833308515107084,1.9865120470980504,2.1535185601073747,1.8863346096055773,1.8330367062867787,2.0353291171381382,2.0394410727462344,1.7789286978229695,1.712066587523975,1.61071205437415,1.5142525592080662,1.4994118137621604,1.5540247291723457,1.7054416953299745,2.039416003841994,2.371234695467866,2.6909698696247384,3.101291297938968,3.3392411694125377,2.0141542218227118,1.5824580886204092,1.8133012895571157,1.864421643454838,1.9578055809477126,1.646966119245452,1.897989199519504,1.7518703851232502,1.4235473996640646,1.9036010783923607,1.5242988786704468,1.9132548208140514,1.6877013322567789,1.6895534269986356,1.428393339423142,2.708219875531582,2.609982398853771,1.9941162057253734,2.487682561853352,1.307995882256197,1.6505100529302899,2.5341694193507758,2.4652800891191626,2.446872533448054,1.8360009306938154,2.4463165285179733,0.8720621909822792,0.9480418709718185,1.1800745327726365,1.3217374799829107,1.3678384659715856,2.108881400198353,2.426409082652076,2.4355130963165768,2.2468586707915135,1.9923184379134313,1.8262323790877564,1.6611649051498678,1.3810692693424982,1.234891573421832,0.9584907233664257,0.7263797131682398,0.5386977732532996,2.5152020640071275,2.0180740941325643,2.5460988277776515,1.7351467193869097,1.4613294692838026,1.301940059610056,1.025376024222266,0.7871092857260363,2.6715058940947225,2.812719500373939,2.734049874665578,2.459310203050864,2.9435482274868656,2.997053615350265,2.9976695621880993,3.149417988627423,2.99108386626857,3.297390739393367,3.4300742612868147,3.4752721182347783,3.507529578785444,3.3198577731701047,3.6379083501590004,3.632816928903185,3.69697115112451,3.7320589716230037,3.7713992707128683,3.687228986351786,3.4788887824973753,3.33593828473316,3.0806766088952005,2.960749520572067,2.924698363186134,2.936410301899056,4.007007117372714,4.014219615778176,4.005563772697286,4.1098069644920905,4.032787928233881,4.150507219972425,4.184782273934296,4.168432126073984,4.169158970812522,4.194560451385077
3.4187500693275568,3.2238080914906178,2.7651076880171535,2.5544016791772366,3.700183527483693,3.3556034755244872,3.652967151535324,3.2329961289124944,3.5850543482125783,3.529435639311155,3.1865959850194114,3.5249530341236897,3.3083828332342273,3.4983512692137984,3.7079887383520975,3.091866635954595,3.478674841226474,3.1277625780982925,3.1196189407213684,3.338377590338436,3.0029809370339686,3.302797533395942,2.967691235876557,2.6371001002754255,2.515487871226908,2.646952651136509,2.681333444084083,2.5675713969005445,2.373248915367726,2.562195498231783,2.2576653713344284,1.8186313843495285,1.7864612734905432,1.7404888920057804,1.6955537237562517,1.6566593380571266,1.6064573776682731,1.5748424296937873,1.548717390078335,1.478310296207831,1.4090759204582748,1.3455148688235794,1.3015577607395243,1.1051085982144804,0.9643126739965787,0.8235037825557134,0.7269903339586976,0.7584098502893927,0.6492571913500684,0.6138023479456398,0.4931767789446623,0.4436077007863736,0.34126384934589454,0.2676146258353486,0.3041357584445416,0.202658345122688,0.1693432935795326,0.3075158324198991,0.12297394902805625,0.0,0.0205911032678969,0.05436864627333536,0.37084989037664756,0.3633700112551961,0.3937626005493904,0.48405395190697587,0.516176561126431,0.6251796579141489,1.3981023656280955,1.4733325150368266,2.291881246430781,2.2633102810269294,2.1714150723621404,2.210114861213631,2.258238422127289,2.050995922085223,2.036259435259031,1.9335992823682038,1.9422853681750036,2.124606503984217,1.838810807740145,1.788452154092274,2.007614736243014,2.0137663131667076,1.7390392038500817,1.6534428456877241,1.5411156906805659,1.426324688227372,1.3988269910253195,1.441085833725403,1.5850198129259263,1.9164877991586713,2.249793371984381,2.571474314180051,2.9832003731121706,3.2223960698464533,1.9998708228097715,1.5499116792603664,1.803180911655943,1.8582581191725296,1.954690573197117,1.6382723333057805,1.8974098722284176,1.7523301377711076,1.4142223230546136,1.9096422743575177,1.5315113628773926,1.928915773589464,1.7064966533953088,1.7106900409273644,1.4489318036087624,2.645135950196479,2.547530303625308,1.9344432146303991,2.4142255863657396,1.2991769902411483,1.6081079634064368,2.4544735994072364,2.3854378609315194,2.3638406535276753,1.7572415640344,2.359987092089526,0.8981536792681634,0.9283306911296612,1.1283928489150803,1.2622879094931854,1.306018920615994,2.0182021266818673,2.32845190602312,2.3313798961455383,2.142332851076006,1.8875940498209685,1.7215499585261838,1.556292552490021,1.2754690721877595,1.128173777934014,0.8538681304486617,0.644691703131236,0.5595390805332219,2.4022336085644924,1.8963521116236517,2.426180001043931,1.6122319272628425,1.34001175905642,1.1877417013519294,0.9347222191426456,0.7518803544641057,2.5510024920718894,2.6908989014304456,2.6113127900518385,2.336434048300914,2.8208304834881144,2.8741603835357705,2.8747470505349324,3.0275410111132617,2.8715615134810597,3.1758702255635503,3.3087169319382808,3.3541171760452713,3.3865193250475425,3.2015768345222786,3.516518999320459,3.5123484103150364,3.5763164166589605,3.6116640371016153,3.651009190253376,3.5690368324577695,3.3641129556247424,3.224610144748606,2.9808860219676028,2.873815237310166,2.849009892222236,2.878035235798961,3.887684111541574,3.89555702213733,3.887917834720503,3.991416141581144,3.9153486356709157,4.032294851055905,4.066571711305381,4.051000659113467,4.052125545035756,4.077691680023273
3.439062263399307,3.2439458573559903,2.7851075031870574,2.5746348530575163,3.7206458918574623,3.375971479317087,3.673472970071237,3.2533740696127382,3.605588705369177,3.54995922834042,3.207031447803632,3.545507410567124,3.3289038848976356,3.518929841558298,3.7284892275059494,3.112376661081961,3.499258476968522,3.148315835761163,3.1401904444117212,3.3589686929978817,3.0235577658912036,3.323380730024606,2.9881848081484206,2.6576618908623764,2.5360789596921913,2.6674104137054764,2.7016173955813794,2.5878921793693754,2.393651149433082,2.5822594211343284,2.2775700907507512,1.8385327654117067,1.8063751550875036,1.76015484645542,1.71532099234173,1.6764745094898346,1.626252982672888,1.5946017093074933,1.5685964067490912,1.4983554560758878,1.4284517622826087,1.365559629413273,1.3212457199373702,1.1252494611310868,0.9836205148274924,0.8427719680996006,0.7473929220975253,0.7760583974603296,0.6691925266022374,0.6335288610796869,0.5131935130912552,0.4622627758548575,0.3595484700311153,0.2824913331036058,0.3108419298019764,0.2096405681918969,0.17264222024442288,0.28951228160144316,0.1245738798021829,0.0205911032678969,0.0,0.0352524747378991,0.3529638840837241,0.3443552819418711,0.3732122213283934,0.4647180239583708,0.4960726844602109,0.604662877407173,1.3792476095235913,1.4534668134937876,2.3093572746772266,2.2810858454562086,2.1892536800635503,2.2291822566956108,2.2776737411253216,2.06953853642911,2.05524290387658,1.9527219490002823,1.9617569173714358,2.144775616795289,1.8580916634945768,1.8079203637976915,2.027831027711386,2.0340459246004334,1.758771182599997,1.6719276720305796,1.5585617453245686,1.4412995219038456,1.411275325176103,1.4497693924178112,1.5895866595830108,1.9161326081520662,2.2466705081672944,2.56668818610782,2.977517650106152,3.216028685617451,2.0203960720454157,1.5699937945706293,1.8237532558446683,1.8788478522343703,1.9752803005321187,1.6588555549986066,1.917989741048221,1.7729012266268105,1.4348059785100375,1.9301565910741052,1.551991969990705,1.9492304809225267,1.7267034126309038,1.7308179295249029,1.469054011724271,2.663092582344263,2.5655555773328476,1.952790971617723,2.4310801030648483,1.3197643901493197,1.6277243950383657,2.4705108151383177,2.401462566533577,2.3794043855295057,1.7735157808816362,2.3750345032582816,0.9179224447043836,0.9488395606654891,1.1475456641110944,1.2807991443426432,1.3243081569718884,2.032552956370671,2.3413025859414525,2.342732179313963,2.1536054702496124,1.8988559063362462,1.7328583477037276,1.567590822158255,1.286658960840619,1.1391067002956092,0.8655880640750836,0.6611796915200594,0.5793264634693344,2.410734845989794,1.899596726288812,2.431045634598861,1.6131391835615323,1.3367608330214262,1.1800032990334774,0.9203599057154058,0.7317925887556856,2.5553954595616823,2.6939648316556815,2.612813950762933,2.335795850267488,2.822375594190687,2.8751091878452724,2.8743262028034278,3.0249235924188005,2.8667977124977266,3.172831498817145,3.305503238519841,3.350698859669826,3.3829618353847435,3.196010147827678,3.5133386727654985,3.5083121129459895,3.5724382889470534,3.607567328806786,3.6469086421484795,3.5634214185158886,3.356756519929061,3.215870585139083,2.968792156260582,2.8591501973879323,2.8326653404953084,2.8598004695578982,3.8827897682474557,3.8902312172989597,3.88199111840197,3.985923744788164,3.9093077765562296,4.0266957687567535,4.060971838304719,4.044956883493777,4.045867937062947,4.071348149156288
3.4673593839832373,3.271270768790613,2.8117732930536987,2.6024937018333434,3.7500030106720583,3.404629683362301,3.7032283519869242,3.282102518072785,3.635656058240888,3.5799034869178934,3.2361801050860817,3.5758378272399964,3.358823756514337,3.549694515228102,3.758191064033089,3.1421841509461506,3.5301583811878836,3.1786362312872236,3.170809968259448,3.390316577677844,3.0542894200059223,3.355156828686702,3.02094149712333,2.6898233283962583,2.567416229900571,2.7003782490061745,2.7352584069663597,2.621420080418438,2.426881579924837,2.6164142572425337,2.311985767001258,1.8729540922028673,1.8407786573174414,1.7948575381130039,1.7499145742983866,1.7110106765182989,1.6608131854412254,1.6292046126293702,1.6030496119130846,1.5325492214375989,1.4633915327559013,1.3997551318076533,1.35592614871028,1.1592614284897051,1.018601005581727,0.8777742239442848,0.7806682402909411,0.8112569418362197,0.7035733783210064,0.6681697199000806,0.5474539442856189,0.49747404139101137,0.39479812824049104,0.31668774556345425,0.3379338492084397,0.23768086360838842,0.19715341719048843,0.2543022176411432,0.14830558605984223,0.05436864627333536,0.0352524747378991,0.0,0.33555760702409293,0.3231231352092608,0.3412193869767278,0.4297363914556038,0.4620489685221782,0.572233405600007,1.344062754631327,1.4190053688203677,2.3276231074328506,2.3001895908476238,2.208546993715999,2.252258056697397,2.3020485493211433,2.090932308696985,2.0780537057439665,1.9760149546629884,1.9862951762249037,2.1723091275428787,1.8819476272867268,1.832463544274437,2.055624984236655,2.062198423712277,1.7843455905666121,1.6932026954260682,1.5768737048181767,1.4534840643657794,1.417916505300898,1.4489299783202794,1.5813100253889718,1.8998080531456978,2.2262142658145367,2.543892109312327,2.953495951014808,3.191106099196188,2.050398319798071,1.5971377774776117,1.8544252892704625,1.9100369293391,2.0068324475534935,1.6897894917154146,1.9498695849228385,1.8049475679679203,1.4657663307466455,1.962783541447434,1.5848498072110875,1.9827829176182223,1.7605579688656188,1.7648503585733963,1.503100383977634,2.6826771401090226,2.5853472489616545,1.9736044622046993,2.44766846288841,1.35086351180755,1.6528558970374292,2.485019621392313,2.4159488510114024,2.392770317930239,1.788726767675841,2.387176168217985,0.9525157887770629,0.9787737636455202,1.1711002833170119,1.3022488380826491,1.3450763679397744,2.0431481550054946,2.3485483138739336,2.346858904748537,2.157604867828099,1.9028904811986964,1.7370332054916329,1.5718007379678873,1.290777394878576,1.1428023135859324,0.8711223063785851,0.6775713459400725,0.6139002578390966,2.4092912145866667,1.8890004200924226,2.423077038626726,1.5988518785367907,1.3163379826512096,1.1536358217722351,0.8870727484150261,0.6977192789359542,2.5466009405840255,2.6829324285093645,2.5992608826169747,2.318965960572852,2.8088676951018354,2.860654732323705,2.8577606162579583,3.005105609034076,2.8440058712340943,3.1524023623564497,3.2848180855046474,3.329723464377968,3.361789960826995,3.172127059985359,3.492687975794675,3.486469859645277,3.550810651363944,3.5856368597056596,3.624970922306959,3.539455200428544,3.330583750114318,3.1880424836957837,2.937374707138866,2.82552252124656,2.79797853821595,2.8245488698645094,3.8597649096271534,3.866631984580881,3.857605713945534,3.962101247825671,3.8847736906506154,4.002731796735712,4.037005587999467,4.020414126459705,4.021050197120148,4.046419628059058
3.7704919452041414,3.580402070124965,3.124664891580273,2.9090745506043216,4.045352160198422,3.705378572800521,3.995390341840513,3.582459271703225,3.9251935176324224,3.870565436481898,3.53354295711586,3.8630536047566904,3.6499049704012316,3.8327548021218085,4.050755674096989,3.4344426985224468,3.8118662247463404,3.46637400477605,3.455744802653661,3.6673784119360535,3.3382870781747944,3.6272333623152595,3.28004891377138,2.9582191721824196,2.8459865946135494,2.956882437953763,2.9792475976779085,2.8680685557171395,2.6797600414969494,2.8488251293575457,2.5383232668206626,2.1018054817755107,2.0704037750626143,2.0148533826415154,1.9742369415562024,1.9375912157325013,1.8870697067658888,1.8543346122122146,1.833238997306928,1.7705876856727552,1.6766219465836627,1.6391711121217516,1.581570701324726,1.4061443195863972,1.2379095181850057,1.0999544650897328,1.047842205237779,0.9956610684394195,0.9526989095888682,0.9118413202415085,0.8058424999067157,0.7248184533352675,0.6257821207252094,0.5131968799045018,0.42919454936780294,0.3845372449088196,0.34192677862026405,0.32839271439738943,0.3288295244480105,0.37084989037664756,0.3529638840837241,0.33555760702409293,0.0,0.04524345754302635,0.21452311700609464,0.36654452096135715,0.34007565771262604,0.3775802901107255,1.2082862647105188,1.2340311652855471,2.6622454789746803,2.6340445314391077,2.5421956771680088,2.578845349343559,2.624689989639721,2.4214142943385104,2.4053902350895835,2.302114946464031,2.308565091878431,2.4812514730936135,2.2064720016651744,2.154827783497872,2.3632669940655293,2.367718793481008,2.102978287103464,2.0239798346352034,1.9114439555452123,1.7874826811194993,1.7436487523064317,1.753049657709768,1.8510949162458974,2.114036838661914,2.401589451533393,2.6928271326397706,3.085960626511996,3.311458264052571,2.3428506734420207,1.9090573317779043,2.1416089710905055,2.1920071886107846,2.284584841504717,1.9751352601779189,2.2240606504246205,2.0777477096061063,1.7519211329733082,2.2271437979326665,1.8479461107699002,2.2316410888635154,2.004606733369948,2.0048393182994517,1.7450058894571452,3.0159730688603674,2.918379508991184,2.3051445743945362,2.7831338832980683,1.636372492065261,1.9733202921643243,2.8203330579143406,2.751256928889176,2.7274874259358337,2.1242470985595876,2.7208657141498387,1.1884925473348757,1.2765912803159576,1.4970587398035973,1.632813766083143,1.676789230381428,2.3751228115190974,2.6744508960303257,2.6649110702042607,2.475546400752673,2.221343194624163,2.05619108110165,1.8914211196725899,1.6109610022458234,1.4624666809725047,1.1962663989327422,1.0129876138315665,0.8618427264095129,2.7078413596216193,2.1431430219232177,2.6899378344113467,1.8313424690509983,1.504335426047083,1.2829472927073962,0.9070395808148233,0.5335642903442153,2.808261924723184,2.9302733815777247,2.829720621688048,2.525825231028348,3.038755437892792,3.083349754989289,3.063838664100331,3.1816831531647103,2.99104168305861,3.322393008289957,3.451710690829871,3.493518243931167,3.5234587246863245,3.3050601941695232,3.659118726948507,3.6406872926150853,3.7070432180825392,3.738549592383425,3.777664881562379,3.6697866539624724,3.4341953700618135,3.2690565752731544,2.957214714242148,2.790232085348753,2.720829699164342,2.6910957657662964,3.9997689107948093,4.000056964242291,3.9817607248183515,4.09261182092273,4.007032200231029,4.131447141598208,4.165586952593819,4.1421215801968225,4.13937447322723,4.163286050044268
3.774370365591745,3.582360410351075,3.1252567993961895,2.9117151134907284,4.051492987499128,3.7099487538690736,4.002369141602492,3.5871196133095533,3.9328330354291454,3.877908453149347,3.539037378420402,3.871260517392618,3.6570954170728878,3.8419582250770388,4.057638943390712,3.44128019013392,3.8213826239089483,3.474362659474899,3.464412529100574,3.677920778708027,3.347146342312805,3.6388544269882663,3.2941958429361446,2.970389651196729,2.855926847434675,2.971397093929146,2.9960432492609557,2.8843430299556463,2.694811052739883,2.86750547013832,2.5577851278417176,2.1205048154269055,2.088948127790784,2.03482609895192,1.9935033052011044,1.9564640553449046,1.9059297578057113,1.8733260872765352,1.851411419009224,1.7874053668175323,1.6971247775740845,1.6555592186739265,1.6000512128091997,1.4208267016063092,1.2564988368595371,1.1176165126750557,1.0578349528207287,1.0179905188372138,0.9654472006472873,0.925253996541992,0.8161143788936782,0.7392423954337574,0.6384313240946878,0.528291632336509,0.4541252089235171,0.4008877899617105,0.3556779225611955,0.2881273195541691,0.33663145408068457,0.3633700112551961,0.3443552819418711,0.3231231352092608,0.04524345754302635,0.0,0.16934161070587894,0.3215004123230458,0.29684581091592416,0.3421560788498185,1.1722126035712348,1.2035541880778946,2.6503578060608595,2.6232288440045113,2.5316260648275133,2.5734791538638624,2.621296126595678,2.413626972585226,2.399585359049193,2.2969691685300333,2.3052754756846294,2.4830113527637665,2.202106071323803,2.151457033557859,2.3653973516112488,2.3705065602294977,2.1011585024715957,2.015948839749149,1.8996916661213057,1.7690658341331316,1.7199587997033259,1.7229402173158075,1.815176001672954,2.072645808985795,2.3579765869337126,2.6482676721664804,3.0410070681733816,3.2663293662093116,2.349245753622191,1.909586169913423,2.149180371546456,2.200828582431376,2.2944115574167334,1.9830140308743662,2.2346149554551142,2.088481290973086,1.7594004861959966,2.239712027733582,1.8604025026562143,2.2471112308537067,2.0207019267954576,2.0216236124352354,1.761142739726865,3.0057885970973586,2.9084699507600775,2.2965546283658718,2.7691522668705995,1.643867869219967,1.9707106221063462,2.803878563300071,2.734796460736672,2.709762486973907,2.108837677085265,2.7017914078738205,1.2043711052794808,1.2805658455326012,1.4917611710950387,1.6248839735568306,1.6680201095806217,2.3545934709813876,2.650350690370423,2.6378629193964067,2.4485420124549724,2.1946302051443007,2.0298074281061647,1.865307685262818,1.585292728055531,1.4368061798764193,1.173006859650578,0.9996715310499457,0.8742501608720772,2.67592879392583,2.1051480138873955,2.653096108736781,1.7915469347341673,1.461860307465557,1.2384274147404468,0.8620226735259484,0.49678684796567896,2.770749645921615,2.891199100210062,2.7891955706684426,2.483760828746516,2.998117782637102,3.0421559348557308,3.021559813233511,3.1379321818246284,2.946390501513051,3.2783724738747417,3.407565631844598,3.4492671503934615,3.479138143128737,3.260096677394529,3.6149333361639693,3.5961436149725223,3.6625471045810785,3.6939634347750325,3.733069854596193,3.6247608588347426,3.3889584202575196,3.223870263591376,2.9131598223909156,2.7484331282306678,2.6815756670740956,2.6565446199296865,3.954882294078508,3.955060035150306,3.936644462632207,4.047568887256595,3.9618955502343525,4.086379043326784,4.120515896607249,4.0969756354568805,4.094199397825148,4.118099502185376
3.8034827117691856,3.6046346715457753,3.1431968115878846,2.9376479286530652,4.088603897798909,3.7416874864937073,4.042600329490931,3.619350641263888,3.975553551252879,3.9196073076692777,3.5743952000590165,3.9161187552486263,3.6985014419791526,3.89047610835959,4.0974625711350185,3.4816891420805534,3.8710606938229635,3.5189215196827224,3.5114548519796447,3.7314851709564967,3.395052221812822,3.6963634611974947,3.36122269527175,3.030852636699861,2.908586881469377,3.04023265243535,3.0729302160001692,2.95957207482424,2.7660646208447797,2.951238032599181,2.6448126122199103,2.2059474342632086,2.173948675541583,2.124919384058056,2.081297223368114,2.0430262932423946,1.9926251090918439,1.9605921098306098,1.9359434835054894,1.867525016410872,1.7902494344988782,1.7348092132567123,1.6867527028046025,1.4955991890511142,1.345748757685826,1.2050256161322046,1.1200138356261478,1.121645955811575,1.0383279552131517,1.0009867795822873,0.8833807984145436,0.8219106740027077,0.7181671114589295,0.6196265620902198,0.576347640682496,0.5023037816886272,0.45308614796563584,0.17141702859364658,0.4190049514401319,0.3937626005493904,0.3732122213283934,0.3412193869767278,0.21452311700609464,0.16934161070587894,0.0,0.15246474221856054,0.1403402146701696,0.2316824071829309,1.036931580197997,1.090563892122103,2.6221857054891733,2.599249023018742,2.5088375518094472,2.5703738674545304,2.6254811713389548,2.401816791516597,2.395334765988965,2.29554419812322,2.310798286015467,2.506745068843037,2.2039574472371486,2.1572370377273145,2.3908497556689747,2.3983602658009424,2.112933457200655,2.0046912261693013,1.8746983718981791,1.7185954883934116,1.6484600493142554,1.6247036373647599,1.6915593293118505,1.9239425336166238,2.198501112269562,2.483872185656716,2.874341534597493,3.09850793615585,2.390336317905856,1.9309217517430097,2.1951909052191954,2.2511590499584075,2.348049809889374,2.0307758153918494,2.2910444307862736,2.1460469062316556,1.8067837639754334,2.3032977875459597,1.9249830649567918,2.320922244444627,2.097413367278445,2.1007325981657052,1.8390226600632995,2.9833605897164506,2.8872931808967164,2.282069113673448,2.732603307804312,1.691964307401877,1.9801071686785996,2.757628525201236,2.688675755293767,2.6587440038435286,2.0686901297396645,2.645478889531491,1.2849657489973028,1.3189173730716184,1.4940241422641798,1.6161764482289436,1.6558194118433172,2.293394941874693,2.574126320555217,2.5497282571637414,2.3609820252778606,2.1089097939395094,1.9459545885080785,1.7831820794189241,1.5063782878710479,1.3588841016524593,1.1075297614577868,0.9770893134053343,0.94750345317682,2.567687383463836,1.9717660102746484,2.524017982635351,1.6505918816714638,1.3087390974427002,1.0747504906625738,0.6928830728835675,0.3681823564677555,2.6386581021085953,2.7522167441723395,2.6438687025884295,2.33161534364996,2.852168118786138,2.8936957819017173,2.8681761952077807,2.977569127919945,2.7814598091465226,3.116659293089712,3.2452136609907916,3.2863760695148954,3.315890517523467,3.09335854335726,3.4523550339590385,3.4317293802944904,3.498377020751963,3.5293172662740644,3.5683738635478575,3.4576215563292907,3.220131127864634,3.0545348026735217,2.74648747066466,2.589219734852686,2.5314077728171105,2.52364173566506,3.7885683140623314,3.7880900235488633,3.7688969875928926,3.8803080779870096,3.79400156158314,3.918954498479363,3.9530711511436776,3.929010714937401,3.926008323062012,3.9498125587891773
3.8487094292041126,3.6442640760324903,3.1799966720290738,2.9818842461114334,4.140312909183103,3.7892785259662474,4.097045027798191,3.667567501315289,4.032215260232864,3.9754742986423253,3.6253747852882205,3.9746832549717817,3.7544471004035107,3.952183340061697,4.151486417469297,3.5371480285177537,3.9337770782668806,3.577843115855974,3.572492750751202,3.797678934458409,3.457023599956105,3.7659194469524486,3.4392065398460683,3.104029396181806,2.975556645968394,3.120280251388764,3.1594728823895117,3.0449860648839824,2.8486702203892613,3.043516693085518,2.7403307452046994,2.301382544012768,2.26914200733852,2.2242256858488316,2.178973280677378,2.139885366830916,2.089774570999387,2.058304844235333,2.0316471327957517,1.9601108093155297,1.8931267409762826,1.827378419847968,1.7852702936525093,1.5862252664537102,1.4483302483563354,1.3074891114635039,1.204869621320678,1.2362874033708373,1.1322719127550191,1.0975446699214348,0.975960761432954,0.9264277839442077,0.8231277655735668,0.7346111884298369,0.7095501153376691,0.6268000920465777,0.5775071118365236,0.1853692863736329,0.5375082227087356,0.48405395190697587,0.4647180239583708,0.4297363914556038,0.36654452096135715,0.3215004123230458,0.15246474221856054,0.0,0.07242773252250576,0.20064305715172268,0.9157115149544038,0.9915354485302065,2.6192946776227077,2.6002798260974536,2.511293322962209,2.590332066452403,2.651703258483224,2.4146482424230635,2.4149578992821215,2.318113695111465,2.339430427821461,2.550415394997473,2.2298563947218404,2.1868236066618976,2.4364319550810665,2.4459664485395214,2.147980618994732,2.02001500909148,1.8784158481037876,1.6996710091065579,1.6096377129627026,1.5588094129982781,1.597928169169372,1.8008024800745854,2.0617967969834994,2.340562377556,2.727724839449062,2.950083581968513,2.4491746397595664,1.9752303428846152,2.258908677383636,2.318219890038182,2.4174712620367576,2.0966937455406645,2.3629662710903436,2.219467171670292,1.8736250826370497,2.3810068913567592,2.005062548132931,2.4068017722805384,2.1863739156141606,2.1915680137165734,1.9300033185773686,2.984601378732628,2.889945493794742,2.2930209349832182,2.7216066066431535,1.7601395657566865,2.013827041263435,2.737498052095084,2.668887735196475,2.634439803856411,2.057169399215653,2.616195997937018,1.3816999927085731,1.3825793494452199,1.5253767660981634,1.6366632662371576,1.672830705129651,2.2607737990893826,2.5258514019213143,2.4897562313290975,2.3022181852718884,2.0530261199497133,1.8927730004944159,1.7327282682101237,1.4613829550667787,1.3164699945840703,1.081458161221681,0.9947813079562906,1.0431533670252275,2.4872720669632207,1.866139640922524,2.421738094290886,1.5373976447201498,1.1819343978735577,0.9339924971473641,0.5405237562306217,0.2782339524381559,2.5329039859118536,2.638758571043188,2.52347163837416,2.2037214948114294,2.7308327194674127,2.769478729097447,2.7383068808855136,2.8392617767723785,2.6373174284620213,2.9766112594279233,3.1043170320464193,3.1447811977678506,3.173830271433232,2.9465974688758765,3.3111139130080423,3.2881222394936924,3.355077384436437,3.3853841650263403,3.4243675183694204,3.310217627863606,3.0699005279298364,2.9028102919051766,2.594763149884254,2.4426709312257606,2.392247040279796,2.399495157082975,3.6423235462666983,3.6409029114138995,3.6205312305371544,3.732681462069655,3.645400476294432,3.771077570803396,3.805160879594552,3.780286326329045,3.776910698304925,3.800550810824533
3.9029905179581994,3.7002822154260198,3.2367806977337397,3.0363078833790267,4.19246202949074,3.8427723449162823,4.148228805038741,3.720831814448657,4.082593816673808,4.026131791703279,3.677694521326152,4.024356742469389,3.8050414148981258,4.000675035006255,4.202826948442542,3.5878787812942323,3.9818801208915264,3.627319068530312,3.6211756265185517,3.8444026889771203,3.505330241714542,3.8112817267317234,3.480916105404638,3.147755110087483,3.0218040362867904,3.1610002448770866,3.197163451842406,3.0831944716465354,2.888153123958462,3.078329619947722,2.7733882934296648,2.3343565157323387,2.302231917847319,2.255088124375696,2.2107074636829327,2.1720433981001213,2.121756905909979,2.0899712011767337,2.0643732576352933,1.9944195357112007,1.921856384080861,1.8616240839776788,1.8163690026494257,1.6212843207848526,1.4769576313969541,1.3360565990153777,1.242288405195701,1.2574450687713992,1.1651632440818234,1.1290371409296325,1.0092546229619623,0.9533034527701693,0.849520416396693,0.7548151864331463,0.7163617426963869,0.6403410287939528,0.5909642796297959,0.23581346440768036,0.5547877008823949,0.516176561126431,0.4960726844602109,0.4620489685221782,0.34007565771262604,0.29684581091592416,0.1403402146701696,0.07242773252250576,0.0,0.1316459975686901,0.89761764164381,0.9581789366785819,2.6855969345401,2.6658144941909776,2.576514772079293,2.6515915458935035,2.711350670798769,2.4775737093401697,2.4762408444618456,2.3786062110501884,2.3983063556825273,2.604886916685921,2.289430656448317,2.2453661093003596,2.49024122341302,2.4991120469181554,2.2049343230106815,2.0821813968288923,1.943119952855597,1.7683559447736643,1.6807147821821047,1.6312357444113605,1.668767072037258,1.8644848835200234,2.118321208429593,2.3914902253730017,2.774667426717942,2.9942546275137247,2.498378219325215,2.0292254337653337,2.3061862020076878,2.3642108813861817,2.462550815834626,2.143032108745908,2.406992160499741,2.2628013811565446,1.9194655324466146,2.4225562267051974,2.0453837779911668,2.4446092032895845,2.2226020979605283,2.226866596853379,1.9651078129225843,3.0501861368368495,2.9552253597566245,2.3563337746391557,2.7893739990555844,1.8053668552383795,2.0710981891438025,2.806672288038919,2.738000603204757,2.7041590042062227,2.1248343095507063,2.6865202604531566,1.413453575138765,1.4292153233292373,1.5829624591257472,1.6972966525602045,1.7343664613567122,2.331403146354716,2.5978063188782303,2.5621448465704755,2.3745769470603095,2.125288968808034,1.9649132301032568,1.8047080036845013,1.5329341719488065,1.3877518453172737,1.1507102306467503,1.0552561035876273,1.075024644931326,2.5591926553997175,1.9348767494871428,2.49096833546879,1.6045055858832147,1.2446972636001106,0.9888474835034301,0.5758393811321761,0.23572368667833318,2.6014045313014167,2.7053220501003192,2.587854781098359,2.265151120932863,2.794811507690042,2.8323193165487726,2.7985677251739585,2.8943106368615865,2.687254010824041,3.030260172188079,3.157217694043803,3.1970568183146253,3.225673617450686,2.9932736217830986,3.363662357173119,3.3384255572769086,3.4056784089099668,3.4353240223469377,3.474220839722554,3.3558882278401696,3.1104941133064736,2.9388951972525827,2.6176425696641163,2.4525147638715343,2.39160087706036,2.384174285689992,3.6895140211621418,3.686814916862792,3.664636580102092,3.7779317490770667,3.689103723616409,3.8159382298772004,3.8499634268482965,3.8237503175251035,3.8197023622456876,3.8430287079781853
4.027616048084012,3.826381921218052,3.363539636905854,3.161190568008975,4.315134949732996,3.966715648256965,4.269996721018723,3.844588141318232,4.203593567341086,4.147411736167621,3.800601208077892,4.144671995734774,3.9262975660308252,4.119805134690504,4.324736762202568,3.7093073419497022,4.100615766410173,3.747514251557972,3.740578107088288,3.9617293882806544,3.6243786616007667,3.9271594971694643,3.5928193806574384,3.262052235015254,3.1388683728888553,3.271893589765798,3.3044597715780544,3.1911714346603746,2.9977453852679057,3.1821627929319445,2.8752278686079045,2.436496379752818,2.4045521795211338,2.354650087303436,2.311432782669435,2.273352104256859,2.2229110469541,2.190771478224874,2.166536259250977,2.098629460699336,2.0191779658381264,1.9659570105126272,1.916898559561302,1.7270261566666385,1.5751744142818298,1.4346560508362876,1.3516846993855942,1.3467805568935822,1.269651008880126,1.2320283209843104,1.1149164390826982,1.0517182269222827,0.9481530713580157,0.8468062079881117,0.7909668336150082,0.7255405885916137,0.6770663618137648,0.36368544964105515,0.6465008164545893,0.6251796579141489,0.604662877407173,0.572233405600007,0.3775802901107255,0.3421560788498185,0.2316824071829309,0.20064305715172268,0.1316459975686901,0.0,0.8307091259049301,0.8656734836444366,2.8172042969884385,2.797303423073974,2.7079371548536324,2.781398151025222,2.8401952285964036,2.6082163058110637,2.606077424736622,2.5080088086369874,2.526695384757133,2.7299080509400504,2.41828974609173,2.3735613486674128,2.614736150900049,2.6230319859908455,2.3320170972140293,2.212512265190985,2.0744318999263607,1.8997218148068298,1.8100522596141864,1.7542667615777248,1.7797177398186839,1.9518608231823815,2.1869578920127344,2.4465555772191436,2.8202191170049673,3.033469581199092,2.618652760458823,2.1540460323569333,2.424647637157914,2.4813195157949584,2.578644088934366,2.2606442522276073,2.521993131681115,2.3771552830690017,2.0367479487775744,2.5348194116870366,2.1565953851408586,2.5525346263651527,2.3288541262560805,2.3319913128024825,2.07032367795151,3.1816795872839223,3.0866541406113908,2.4871469090839446,2.9209711424003566,1.922131624182432,2.198449834412617,2.9378433802220827,2.869201356709639,2.835000517455577,2.25644029177079,2.816837955137954,1.5157323543036358,1.5478611183619349,1.7107135981905137,1.8269015233337884,1.8644397106710449,2.4613742995323684,2.7248678848376606,2.686121731295715,2.4990315116379738,2.250725583422631,2.0911693461546,1.931740767927376,1.661330909680004,1.5167408734150316,1.281811122130905,1.185017902928398,1.178712659186866,2.67542638643673,2.0374429071088263,2.5948200447235332,1.7022565409504073,1.331322315189794,1.0582422937066507,0.6133856775150353,0.15684632250450303,2.7025844816439806,2.800099377707264,2.6762509817534728,2.345846586919644,2.8818777854484425,2.9161820204902718,2.875586699754206,2.9582758493548313,2.739605437561083,3.090754160941525,3.2158259206843485,3.254167981436335,3.2817540951714714,3.037950497933773,3.421256693370802,3.3908602304934883,3.458732628478945,3.4868429929645486,3.5255090198397565,3.397956766416359,3.141936494136531,2.9612114430880814,2.614450108447142,2.4255056267323285,2.3462407635616844,2.3143920096618738,3.7346371190772194,3.7291140511999985,3.7030107947213975,3.8187059768742166,3.7265869849784528,3.8558313107037434,3.8897034264624426,3.8606066221856232,3.855114449216702,3.8777491461194513
4.654037999594663,4.435790170105007,3.968307763109754,3.79240224215415,4.960877805543678,4.601339974754329,4.924767761607604,4.482144006579816,4.865720858517892,4.807351186011046,4.447317054268194,4.8130294212793165,4.587764724071306,4.79790715105911,4.977869161210706,4.37066037427844,4.78185732298891,4.4191913112909855,4.41865869832359,4.65393361993368,4.305909414946069,4.629242029280804,4.319390495226557,3.977153691575164,3.8377132311020445,4.004979714227304,4.053657285010513,3.9379309685616266,3.7382644006218455,3.9451700590808225,3.6459878819837632,3.207888622996397,3.1755079146899825,3.134071160784907,3.0876601541560347,3.048001600781066,2.9982441122203527,2.967289515469144,2.9390817670644536,2.8650028917367423,2.8057901427097534,2.7327592032642216,2.695504032931113,2.4909742414521174,2.36164221168725,2.221061416772934,2.107263243560311,2.1518664277468975,2.042129564323117,2.0090824237027993,1.8860751468659815,1.841489494926817,1.738468852425473,1.6496990534407565,1.6130322454239885,1.5377867350072887,1.488377530928403,1.0918338734850592,1.450979088691864,1.3981023656280955,1.3792476095235913,1.344062754631327,1.2082862647105188,1.1722126035712348,1.036931580197997,0.9157115149544038,0.89761764164381,0.8307091259049301,0.0,0.2228174340070819,3.29071780063518,3.2862538960368246,3.204735527462357,3.3387205364254005,3.4175723527085387,3.145063004811529,3.1662881750362053,3.080450965160996,3.1184079034218435,3.3649596889137356,3.003775898648166,2.9718285629962384,3.2572687455203324,3.271446553599686,2.9480851879679713,2.7696807236139427,2.5982531366289385,2.3531898057190617,2.1939523090476842,2.026042768167628,1.9014420615926793,1.8378679697101252,1.9066189859491616,2.0544320273626933,2.3497823631224732,2.5184738367993176,3.299310708063737,2.801110243665309,3.120640065071737,3.1855178075983095,3.288136663481309,2.9641516453331,3.238359253961506,3.0984156072672113,2.7452361067745494,3.2655321788989067,2.8953941455757266,3.3025761830332727,3.086694305242863,3.093896618811668,2.8334719883743444,3.6618318776869665,3.574391678164428,3.0208733827149743,3.35965256710438,2.6353321303340307,2.8136876360018137,3.338512712751604,3.2735726522471924,3.2215618523322274,2.717726546135521,3.1826776669630474,2.292061142241456,2.2568202213418984,2.334276975545364,2.4146824464179115,2.440152423796645,2.8282639703473684,3.008219008414576,2.9138464860820354,2.7433893786460204,2.5252269653306088,2.390128093137916,2.2560972934290433,2.0345919172007236,1.916231521482378,1.7671785246354526,1.8021611018759456,1.9545071511231575,2.792782115127696,2.049167334460585,2.579106636002096,1.7062808993905538,1.3065278232885775,0.9868180125532449,0.6336283293235907,0.6754851584258034,2.654815891786934,2.687961111020927,2.515461491107132,2.1436420301622308,2.6995376113570324,2.7061642794262206,2.6141649871409185,2.59952006361946,2.3144294639081457,2.7035024782148387,2.811824627506443,2.839267768282059,2.859412408116969,2.5541492997345467,3.0043253475672267,2.942522007086953,3.0123048883782224,3.0302838644400443,3.0665411302601404,2.8884402099148017,2.5815007901280667,2.359581473944991,1.9097171705232077,1.6453291037053241,1.528173386017408,1.486724975713629,3.234538368356801,3.2132145542255413,3.1661335788185694,3.2925795380333187,3.184453035384278,3.324189196222932,3.356601314767305,3.3126025385185933,3.2996196751601885,3.3182556017133362
4.797589852538133,4.5836983972684955,4.1164772633894575,3.9328405519772756,5.099146268873754,4.742421265702372,5.060159913801627,4.6221570489571375,4.998658225537473,4.940920927319314,4.584501738581277,4.943831437515387,4.720515658979209,4.925356929967826,5.1138527075445905,4.5030959588843285,4.908183700518089,4.548292040625837,4.545567160776304,4.7761270137328,4.431432041659223,4.747665566230738,4.427358800382401,4.089453801145717,3.9561103354541705,4.109632871499079,4.150748692597895,4.036081222878416,3.8391088892238905,4.034897801098508,3.7309896807705316,3.291959266358555,3.259780499763684,3.2132371995092552,3.168710039889679,3.129928935917399,3.0796884274681835,3.0479794600828907,3.0220494456119438,2.9512649174552705,2.8799061480962145,2.818492647559942,2.7744621429847687,2.577556049289051,2.4350587283846843,2.2941739503829583,2.196395077994974,2.211628656320318,2.1225774084401663,2.086923932403411,1.966413387434759,1.911272317707389,1.8074639279785218,1.7101425370531955,1.6560470584255655,1.5907429216569808,1.5419949378528264,1.1756453889009582,1.5094998609578172,1.4733325150368266,1.4534668134937876,1.4190053688203677,1.2340311652855471,1.2035541880778946,1.090563892122103,0.9915354485302065,0.9581789366785819,0.8656734836444366,0.2228174340070819,0.0,3.465688705262959,3.458321094361332,3.374972455370143,3.496705309202493,3.5711148131802277,3.306844943807809,3.3229509585025454,3.233897161216335,3.267303430095023,3.503077252941308,3.153732091832755,3.1184363535164064,3.392841240580225,3.405307932889713,3.0899183569779245,2.9251738073883473,2.7599766100421084,2.526639572810485,2.377471483459718,2.2232338668110416,2.1126463171186285,2.0603453370326137,2.1265230291402957,2.2652729681136154,2.548668866534815,2.7086107501093757,3.422911524576569,2.933515159078975,3.238303636604862,3.3003469158873857,3.4012249988259335,3.0785436019002543,3.348608976714148,3.20630857375073,2.856957678936663,3.3698782202494537,2.9952319876309175,3.3981160768266476,3.177908292185628,3.1830091717929476,2.921385198946605,3.8368236308008474,3.7476878807641465,3.1827855585625406,3.540986874997014,2.744813158563674,2.955111664015023,3.5258514028520227,3.4601121107963606,3.4105919817068377,2.892245013812522,3.3745376435371903,2.3713464871286805,2.365933620180243,2.4705459195836723,2.560727726948461,2.589284527297403,3.0184619381946214,3.2098259964941067,3.1209296960791897,2.9481483146147354,2.725650894034443,2.5868367621867443,2.4486043712884538,2.2181836927893293,2.094407254367879,1.9282290714715158,1.934682813463161,2.03278231050161,3.008387041738678,2.2682739248134216,2.800534831887413,1.9241341131046936,1.5226462282773638,1.200821353888759,0.8143941939671252,0.7230638895964062,2.8770935554964643,2.9107694663859665,2.737901420715145,2.3656910294167472,2.921342385690074,2.927094868897862,2.8329474031675734,2.811055614638107,2.519916267539711,2.9116495569136025,3.0175694061252605,3.043532381882449,3.062620077563855,2.749641278499796,3.207681691796882,3.1417160816665324,3.2114970291489526,3.2278639015764368,3.263598481789704,3.077557901720575,2.7617412324867474,2.5311845972867055,2.0502736888736997,1.7447689507640627,1.5855891368028503,1.4738240053012848,3.423884105539955,3.399622974432912,3.348440358492775,3.4766014394237854,3.3655451260846707,3.5069361764081743,3.5389104369646205,3.4918482466915677,3.4772199661790175,3.4948491220773708
1.572439294744657,1.3258649154088042,0.9281192848635943,0.9329327584715472,1.9112383174841716,1.554830305377309,1.9119045903119394,1.4643967203095738,1.8890530008534632,1.8296525615461672,1.4724601389345178,1.8697938515154737,1.650744967861139,1.9005616719820027,1.952910552312243,1.4765579210661521,1.9018630960481062,1.5637684299533137,1.5955520805060555,1.852386811062068,1.529877820197921,1.8866957024674074,1.8141550653206158,1.52359631006246,1.3421893532737765,1.6669026097633977,1.8193388696830117,1.7367383953796656,1.5921714877762216,1.8784642575425259,1.813140238607658,1.6961105601935522,1.6873669335430814,1.7579978090809185,1.7233327152801632,1.7058848714418045,1.708744665605465,1.7177055558492806,1.6836558608426722,1.6365469877273922,1.8057236944715311,1.6528543199685606,1.7466137986222905,1.685542832977931,1.870426980020053,1.9124091525108815,1.7960883925745983,2.0676349918898445,1.9069764221699994,1.9451480135500632,1.9806370543519989,2.088520683891432,2.1429908816482275,2.2482894881029445,2.38814298495476,2.3523523035252114,2.3716943889780433,2.459438559373403,2.3600229213722073,2.291881246430781,2.3093572746772266,2.3276231074328506,2.6622454789746803,2.6503578060608595,2.6221857054891733,2.6192946776227077,2.6855969345401,2.8172042969884385,3.29071780063518,3.465688705262959,0.0,0.07034671385378923,0.1426531418256281,0.39242126009709977,0.5039367017263199,0.3352438248806602,0.429404417661899,0.5176241057722786,0.5914843492852493,0.798785949033981,0.6095919782088605,0.6795992755666159,0.833923210598231,0.8669199964669299,0.7682947109966128,0.6677870602824542,0.750801588508889,0.9390893926263557,1.1074511654086765,1.3462981104622063,1.634415431971994,2.1051844833934066,2.5042875736005734,2.85389372680819,3.227511010601787,3.477660409566797,1.0572652691137334,0.9727551284440753,1.14793527747887,1.1980656051473448,1.2394386620469573,1.2100316739680412,1.2804939606932932,1.3084720299866217,1.2914756259446716,1.3828837905862754,1.438567086909128,1.5338126893043962,1.5698223833857474,1.6025900532392552,1.614599763380298,0.3711946490624177,0.2860449108964999,0.40072606737155303,0.1776661730397219,1.3543794010988557,0.8333334273497162,0.3296783151962805,0.3001314768879112,0.3722707870938586,0.5734505882424403,0.4572074403217025,1.8251268758401702,1.5228864635402055,1.1989783954133073,1.044298954854018,0.9952019824713814,0.590145202079693,0.7840314542570349,0.989188259872511,0.9698263826976956,0.9882999488702784,1.0292987251025578,1.0991628300678316,1.2643241318752039,1.374721905495905,1.5495157464473135,1.650992773996463,1.9655594230526405,1.3677089145361498,1.7794609851899665,1.7909802162602149,1.9224169592539586,2.1664213703395676,2.4004722422461597,2.657506419742889,2.8762232355411146,1.901236460953785,2.1208200550066656,2.2434128591034943,2.3132572495125556,2.3623838743253014,2.459984175937929,2.606132878903721,2.940916068801737,3.0536742015716225,3.0917614263502937,3.208847744830397,3.265030735971742,3.304623768716703,3.377610177843593,3.364104131148683,3.4534396372338985,3.486530928419913,3.5381907581051943,3.5698892956351345,3.6687632650696984,3.6927318438458956,3.7289564198592204,3.8867713859578,4.0725455332358,4.238479309789255,4.494686411591582,3.8485178959658892,3.9024425318861233,3.962204768589432,4.000366800185972,3.9975248297555215,4.046331552481314,4.075175875773888,4.111270267780384,4.13591733578356,4.167009087177706
1.5364480860109253,1.2905953291121073,0.8805877541476717,0.8728260441853528,1.874783786200863,1.5155915020403923,1.8726263827595309,1.4220112430443124,1.8470881375701902,1.7873474507054021,1.4269724082867503,1.825535714947143,1.6043955075381706,1.8538104708487226,1.9147833128506861,1.4259886539139162,1.8541655261500238,1.5119506093270094,1.5424069343994284,1.8004003884672326,1.4739160311923039,1.8323988846396777,1.751528122514272,1.4575501951277636,1.275465796034506,1.599784428847177,1.7515809326640606,1.6681596115459971,1.5224696568694638,1.8091949672568328,1.7427944916751503,1.6278097162313816,1.6193962957872805,1.690661932355265,1.6565083991345166,1.6395695617763646,1.643166484921865,1.6526228100268914,1.618995668395963,1.5731915312851403,1.7435067604124554,1.5922017458889994,1.6866219296790277,1.6307180584288554,1.8179631265669571,1.8634430898035608,1.7518661532930504,2.0194681590880164,1.8633748606642953,1.9021075349230652,1.9410709198348852,2.0488715940270215,2.1058041068661613,2.2124134083847866,2.3517921834094944,2.318473510699315,2.33901062872928,2.4379795165531006,2.3286074696049295,2.2633102810269294,2.2810858454562086,2.3001895908476238,2.6340445314391077,2.6232288440045113,2.599249023018742,2.6002798260974536,2.6658144941909776,2.797303423073974,3.2862538960368246,3.458321094361332,0.07034671385378923,0.0,0.0928610457750581,0.3228860610246749,0.43622922005300113,0.27258492027610437,0.3623866291608489,0.4542084944786244,0.5248977260717507,0.7285236502815476,0.5488795149680302,0.6190787600699275,0.7639100422274068,0.7968201325518952,0.7072055912817956,0.6257348080614691,0.7246845444057571,0.9330789952139389,1.1124298185874548,1.361824053544416,1.6586310823324706,2.1377129064781135,2.5412012555347614,2.8938071031427044,3.2712881396394966,3.5226662382983576,0.9871531737829152,0.9149950661002496,1.0799202079464056,1.1291723376197451,1.1696052494727065,1.1450506780047482,1.211135656436903,1.2409020866002047,1.2320127721396301,1.3134382051867006,1.3747217946409485,1.4643279785138583,1.5027371945458456,1.5354597921133137,1.5518691083207048,0.38437968760285324,0.29043297857394196,0.3504229635254757,0.24575875035242326,1.2978671697243347,0.7781974901502279,0.4000111093833059,0.36958744780278885,0.4396610176430167,0.569994429002746,0.5231676512963152,1.7748523110858196,1.477909055548873,1.1605979606784742,1.0089065036888787,0.9612068446914123,0.6291161671805963,0.8445761507513239,1.0476710070759636,1.0200205758263274,1.0244335796319375,1.0554533279242468,1.1158476251984175,1.2673548473361573,1.3722984883293403,1.5365341593624207,1.6251311897615417,1.9239814481897584,1.4243567890435525,1.8145895279799975,1.8430191902912112,1.9466099127203167,2.179822039697331,2.4069380407056915,2.6526752582601696,2.859785634018512,1.955278077058714,2.1753860699600156,2.294142601208047,2.355492814136807,2.4165612824880074,2.5139478811616844,2.657834586810021,2.9907847790306032,3.0977998119435033,3.1425368383581658,3.260648235959516,3.3168894576410253,3.356527018030923,3.423962376039346,3.4178310494444446,3.5055601986212666,3.5394708315810197,3.5910063956143414,3.623003749022571,3.718340077547801,3.7370797796374995,3.769148497275109,3.9171725731889,4.095478413285908,4.256307739052288,4.5059522205175115,3.901831211515317,3.9549798610453197,4.013514442111292,4.053202020406993,4.048790408323196,4.099213919704648,4.128266039890607,4.163392434791091,4.1876199874167686,4.218694915880374
1.5836849103787576,1.3394419461067102,0.9134237788782592,0.8797327715118183,1.9207591805787503,1.5584528699336069,1.9147178492685637,1.4605368411457063,1.8853051919360224,1.825158135931249,1.4606398390626094,1.8602613243674901,1.6361909036640252,1.8844328155671555,1.9584200483189318,1.450885413748728,1.8831839069060226,1.5342600136295843,1.562047974993468,1.8217384932734804,1.4878752538315447,1.8490785097921567,1.7480934646040622,1.4432882170259504,1.2589752732761952,1.5807632475686677,1.7293139921187202,1.6416642871516418,1.4881682407450272,1.7780025684457204,1.6969134715088796,1.5630541812722816,1.5533493423135778,1.6223733536081233,1.5866744285342465,1.568333315817831,1.5700925962712098,1.5784247254422685,1.5439127508543242,1.4956474326559608,1.6640724343107702,1.5105817320741757,1.6041650747919294,1.5433140120630706,1.7290033323010527,1.7727481011102526,1.659696470210797,1.9284724369163369,1.7710865752719867,1.809718542420884,1.848276570371393,1.9560852983312245,2.012943386292604,2.1195800317604587,2.25894225544275,2.2257652816279543,2.2464252089061736,2.348097887799584,2.2361914980014634,2.1714150723621404,2.1892536800635503,2.208546993715999,2.5421956771680088,2.5316260648275133,2.5088375518094472,2.511293322962209,2.576514772079293,2.7079371548536324,3.204735527462357,3.374972455370143,0.1426531418256281,0.0928610457750581,0.0,0.30126923047349446,0.42297652593743534,0.1960746315228775,0.29658718980152365,0.37789595647376006,0.45617015433360514,0.6893467373085662,0.4677012809721697,0.5375563942498678,0.7117811379958406,0.7456660393345425,0.6264229006735648,0.5330152246103641,0.6341538186067036,0.8526227623757757,1.0398955403609633,1.298366569649788,1.603836107063028,2.092302924353565,2.5012658577710645,2.857889907196652,3.2410417139954957,3.4942607258019405,0.9354588154392962,0.8301030842155963,1.014560315874829,1.0676594539056852,1.1143274380536636,1.070870312828552,1.1521642847876754,1.1737118300660423,1.148958493762152,1.2548934223658683,1.2981214342667602,1.4058675466115975,1.433763801093263,1.4666059746214253,1.4732764296468595,0.4746009145606321,0.3787215667206301,0.25967255631240727,0.31698384287912984,1.2118084845718167,0.6909241524166547,0.4564151740860607,0.4148202677924612,0.47367238833556363,0.4936665473462978,0.5504717834958203,1.6847267011299216,1.3858847119944107,1.0677390158221993,0.9161638434851567,0.8686183614692202,0.5999096555035939,0.852689205537989,1.049473752689298,1.0051109901533681,0.9870523071355439,1.0048809618010672,1.0543715992465699,1.192785859346838,1.2933602607274675,1.4507904233555304,1.534023639512561,1.8313748472543319,1.4204728789154293,1.7731497081335486,1.8287039445618711,1.8913064191524098,2.113019775791097,2.3338086746538695,2.5711095731930738,2.7718391566816902,1.9447080267821188,2.165556500258336,2.276668101584392,2.323582207388595,2.405644174159735,2.502494777567007,2.6418041961026515,2.9710740087953846,3.0682184569626982,3.1243906139914355,3.2443604913883193,3.3006797591601966,3.3403797862373485,3.3978369849966508,3.405230309764084,3.4897494632360475,3.5252387332203883,3.5765040840173126,3.609074831078028,3.69768055062309,3.707505202243938,3.7331452243522514,3.8678244364158716,4.037357128168939,4.192797823839385,4.4361891851765884,3.888171568045298,3.939769832462192,3.995927157871008,4.03853587391528,4.031106115102272,4.0846228430830935,4.114074055735521,4.147297127433869,4.1707117553434765,4.20174340085559
1.3553585178057044,1.1192298588491403,0.6642305097343714,0.5888544020876361,1.6859262624988112,1.319507140148152,1.6707627106117795,1.2128332690426684,1.6331670871270683,1.5725866264060053,1.2028501061614374,1.6013380541802031,1.3733119419502728,1.6179442164024134,1.7177048088843556,1.177754814964172,1.614008472128059,1.2566935811860354,1.2806891506553366,1.54145628085022,1.2001101487304027,1.5630204502792155,1.4478931492118108,1.142256786953259,0.9583093859626642,1.2810161481850844,1.4310742759256003,1.3460322686444504,1.199757578029572,1.4863321050860157,1.4251127568703439,1.3386163590502538,1.3333628693289459,1.4099207497638246,1.3803903838572564,1.3678425394110083,1.3774118270878033,1.3907135588818464,1.3606917916326293,1.325323030480342,1.5021324312220652,1.3636847813370934,1.4614627530051802,1.4405147679264778,1.639619857310568,1.7054233306279571,1.6230686311475742,1.864013904592296,1.7361806151547794,1.7774450969125746,1.834929558824298,1.9407080332724114,2.010081683968334,2.1222648074930115,2.257556346193717,2.2375172353498343,2.2640002567206468,2.417888171747054,2.260219898450525,2.210114861213631,2.2291822566956108,2.252258056697397,2.578845349343559,2.5734791538638624,2.5703738674545304,2.590332066452403,2.6515915458935035,2.781398151025222,3.3387205364254005,3.496705309202493,0.39242126009709977,0.3228860610246749,0.30126923047349446,0.0,0.12311144168829789,0.20830067785054193,0.17537428167637734,0.27688947205823566,0.2917751064752571,0.40954499992920007,0.3756462601228402,0.4357218537736484,0.460774649354352,0.4911949641841937,0.5082028399356203,0.5725758859137479,0.7424253176656168,1.02315444264098,1.2383342224386107,1.5211284041150228,1.845322288451231,2.350281497543914,2.767440117662593,3.1295501124589316,3.5198986528021274,3.775132371221296,0.6792871087177014,0.7269578295456882,0.7986154862427469,0.837532073905766,0.8654165242760712,0.8909752157897771,0.9131546418410552,0.9618397758881774,1.018868290895362,1.013687476911663,1.1257516858422325,1.163334765437956,1.225517362214737,1.2575794527016662,1.3089135934070064,0.5288177835656609,0.43779721508494046,0.3265442708768615,0.5584582635855233,1.1035943136922732,0.6197060582320809,0.7198156497854872,0.6924225711647629,0.7616293393567815,0.7036386257703031,0.8433994398132256,1.6104050234808542,1.350707738476063,1.0818273531932434,0.9546095857715393,0.9175269459376436,0.8899988134784738,1.153624852886605,1.3506786213925992,1.3016144926006514,1.2642300595543479,1.2616079715999264,1.2864495684919592,1.379802751795365,1.4586539064238797,1.5715422278846924,1.5963937421360974,1.80709551759061,1.7205894456935857,2.0392575904159367,2.1239058472093832,2.129636627115991,2.317718750320891,2.5137014242853235,2.7079120587867127,2.8598872058109364,2.2418742355331998,2.462925321812134,2.569221652891616,2.6016555248466178,2.702300251371817,2.7987984223773914,2.9350951962057246,3.2612309488160234,3.3480806988405063,3.4157450694156166,3.5370923408405286,3.593441376665388,3.633168505508406,3.681399097235476,3.700428354925493,3.7827189866588724,3.819318435403829,3.8703769770324117,3.903329660994937,3.986549187722671,3.986783246262233,4.003581984901331,4.11386871242624,4.261869511916477,4.401266079268338,4.62255901152705,4.182513829281018,4.233006409434059,4.287311636242552,4.332132330734525,4.322398252719782,4.378258476248351,4.407982038451442,4.439803788226734,4.462578147023054,4.493564994064116
1.2557606334557634,1.024721077537927,0.5618387842405571,0.46735184697310406,1.582402487411635,1.2157140165608848,1.5637628474299994,1.1059593772652745,1.5231677496923073,1.4625669478741206,1.0919435632262087,1.4889023417360931,1.2599235829357824,1.5027853875334674,1.6118218823275732,1.061071619290852,1.4979318159146369,1.1383105157199163,1.1610428562549837,1.421877885014983,1.0786710851529495,1.441806010270186,1.3252874691084722,1.0225872628695696,0.8396445520018763,1.16362066872404,1.315450048938686,1.2332377972472293,1.0937616728589123,1.376908757171788,1.330727341381908,1.2743500755257717,1.27170944470308,1.3518422768715221,1.325998588439886,1.316746510328377,1.330435581413016,1.3462447496569963,1.3189056591163986,1.2906379707859479,1.4697813594853488,1.340270457221468,1.4389681265353096,1.4368998580075532,1.6399091627053535,1.7146832254847824,1.6458777147817871,1.8732347314371014,1.7586848344852317,1.8006837751121672,1.8653122511399205,1.9695474498494585,2.0434163112976247,2.157117695748195,2.290122770171187,2.27529065965375,2.3038855483860816,2.4765286898475676,2.302585451046508,2.258238422127289,2.2776737411253216,2.3020485493211433,2.624689989639721,2.621296126595678,2.6254811713389548,2.651703258483224,2.711350670798769,2.8401952285964036,3.4175723527085387,3.5711148131802277,0.5039367017263199,0.43622922005300113,0.42297652593743534,0.12311144168829789,0.0,0.320853791864753,0.25828095041443194,0.3372750839911911,0.3161371591194304,0.3230349307143021,0.4219208725170311,0.46987339618115836,0.39923082839290613,0.4248186720000996,0.5273365338585988,0.648259355375123,0.8308450929022261,1.1227800996036774,1.3432119422614062,1.630789439088073,1.9587987027719727,2.467099096680624,2.885892027482612,3.24908090641121,3.6408172926826476,3.896400948999557,0.6042293589848432,0.7396376766399338,0.747918698793553,0.7768427414801569,0.7916216995555356,0.8589128634685476,0.8451843829024226,0.9098712857448323,1.0093931588872573,0.9427509129114618,1.0928378116330077,1.0898130723883408,1.1716675480412557,1.202920505471416,1.2774746294886707,0.5766257120747466,0.4963564124608963,0.4298991118503166,0.6616137376803531,1.1026683401941106,0.6522073414361151,0.8259785596290993,0.8034925880242005,0.8757991839344146,0.816145365223673,0.9592514511897786,1.61753519394734,1.3772005874087212,1.1317548717611272,1.0159072073810045,0.9832517661205964,1.0130068067655462,1.274057065827881,1.4723278979397216,1.4246960033996408,1.385652534695561,1.3795233405201008,1.3991234752250754,1.4808605675164965,1.5532077080868978,1.6518615190705705,1.6569782276616902,1.8333297855638548,1.8431284168518616,2.158072360130123,2.2470144431375236,2.2419176205844584,2.4206160393601723,2.6088716041351208,2.7888968075747314,2.9237131374123995,2.364947545866697,2.585989531257963,2.6922014024528833,2.722589955755656,2.8253999485300905,2.921906512177201,3.058115583600521,3.3839593197859554,3.46921143123404,3.538594289609711,3.6600609739127647,3.7164113084489214,3.7561398509595416,3.8031527577251496,3.8235290199791243,3.905701794532918,3.9423732336184654,3.993419638502809,4.026392897463676,4.109091852617076,4.107729766970012,4.122672495017039,4.226853548800203,4.368734571684925,4.503259212379947,4.717495298458748,4.305579431066584,4.356003205638979,4.41014289564291,4.45515325291949,4.445219226235089,4.501281573598306,4.531022090058589,4.562739540813473,4.58545460586032,4.616436590807364
1.5631251488920423,1.3259229823390868,0.8725219426033055,0.7860919367642849,1.8941564086291338,1.5277786773066153,1.8790037791469159,1.4210509465877839,1.8409386935025522,1.7803460865721075,1.4103000887211583,1.8082988772942474,1.5797926968258469,1.8233754864092808,1.9260004494108787,1.381908703374998,1.8187206432545522,1.458979524987712,1.4810732992471594,1.7418792668086485,1.3964873338010688,1.7597937595634723,1.622918570607162,1.3026522824685276,1.1165370674589277,1.4318883321329383,1.5749560028868894,1.481856612729509,1.3189572036427937,1.611527499524494,1.5143485071640403,1.3679742892232067,1.3578950047885934,1.4264581465489339,1.3906181328459417,1.3722715516986848,1.3742241128132298,1.382798837560424,1.3485445809178698,1.3013751163857101,1.4710943293841707,1.319652681215912,1.4142111698540203,1.3624667227276384,1.552698981852858,1.603849178036733,1.5020138744035376,1.7610574481652697,1.6145275171028262,1.6543801289266826,1.7012456096500679,1.8084842365130154,1.8712174905694268,1.9807555301695463,2.118521753714418,2.0915878927285463,2.1151886162515474,2.245623721748404,2.1082069763109152,2.050995922085223,2.06953853642911,2.090932308696985,2.4214142943385104,2.413626972585226,2.401816791516597,2.4146482424230635,2.4775737093401697,2.6082163058110637,3.145063004811529,3.306844943807809,0.3352438248806602,0.27258492027610437,0.1960746315228775,0.20830067785054193,0.320853791864753,0.0,0.10786450849297616,0.18238966019392625,0.2611312468769082,0.5220906298593083,0.2765986653340253,0.3468034119559192,0.5278019002133455,0.5623342631901899,0.43467362289025285,0.39776020679331237,0.5470262194795006,0.8173466046940002,1.0303786818251743,1.312969820406506,1.6385237216036002,2.1463036324637086,2.5657056201783477,2.929790346698593,3.3236607037793737,3.5800355627446727,0.7500345431254031,0.644408383293816,0.819605458874744,0.8743838092642999,0.9250659298396013,0.8751565717158991,0.9602231611999054,0.9781017227707327,0.9598872925744611,1.0630411155466104,1.1033235918887516,1.213855718871125,1.2377853344293546,1.270637242548168,1.2796609223613031,0.6110427914931394,0.5119099300772774,0.12419002933219034,0.5120438634612717,1.0280293671650416,0.5116344283367111,0.6516829908767563,0.6072139970290306,0.6599461427078165,0.4961016540757058,0.731055867491391,1.5131252488645541,1.227468320636434,0.9292070989004803,0.7887469924345433,0.74648213044821,0.7118222573317828,1.0102630984677947,1.1966945677013199,1.1289522535669292,1.0709860561016482,1.0592453411434222,1.0791673194851263,1.172949219394704,1.2550650224093112,1.3789823813018307,1.4248795588818406,1.6794861982189966,1.5563182482015319,1.838237328493981,1.9455784847758881,1.9222681811773616,2.1100014206746542,2.3090011194848135,2.512924214562862,2.6811042838002304,2.067134444251898,2.288239811127563,2.3860741071369445,2.40565008364371,2.525718862022683,2.621387389280592,2.752524373309692,3.074412311395154,3.1525676326276346,3.2302018620231263,3.353225748549513,3.409576130049068,3.4493133183630005,3.488254812180791,3.5201846811944657,3.599015670409869,3.637198613587986,3.687915007237262,3.7214283178241514,3.797892217897371,3.7905748414134766,3.802889536653145,3.906890709552369,4.0535695126024045,4.193630583636053,4.417565841893894,4.000596539801907,4.049429619610995,4.101298001115106,4.149022229230261,4.136257510418992,4.195184130468051,4.225295495915212,4.255138977338367,4.277080574503721,4.30799838573581
1.514001891121743,1.2820537537076586,0.8201115838004532,0.7084685486938401,1.8404609239740986,1.4737992119145484,1.82091712398535,1.3633748500595717,1.7788403819023637,1.7182666760218055,1.3474042574003904,1.742733322664358,1.5130935106320311,1.7535437426255192,1.8693406815275018,1.3103636720661453,1.7473517758392576,1.3841436874915851,1.4035835888404897,1.6639060975178428,1.3148093465100545,1.6777256578204518,1.5271732601754702,1.2023478158654113,1.0161006327289677,1.3289223434112958,1.47043430082928,1.3761816363007322,1.2117406322210758,1.5045940425640656,1.406726526956498,1.2673185015203012,1.2581832845634575,1.3286001334059436,1.2941595608709324,1.2772068905680412,1.2811678446553578,1.2910763304975637,1.2579628326859784,1.2143055714067927,1.3867871288874907,1.239616383715089,1.3356293017939656,1.29681268297242,1.491698551618278,1.5505061834819212,1.4597871372546172,1.708679650129149,1.572816700050717,1.6135930554228608,1.6673862788378282,1.7737414068615036,1.8410392962156388,1.9525069770569452,2.08861095336684,2.066589191544983,2.09234334048544,2.242589487291421,2.087801978337955,2.036259435259031,2.05524290387658,2.0780537057439665,2.4053902350895835,2.399585359049193,2.395334765988965,2.4149578992821215,2.4762408444618456,2.606077424736622,3.1662881750362053,3.3229509585025454,0.429404417661899,0.3623866291608489,0.29658718980152365,0.17537428167637734,0.25828095041443194,0.10786450849297616,0.0,0.10857559382044449,0.16259930139487958,0.4164021558405874,0.21145181422354986,0.2780429002113485,0.4200962489618329,0.4545816782093935,0.3601699028758643,0.39795649341864836,0.5737374568534384,0.864800057841927,1.0868842971613812,1.3776230826547935,1.709849046565547,2.2237944314757465,2.6464562654887587,3.012885176309722,3.4102844768793354,3.667601924322067,0.6426763063118597,0.577446885134907,0.7188967797254372,0.7710909853592729,0.8189631266075879,0.7838734394890505,0.8557022855113272,0.8790911498801445,0.8844177810613525,0.9584652978164886,1.0151355946197846,1.1094153012953387,1.1404933730877058,1.1732433120023145,1.1942758742303388,0.6634296020696565,0.566111597207261,0.1783873137164382,0.6070532139979276,0.9601675145685538,0.4573426318419152,0.7527402807621141,0.7109486556870238,0.7660750059655747,0.5695832189982403,0.838279966379564,1.4573406421009751,1.1861521437624545,0.908393881712043,0.7793775266312206,0.7421552648791037,0.8128302289474114,1.1174701522526085,1.3024940400879823,1.2305977185615324,1.1625530963730988,1.1413100459132888,1.149938604568956,1.2230295397733206,1.2950843092078963,1.3993167621118516,1.421063893251577,1.6416071009795012,1.6597323068638339,1.9206020323462436,2.0441125950970953,1.9910566322645546,2.163048536783295,2.350763355249306,2.53621471118949,2.6845677653720883,2.166976788757267,2.3879624018296224,2.4820870500060987,2.4929605806056565,2.624590783976898,2.7198794867973426,2.848631371347972,3.16808590493475,3.2399221350953105,3.324549390870634,3.448440047940286,3.504773225806208,3.5445033996125637,3.577472985064025,3.6171249481287715,3.694241311460413,3.733216087112115,3.7837495820994516,3.817530614674842,3.8902006002192566,3.8770711329648258,3.884497488255585,3.976110113394952,4.112588999541556,4.245329109680088,4.459484365969412,4.096623978946189,4.144608167546945,4.1951325307451715,4.244420155843336,4.230011098546297,4.290590660851341,4.320892802091072,4.349693892533676,4.371170273921329,4.402042853964346
1.5857855936237881,1.3588656165455246,0.8928772211534618,0.7560046669780286,1.9073991188746138,1.54146983739142,1.883765821697898,1.4280126769441706,1.8377651489649,1.7773675920956074,1.4069128608683115,1.7980626914113764,1.5678773416193295,1.8040070495327747,1.9334544634593873,1.3603810561097065,1.7960005612491579,1.4297391980564276,1.4456049457851696,1.7043203883000915,1.3513327262781145,1.7122552616912519,1.53760872223451,1.2028119470038134,1.017396753360516,1.3204098014481396,1.4554449204047584,1.3561870228222197,1.1821674024598638,1.4764130486423068,1.3576967734421423,1.1905294869605045,1.1794835538315105,1.246499601749696,1.2098470033761963,1.1908793413291117,1.192221318190228,1.2005559965984125,1.1661922731071102,1.1191216406400446,1.2893653974537502,1.1392226898088922,1.2344097029393886,1.190325629111466,1.3842336927971357,1.442098515834976,1.3514607575594877,1.6002265400620692,1.4645110364290246,1.5053592545222245,1.5600278839075787,1.6662082372919356,1.7342884040467927,1.846114915815038,1.9818323840682515,1.9609026478295029,1.9871954907351552,2.1443557799498874,1.9833308515107084,1.9335992823682038,1.9527219490002823,1.9760149546629884,2.302114946464031,2.2969691685300333,2.29554419812322,2.318113695111465,2.3786062110501884,2.5080088086369874,3.080450965160996,3.233897161216335,0.5176241057722786,0.4542084944786244,0.37789595647376006,0.27688947205823566,0.3372750839911911,0.18238966019392625,0.10857559382044449,0.0,0.09519224156332144,0.4080474427107091,0.10294097753232345,0.17065814372546415,0.3807533707302639,0.4152936410981912,0.2554968476796724,0.3122045673418038,0.5020566515860764,0.8061183650131994,1.0349754411139176,1.332709387907306,1.67151525806786,2.1922123603777592,2.6187936007045276,2.988277506646738,3.3908994123673923,3.6495962727835525,0.5943567723698086,0.4706796027959738,0.6432952623550544,0.7019981352649992,0.7604406662933252,0.6929755118017203,0.790272299264133,0.7995335260269841,0.7812987231626979,0.8928666856726175,0.9209559725706684,1.0429401815908572,1.057589045130344,1.0904802194178975,1.0976606389514638,0.7710112997385575,0.6732566979497694,0.17716359172671273,0.6943742423312879,0.8541226553080274,0.34876913221085665,0.8316217238757903,0.7845184559486226,0.8322419249522001,0.5457007496229194,0.8985446298960312,1.349126137765355,1.0779804992645494,0.8052156020051523,0.6814504511704107,0.6470055334851145,0.830646036938882,1.1570887549478002,1.3330928815148084,1.2469213126296381,1.1569673293055946,1.1203351110615252,1.113665642691864,1.163787308281637,1.2263810147752932,1.3153229054381887,1.3234505867198796,1.533677131194103,1.6799022424026615,1.8966677392366578,2.049762370358769,1.9488490928193374,2.103548242694738,2.280774274065647,2.452186617117003,2.5890548070164177,2.1756591803579224,2.3959900557504255,2.481259402030995,2.4757103048223716,2.6301681569548623,2.7244191232421575,2.8475617542999907,3.161634153667726,3.221891777968086,3.3193295697993985,3.444927602993185,3.501183972578989,3.5408715610830663,3.562369005039597,3.617268444537974,3.69058532286796,3.731235973900838,3.7813412386798793,3.8156849698532707,3.880557124653408,3.8571510592373697,3.856964501653273,3.932094503742687,4.057163573127152,4.18263162796702,4.38808706902829,4.094461348679244,4.1405973094354955,4.188322650388382,4.240825870997867,4.223020989566113,4.286992779545225,4.317689226557423,4.344280253312525,4.364792725943326,4.395559288258623
1.538278985803364,1.3173974373999748,0.84990904010707,0.6925046699494203,1.854498267553362,1.490095260286187,1.8272585037865452,1.3742074841025762,1.7780545269418593,1.7179178808400417,1.348753928977359,1.735581025482524,1.5054792485565498,1.7379001259242988,1.8779611698992438,1.2950232582855878,1.7286265165245003,1.3610839992433044,1.374558053274652,1.6317071663054357,1.277153413231057,1.6361587223735885,1.450611107308302,1.1129583954130136,0.9281650906412556,1.2280627223792269,1.361756669739416,1.2618287872525464,1.0870656637969731,1.381330987254171,1.2638017930948025,1.1069721728145676,1.0971827677831398,1.1667080481353045,1.1318515836100225,1.1146735861938009,1.118583724514167,1.1286072722172975,1.0956826428212474,1.053029069042029,1.2265130605883157,1.0817289962034822,1.1784820101245197,1.1495676023579817,1.3480084955739173,1.4139913118906655,1.3354979853816717,1.5726190471150787,1.4485447266905613,1.4901674527650264,1.551630800784901,1.6564990664089632,1.7288554941143295,1.8421847982529176,1.975870406288015,1.9597594707430674,1.9880393927393474,2.163139879520501,1.9865120470980504,1.9422853681750036,1.9617569173714358,1.9862951762249037,2.308565091878431,2.3052754756846294,2.310798286015467,2.339430427821461,2.3983063556825273,2.526695384757133,3.1184079034218435,3.267303430095023,0.5914843492852493,0.5248977260717507,0.45617015433360514,0.2917751064752571,0.3161371591194304,0.2611312468769082,0.16259930139487958,0.09519224156332144,0.0,0.31944816629028694,0.11590004470684079,0.15383796237240815,0.28562994829810434,0.3201337310833536,0.21703252013851093,0.366531677856959,0.5650792059048038,0.8757926396185439,1.1079256719751078,1.4089295772464252,1.7506809371530803,2.2741359154416934,2.702209769082972,3.07282431850195,3.477358880113971,3.7364992470868437,0.4998144928103219,0.4353235418633312,0.5585297314895638,0.6137378796106806,0.6682692397450745,0.6216329677036658,0.7005282837491088,0.7176241473020877,0.7306752815938784,0.803313377146031,0.8536065338648624,0.9538870797099692,0.9783835497353912,1.0111703498638622,1.0336818672775874,0.8127651837072064,0.7175731980357654,0.272335179381988,0.7691448181808114,0.8124978014861023,0.3364605310516715,0.9124772714349129,0.8682929278854632,0.9194669576775122,0.6344824499126919,0.9880249790403489,1.3187381168961554,1.0647581101768584,0.8167755384766123,0.7070968425346335,0.6784393665837747,0.9257554181757133,1.2513722506719713,1.428168459871146,1.3418332252957648,1.2487684239098968,1.2078485895331401,1.194970822232492,1.2312054567267108,1.2859159625148393,1.3584597037450545,1.345336772698295,1.521335559726491,1.7749580503647846,1.9820819837423957,2.1432259683078816,2.0255888758678586,2.168772631897982,2.3369589689622225,2.493026396594103,2.612558750709232,2.269554827245794,2.4897493678657066,2.5733805045222806,2.563231870793349,2.7234967559571377,2.817551232520973,2.9395479345306077,3.252245456279441,3.308886853406809,3.410233897600236,3.5362402253276057,3.5924693787707658,3.6321407218673136,3.6502987260877298,3.709403270195228,3.7818278000894607,3.822876880198771,3.8728748614876376,3.907347269953553,3.9701518186016074,3.943307748694717,3.9400177138802603,4.006644395682732,4.124182689882063,4.244004404601991,4.441653010741384,4.186018346825752,4.231697241795276,4.278681764414832,4.332019619784785,4.3133266222508295,4.378180983513448,4.408972109712405,4.434997198375357,4.455249961283346,4.485984501110315
1.2982969560169801,1.099359343289886,0.6468613497746751,0.43146980645010946,1.5963506674134016,1.2400381219110643,1.5601162654719427,1.1192311117775686,1.5033566359800903,1.4442995235586797,1.0823618618536992,1.4545474933151965,1.2264288653397888,1.448589757478859,1.6129940620336338,1.010907719423153,1.4366028484780238,1.0685789986586636,1.0767343132632883,1.3294525208196768,0.9735584225228392,1.327690490152263,1.1311692637242423,0.7947752777031603,0.6093833802280859,0.9149044345601589,1.0543461220599817,0.9598567484943977,0.799247229272583,1.090495230616724,1.0155916604094428,0.9557100635240872,0.9547671605919567,1.0372150867479342,1.0146286295737452,1.0085951520093552,1.0265546843355553,1.0450976024759053,1.0212782343130176,1.002875551925278,1.1831082550196586,1.0690195593530811,1.167636472691632,1.1993205481875195,1.406179757633078,1.4977956951994884,1.4598963642590266,1.6539000110039388,1.5698310780758822,1.6127657854513808,1.6929227624188274,1.7918801366735444,1.875353597571886,1.9912029338207224,2.1171728116358652,2.1150737294014776,2.1485690436139637,2.3691691107584325,2.1535185601073747,2.124606503984217,2.144775616795289,2.1723091275428787,2.4812514730936135,2.4830113527637665,2.506745068843037,2.550415394997473,2.604886916685921,2.7299080509400504,3.3649596889137356,3.503077252941308,0.798785949033981,0.7285236502815476,0.6893467373085662,0.40954499992920007,0.3230349307143021,0.5220906298593083,0.4164021558405874,0.4080474427107091,0.31944816629028694,0.0,0.42141312057333014,0.42070527584203504,0.1194658898156687,0.12576663426990095,0.42086125715316136,0.6704979081896344,0.8715896739279754,1.1856749413199825,1.420007171430228,1.7233704489166801,2.0671764368124594,2.5922388833684122,3.0209860314298207,3.391982845706664,3.796807024779534,4.055931633838536,0.2830946397796212,0.5758968577886037,0.44968038030102525,0.4650809143511461,0.46990011513266167,0.5864968389777105,0.5262794947913324,0.6055013736053195,0.7734328578711602,0.6216872133561913,0.8113104424559854,0.7674948843397715,0.8618842204937557,0.8921085690265484,0.9946655778399965,0.8972758900234366,0.8192117543837185,0.577460880176928,0.9677842035497066,0.8804477724607047,0.5530871201434527,1.1279136173765534,1.0970710131477528,1.1618112862239887,0.9531715467704187,1.239814829192865,1.3979318268328638,1.2068169189367597,1.0325321956368838,0.956295843384916,0.9391108974242784,1.2276035675683645,1.5316665874100541,1.7186698935414464,1.6454256089593091,1.5646272967073434,1.5271245445786141,1.5131509077412224,1.5368581038012685,1.5807637353671362,1.6253644726369898,1.568597408680657,1.651738209102122,2.0756627152883955,2.301469677110732,2.4547634197558588,2.3398767468519903,2.4688685586055894,2.6221348042601225,2.7479422138409566,2.827276355006075,2.5792983984018316,2.8000169171015012,2.888458547406212,2.882562984526682,3.0353535774920024,3.1300361501589964,3.254865892774525,3.569651007404376,3.628308937109052,3.7272760673474803,3.852701495587495,3.908970831693016,3.9486658801261627,3.969541321474846,4.024374553289762,4.098389980118507,4.138793014992641,4.188973188149515,4.223223329491016,4.28853311158654,4.262745172492333,4.258542520776355,4.317736312864995,4.4250061385889135,4.535575598994881,4.718705226557007,4.502069364557095,4.548460654416824,4.596364459265461,4.648645120535802,4.631065838417898,4.694814037044558,4.725461954131646,4.75226773163139,4.772825140179554,4.803595052951029
1.6538874259704406,1.432084541238866,0.9646549591718282,0.8077968371023925,1.9703982011401115,1.605958767287114,1.9430469287527592,1.4901070695524339,1.8935346176820758,1.8334387935636696,1.4644609091291247,1.8506193331849257,1.6205827782149562,1.852069760476114,1.9938037509562299,1.4095483389122863,1.8424118780107626,1.474587144179481,1.4871227346556621,1.7434024951169174,1.3882686637251664,1.7458686307081965,1.5494369758918451,1.207200668740377,1.0242109503240355,1.3154627338571836,1.4435363118698907,1.3399993981822667,1.1578074522800894,1.4516710260830734,1.3130869058619092,1.1187292160487579,1.1057710866021107,1.1690784838610198,1.1302840854837866,1.109313381581105,1.1079736900558665,1.114681757572048,1.0791240376022633,1.028668983399059,1.1963806842131735,1.0434695562254412,1.1377426680615739,1.088746253836687,1.2818387211788156,1.33916123840152,1.2493200919420206,1.4972855722477423,1.3624009341961014,1.4033746459178615,1.4593815666207937,1.56529517863822,1.6344482231763318,1.746728320070737,1.8819139220023893,1.8623993762153204,1.889362195132304,2.054618504307456,1.8863346096055773,1.838810807740145,1.8580916634945768,1.8819476272867268,2.2064720016651744,2.202106071323803,2.2039574472371486,2.2298563947218404,2.289430656448317,2.41828974609173,3.003775898648166,3.153732091832755,0.6095919782088605,0.5488795149680302,0.4677012809721697,0.3756462601228402,0.4219208725170311,0.2765986653340253,0.21145181422354986,0.10294097753232345,0.11590004470684079,0.42141312057333014,0.0,0.07021034995715186,0.36486939930520257,0.39719960998874454,0.15872583286546266,0.2525037276755402,0.45265214824911176,0.7654304421637185,0.9990578350270121,1.3019841474872969,1.6459308830748691,2.171866893284692,2.601509091344269,2.973465148136556,3.3807099134344516,3.6405094342037727,0.5592824320656816,0.3692775340747602,0.5771517153983358,0.6421903833009489,0.7111556338419461,0.6088936352004478,0.7332334189718868,0.7271485030021553,0.68328874046593,0.8345460966718729,0.8320780853683575,0.9825166404980916,0.9800360909319208,1.0129358048959258,1.0057884258592642,0.8736898189139536,0.7757569355945367,0.23336589620162837,0.7845090941681373,0.7530717624383894,0.24606209104713944,0.9150047862701257,0.8642922880899981,0.9060751117850088,0.5475792581513462,0.9672661155302229,1.2462545299113104,0.9761529100484372,0.7109279699673648,0.5948743741393052,0.5644549346425926,0.8646965950743033,1.2069483112525294,1.374094340633913,1.275670438419818,1.166127149567459,1.1150253396054306,1.0932138926065518,1.1191256633893256,1.1711815397469552,1.24284975400959,1.23519712938982,1.4321874521149673,1.710066156515205,1.8845564598967106,2.0654317521303596,1.9185379789717463,2.0553482237124734,2.221433500206697,2.3778442402234328,2.502151840129643,2.1938555611048693,2.4131293077244127,2.4899391088291436,2.4687492994997915,2.644622106802761,2.7377598592659913,2.8554527618616623,3.1640486570299773,3.2131724030574653,3.322750650556745,3.4498482735010443,3.5059812610541106,3.5455937579570107,3.5561397615739083,3.6254964814818385,3.6951602852492016,3.7373656766419923,3.7870272038536648,3.82187757074447,3.879297552519973,3.8460643502749194,3.8385210464369792,3.8974782046977374,4.011151306664775,4.12926654154091,4.32583474338197,4.100160489127531,4.144516153908695,4.189554435908399,4.2450776017315786,4.22406012513239,4.291213524635011,4.322265608076391,4.346745232923414,4.366330469877836,4.396978863243158
1.6824958406923676,1.4652682203654972,0.9980815935386691,0.8271092397633031,1.994472119220723,1.6317657654551563,1.964235774387531,1.5142667021441636,1.9120779911218346,1.85230411103661,1.4851681203561504,1.866778009943601,1.6372651564908902,1.8648477960269736,2.0157609824607654,1.4240827565480658,1.8539771204820903,1.4857589694277635,1.4958290332077395,1.7497704573719637,1.3939431841462528,1.7482986326996002,1.5371763356034434,1.1910292440123442,1.0105461767841997,1.292727052638215,1.415921729950977,1.309943324125235,1.1231989900661372,1.4159591510020022,1.2657789886501791,1.05713185274994,1.043275557080626,1.1048072120927839,1.0651196089077697,1.043331231949529,1.040937250587806,1.0470444795114793,1.0110918007809806,0.9596085228025615,1.1266667048389805,0.9733441463999526,1.0675473715830894,1.0196918428400192,1.2137381673743441,1.2731193995517756,1.1873476025575402,1.4314480469225779,1.300459451708447,1.3417438948537121,1.4005844676459676,1.505936831683416,1.5769884936862657,1.6899613264058784,1.8242152771547062,1.8069499550022652,1.8348842125317024,2.0100787573366605,1.8330367062867787,1.788452154092274,1.8079203637976915,1.832463544274437,2.154827783497872,2.151457033557859,2.1572370377273145,2.1868236066618976,2.2453661093003596,2.3735613486674128,2.9718285629962384,3.1184363535164064,0.6795992755666159,0.6190787600699275,0.5375563942498678,0.4357218537736484,0.46987339618115836,0.3468034119559192,0.2780429002113485,0.17065814372546415,0.15383796237240815,0.42070527584203504,0.07021034995715186,0.0,0.3462380210887015,0.3757211796197504,0.08913581026683574,0.2542235721333076,0.45408498542207,0.7686974711325946,1.004148978958935,1.3095036436738479,1.6561583094925054,2.184864377118995,2.616148831457604,2.989492259817649,3.3995785203347104,3.6599831262568374,0.5223350084178116,0.3000445194752152,0.5204276872516643,0.5887064195316493,0.6635058975643363,0.5426000166693221,0.6807841303453087,0.666164479451906,0.6130850784973289,0.7808425302688411,0.76360136707155,0.9271127527462892,0.9159352272017113,0.9487923705127946,0.9363640534468778,0.9413834729385625,0.8438024340768969,0.2981977150148726,0.8542136480209421,0.6836354570617019,0.18443888747417692,0.9832382740989951,0.9316075476608866,0.9715180687360346,0.5820729935526051,1.0308422449910126,1.1795381352814494,0.9151876700355587,0.6632396525114308,0.5577635064693287,0.5323060667486386,0.9135113272926307,1.2622569218516961,1.4248446171281264,1.320317506929836,1.2001215202273585,1.140398759546745,1.1087589713362713,1.1170025686282319,1.1604479276648845,1.2168354435019064,1.1932759823319246,1.3717061732360234,1.7546578252448128,1.9034973007717946,2.1014167262949237,1.9249165736564242,2.048187234391298,2.20514935249086,2.3484133380891774,2.4604082821392894,2.231176818887258,2.4496376183334387,2.5213422491195754,2.490349611133493,2.679372712206853,2.771784455874736,2.886109078619809,3.1911339582599125,3.2330953955726494,3.3503842538892687,3.4783564138383714,3.534388001053587,3.573936810110899,3.577517130038854,3.655971542112018,3.7233507327633233,3.766504809364857,3.815872885760625,3.8510242851808867,3.903741999354141,3.8641347011228055,3.8516514439694474,3.8992026895031513,4.004343542242378,4.116705048716177,4.306020987920482,4.128907126431661,4.1721398938576995,4.215475243337052,4.272878611202476,4.249848486778291,4.31898157484758,4.350246678241307,4.373396542404816,4.3923917610826555,4.4229568027970965
1.4128799263231653,1.2171361575427104,0.7662549837788609,0.5468857686695212,1.7065037555767777,1.3528774648475663,1.6678071680286248,1.2313645249742082,1.6086415522362911,1.5501229142340038,1.1916897702711837,1.5574752966207535,1.3308880818878854,1.547648863328664,1.721232734894234,1.1141789721138746,1.5342230304697941,1.1673507952774906,1.1721838477096134,1.4205731300351934,1.065244923668698,1.413059786180551,1.1910179371184932,0.8450389874246279,0.6643347596101985,0.9506078210068767,1.0796660261155047,0.9778085874197241,0.8014361930964721,1.0957071790934785,0.9866531890513434,0.8788923604666345,0.8747637110461425,0.953535909716251,0.9269057456585972,0.9175366144645148,0.931789792491116,0.9482915320898598,0.922075620083395,0.8982451560360294,1.0783029007825906,0.9582711048226842,1.0571191288489883,1.0820614790008418,1.2887344339232458,1.3790101670914179,1.3404919325765945,1.5353672262504887,1.4503763710074566,1.4933140718596607,1.5737923578786563,1.6725591416671168,1.7563086436083912,1.8721984885020782,1.9978957124279573,1.9962731521907566,2.030006848498831,2.2546398119109936,2.0353291171381382,2.007614736243014,2.027831027711386,2.055624984236655,2.3632669940655293,2.3653973516112488,2.3908497556689747,2.4364319550810665,2.49024122341302,2.614736150900049,3.2572687455203324,3.392841240580225,0.833923210598231,0.7639100422274068,0.7117811379958406,0.460774649354352,0.39923082839290613,0.5278019002133455,0.4200962489618329,0.3807533707302639,0.28562994829810434,0.1194658898156687,0.36486939930520257,0.3462380210887015,0.0,0.03477072862981962,0.32661134725077845,0.6004559988921151,0.7997834592537763,1.1141769206681806,1.3498521069766782,1.6555443824970077,2.002393075915661,2.530967469973794,2.96198557786598,3.334974804379966,3.7439138079895393,4.004009190454953,0.22374491061436597,0.46121494260725043,0.34950843440405405,0.3787809278708832,0.40625979719066097,0.47425200633410297,0.45238094335699114,0.5107704683769527,0.6551416192074953,0.5530987652720334,0.7034372475169903,0.7031553033736875,0.772477379664019,0.8038125761833738,0.8878337374368758,0.9745539188625155,0.8905219590276341,0.5577082377014017,1.0084785511876282,0.7613835585773382,0.4528874054564961,1.163000841748406,1.1260212715588234,1.1846549234193033,0.9114429305183102,1.2581417395760055,1.279246592703411,1.0881660073973733,0.9231615017414675,0.8556928112922266,0.8423581290828583,1.2113832692217112,1.5333708022138548,1.7127970962431451,1.6273565985394391,1.5291093873965105,1.4798273722720203,1.454103968627694,1.4593895509319608,1.4950742570999205,1.5263586975583112,1.458188632720396,1.5323665005171088,2.0605797610133254,2.2476625628389773,2.4262928350445176,2.2705759012061906,2.384670987866148,2.528751176532265,2.6429785486202504,2.7136481538514383,2.5534246001869083,2.7733316137997823,2.8535645098318545,2.8329783319213537,3.006190546419772,3.0998258091349826,3.219335281006846,3.528830560827668,3.5768461128392066,3.687450357943406,3.814366604499922,3.870520629686533,3.9101458590634643,3.9203587722042648,3.989368662377153,4.059739858555857,4.101700109508046,4.151442501865673,4.186205127312489,4.244126551355344,4.2088746195052025,4.197789212920778,4.242399113939094,4.339828316320662,4.444250998569115,4.6202113432955745,4.464588490248567,4.50919292549055,4.554413997679984,4.609719064031479,4.5889240979918196,4.655860105127345,4.686868877895525,4.711552641096862,4.731182588456305,4.761834916294292
1.4052177205820895,1.213483775769647,0.7673392235374712,0.541369830826384,1.6951191138127042,1.3437061386579117,1.6548521729337302,1.221722603980911,1.594336332076058,1.536148028392782,1.1800945467729018,1.5419717391840397,1.3163288615867625,1.530342537976957,1.7085883400249768,1.0992260887464533,1.5163061764205081,1.15023921287008,1.1536895365673414,1.400223565707019,1.0454632839168785,1.3907995593524307,1.1626718754895289,0.8154096977485612,0.6359422954610511,0.9187456625897811,1.046589534268094,0.944176082771951,0.7669885061350767,1.0612811008262442,0.9522650255795635,0.8505635732688119,0.8472078513026511,0.9270236050812192,0.901566892813826,0.8932808276170138,0.9088851858674503,0.9262031427484901,0.900989346331545,0.8798090059303157,1.060031091536976,0.9437431495392478,1.0424365428748108,1.074216221575597,1.281154213415145,1.3741832297779775,1.3406996208472457,1.529858133413997,1.4498808968263603,1.4928683264923872,1.5754714776889587,1.6732859263867623,1.7582612129868869,1.8742652404332385,1.9988034067935945,1.9989444737491993,2.0332943305319935,2.263675728228563,2.0394410727462344,2.0137663131667076,2.0340459246004334,2.062198423712277,2.367718793481008,2.3705065602294977,2.3983602658009424,2.4459664485395214,2.4991120469181554,2.6230319859908455,3.271446553599686,3.405307932889713,0.8669199964669299,0.7968201325518952,0.7456660393345425,0.4911949641841937,0.4248186720000996,0.5623342631901899,0.4545816782093935,0.4152936410981912,0.3201337310833536,0.12576663426990095,0.39719960998874454,0.3757211796197504,0.03477072862981962,0.0,0.3506776511163395,0.6296732400796184,0.8281945433567961,1.1422595771168695,1.3780448948607198,1.6840670871520447,2.031401462428802,2.560514458721443,2.991870008485074,3.36515520095579,3.774711391931567,4.034935053020219,0.19034997483879074,0.47193519475677304,0.32807140553113656,0.35203074171737675,0.3744955152795711,0.4608165801053555,0.42267994457632585,0.48736527982603267,0.6493681810451707,0.5225915419235917,0.6868281482639017,0.6721469795907806,0.747540927595831,0.7785485835052974,0.8706571995232689,1.0011634578454887,0.918358813022675,0.5923099079492409,1.041051745269158,0.757706221679447,0.4734914668861036,1.1961908106641288,1.159691233173001,1.2187407962783494,0.9443330348945485,1.2924767225790743,1.2741671853426877,1.0915862009885025,0.9372141150854871,0.8748243746961046,0.8632141668683864,1.2458776388933839,1.5681387605334252,1.7475165898639846,1.6617132821743543,1.5623076772046314,1.51176978777831,1.4843437756962994,1.485813565286986,1.519185490969026,1.5455447431715774,1.471016101087733,1.5327872441533348,2.0950237146661554,2.278495510311879,2.4599351841409405,2.2985992860702167,2.408902034821314,2.549877559237695,2.6588470518067515,2.7234675801482235,2.5872443041403987,2.8070783395655816,2.8866240242229337,2.864336849237245,3.039735334199869,3.133280550295733,3.252307088793326,3.5612288576032194,3.6078683816513477,3.7199498687123103,3.847019987656308,3.903158981068615,3.9427748468317905,3.951682890334928,4.022350193392686,4.092347939520136,4.134469309735349,4.18416444768374,4.218978425241947,4.27606145955609,4.2394932856594805,4.227257040453987,4.268784322645137,4.363506653865126,4.465892967019205,4.639019537884096,4.4973032599588,4.541715749779059,4.586631799348517,4.642275328788626,4.621118113298858,4.688411721183675,4.71945831909376,4.743906980978028,4.7634296765928745,4.7940672125043
1.7076716669683982,1.497001202180228,1.032016794940183,0.8443405752054587,2.0131037064978505,1.6533946656864424,1.9791570255279316,1.5340625224350801,1.9236611520540823,1.8644200927452166,1.5005768308073464,1.8753674283459671,1.647050961840062,1.8690913316970723,2.031594518080356,1.431743450908158,1.8566873669618984,1.4889086780173864,1.4957979655971212,1.7460717676124404,1.3903981439855957,1.7396042181436795,1.5105725962174608,1.1607842816762146,0.984439286217166,1.2538996311298989,1.3707076987814848,1.262059374461479,1.070405223989117,1.3609449632733028,1.1974252980906055,0.9735026973621319,0.9587892711858819,1.01865931079395,0.9782359434954825,0.9558098733188746,0.9526736838930662,0.9584211385410031,0.9222715909432889,0.8704775449106152,1.0376781628130063,0.8849964542650696,0.9795981596727494,0.9369899711216163,1.133346203644336,1.1972220993172669,1.119489577332861,1.3558192651729568,1.232459388710122,1.2742459587636055,1.3380041061062096,1.4422227883676,1.5164128676920663,1.6303911218519465,1.7629378158349844,1.7494039059548523,1.7788805474443297,1.9692207318238113,1.7789286978229695,1.7390392038500817,1.758771182599997,1.7843455905666121,2.102978287103464,2.1011585024715957,2.112933457200655,2.147980618994732,2.2049343230106815,2.3320170972140293,2.9480851879679713,3.0899183569779245,0.7682947109966128,0.7072055912817956,0.6264229006735648,0.5082028399356203,0.5273365338585988,0.43467362289025285,0.3601699028758643,0.2554968476796724,0.21703252013851093,0.42086125715316136,0.15872583286546266,0.08913581026683574,0.32661134725077845,0.3506776511163395,0.0,0.29619632941132806,0.48597300324005,0.797117685895498,1.032782955167132,1.3395369121342213,1.6883878052962298,2.21945491913712,2.652211231401406,3.0268962471895304,3.4400651945006246,3.7010530260250767,0.4717357718939503,0.21902868157037936,0.44382298122423675,0.5156238937680212,0.5971615458057823,0.45515562689512185,0.6083583575102596,0.5838117790380398,0.5258696028168952,0.7064213512745072,0.6746171697457206,0.8502713008794938,0.8300571820872676,0.8628511396385272,0.8472532453447601,1.0228639637649823,0.926027056846049,0.3863639258284299,0.9431907522851787,0.6001319589380784,0.1348420563993137,1.0722657047335404,1.0203411874777908,1.05934097362939,0.6458206614085266,1.1175105589620102,1.1023146496945582,0.8499248521582315,0.6228848712921119,0.5358653791496316,0.5183970699103649,0.9885363508356131,1.3423908160394316,1.5007536292168966,1.390590368369114,1.259973332547904,1.1913266301788972,1.148937381440005,1.136259341040376,1.1686661705643118,1.2045082361329924,1.1582319756021517,1.3062250256638117,1.8243247241343765,1.9453927178104664,2.1619006881914777,1.952017336193578,2.0583490868649426,2.2033132217082763,2.3287290723405496,2.423171950886838,2.292965962476924,2.510405441835237,2.5765408091092614,2.5345952303971786,2.738109815956618,2.8296822364067564,2.9402536077742156,3.241134417156286,3.2748934452327423,3.4009264667613857,3.5298259374372525,3.5857212505564124,3.625183060643734,3.620828763314005,3.7095709507451136,3.7743697177449915,3.8185735833620518,3.867595770621252,3.903073084171798,3.950449185046405,3.9034834669858873,3.8851748942490376,3.9188717218850004,4.013283899883571,4.1182310876976205,4.297994288257602,4.180420860188173,4.222375126193214,4.263766406226545,4.3232856728265086,4.297978839154783,4.369338807513637,4.4008362274712605,4.422473850434711,4.440793068894561,4.471255003922125
1.8974921952389263,1.671067708062946,1.2049807296001187,1.0588601192344982,2.217569174843741,1.8521227473026234,2.192146956249301,1.737653275723503,2.1440179479343957,2.083802604992437,1.7141474222169322,2.1020324937706536,1.8719009670143676,2.1042989924985838,2.2424097186558707,1.6615348054978363,2.0948018353828846,1.7270404101068546,1.739605999919861,1.9956935820042845,1.640400961124333,1.997266157117805,1.7913886909268755,1.445080148990555,1.2647695733990183,1.5448421024199668,1.6650214172891924,1.557263516117851,1.366511717750133,1.6571263385853279,1.487793939058409,1.2328461453357764,1.2143804173893993,1.264043281731049,1.218721410728728,1.1909245661952064,1.179065425947104,1.1787456023141565,1.1389552394135647,1.0738764522440938,1.2229204306688644,1.0569802756477373,1.1418929695720745,1.0448183672407307,1.2176369042404587,1.2496905186037979,1.1283711186198488,1.4032403105501743,1.2391895480315984,1.2774213631492692,1.3154260921997218,1.4231988562076938,1.4813441497025437,1.5891190815475618,1.7279189109053221,1.6976480418913327,1.7200849556113103,1.8494878281589902,1.712066587523975,1.6534428456877241,1.6719276720305796,1.6932026954260682,2.0239798346352034,2.015948839749149,2.0046912261693013,2.02001500909148,2.0821813968288923,2.212512265190985,2.7696807236139427,2.9251738073883473,0.6677870602824542,0.6257348080614691,0.5330152246103641,0.5725758859137479,0.648259355375123,0.39776020679331237,0.39795649341864836,0.3122045673418038,0.366531677856959,0.6704979081896344,0.2525037276755402,0.2542235721333076,0.6004559988921151,0.6296732400796184,0.29619632941132806,0.0,0.20109178073889072,0.5154297992814221,0.750453674485227,1.0554147614304914,1.4019371026425338,1.9308571624454047,2.362431436101682,2.736124805786361,3.147291865733955,3.407960863243419,0.7670084602744353,0.38892060615489743,0.7287808423795376,0.8042060986289911,0.890749674481269,0.7042791891530702,0.8968517831571549,0.8535049307152895,0.6976178663122263,0.9915951445092599,0.8929845335595269,1.1302912569697199,1.0798538009069427,1.1117323542482616,1.0442636575766673,0.9981761443441091,0.8993882759857856,0.2822039263246197,0.8215792207692648,0.7310826308685994,0.24555775273183278,0.9165999236338384,0.8547271916536796,0.8733863581772461,0.3623209328597263,0.914916718976897,1.1656667582681046,0.8555623930962689,0.5362052652672042,0.3911666594972233,0.3489221190081199,0.7244339918391992,1.0923759355396276,1.2342273823654573,1.1110298140708588,0.9672498668228854,0.8951525474298415,0.8558998146477758,0.8670811119917925,0.9194318542860976,1.0036021638077668,1.02814274521755,1.2984568038174091,1.5422294916494355,1.6516624852110422,1.868709452968672,1.671121029598754,1.8028473807933274,1.971511174086708,2.1406468211544025,2.2883203392252125,2.0006595854359834,2.2172463481559186,2.2808124064312953,2.2398730926783514,2.443679086360806,2.5348379990503083,2.644274953714913,2.9450142253315557,2.981378234320602,3.1047658944196916,3.233630742618797,3.28952844035581,3.328992470377159,3.3265950281916585,3.4134852610470814,3.4781877629487554,3.5223809047319343,3.5713994426046276,3.60687970119186,3.6549796487039803,3.6114344166872114,3.597583883149489,3.6472611665118553,3.758658182206828,3.8774898927839887,4.07762218657863,3.884226666577919,3.9262497772439846,3.967924830098356,4.027146700151558,4.002170903355204,4.073204492944888,4.104684044405195,4.126495537071869,4.144934000487093,4.175416958907467
2.085707619291303,1.8555020799577848,1.3918723591485007,1.2557551792794244,2.409063587228355,2.042883726706515,2.385822042408222,1.9299429589089276,2.3394432851884956,2.2790942900762317,1.9088053473436866,2.298813225948316,2.068610414458919,2.302630390003636,2.435482227663316,1.8594360508559862,2.293607018877071,1.926153552171566,1.9394422507850584,2.1960212070537417,1.8409204694058947,2.1981943638118957,1.9907265212847973,1.6432685607350002,1.463988222774521,1.7396688783688774,1.8562117202555357,1.746778697081404,1.5527357914490958,1.840691077257606,1.6562543342161007,1.3700063444869643,1.3485971688383898,1.3890441690199735,1.3405505225810495,1.3090718060043511,1.290801653938311,1.285948995881292,1.2444077352843168,1.171550156258597,1.3035828162398004,1.1334115408075627,1.208785334497234,1.0783055505000165,1.2285460927401273,1.2378754380109094,1.091306274281735,1.3835762241869394,1.196702231092402,1.23133264939837,1.250921959930271,1.35831952212109,1.404548602140352,1.5061761245192598,1.6467585678278394,1.6061433981279782,1.623744950193812,1.7140953675526869,1.61071205437415,1.5411156906805659,1.5585617453245686,1.5768737048181767,1.9114439555452123,1.8996916661213057,1.8746983718981791,1.8784158481037876,1.943119952855597,2.0744318999263607,2.5982531366289385,2.7599766100421084,0.750801588508889,0.7246845444057571,0.6341538186067036,0.7424253176656168,0.8308450929022261,0.5470262194795006,0.5737374568534384,0.5020566515860764,0.5650792059048038,0.8715896739279754,0.45265214824911176,0.45408498542207,0.7997834592537763,0.8281945433567961,0.48597300324005,0.20109178073889072,0.0,0.3146299381761221,0.5501026252712596,0.8558729291089753,1.2035762891839368,1.733883823811829,2.1663709309338697,2.5409359116018275,2.9543469347700086,3.215452731110663,0.9570402847479447,0.5218868281656441,0.8971942108898737,0.9752085915211226,1.0678774863010452,0.8466278143849628,1.0666239157273185,1.0060586943420085,0.792701873525972,1.1564603606974662,1.0071247317424954,1.2880952735907283,1.2116669130116093,1.242195580599471,1.1383828205034734,1.1086655866951323,1.0127356416676583,0.42287888047983263,0.878603226027713,0.7983943584950404,0.40233450306304813,0.9412833068405945,0.8741385500093682,0.8730273627753122,0.27107613433063454,0.8958462098653633,1.1641579725302573,0.8305694562036486,0.47873380773564006,0.3159801859411042,0.26264132269869744,0.63687050562818,1.0114387086853918,1.1268243117825962,0.9838774665982716,0.8107552483438277,0.7193918280087482,0.6639949070457896,0.6664811164990176,0.7243574049680028,0.8319647199662705,0.9007274925388798,1.2443705948973338,1.4053920133567537,1.4604561356363521,1.7051713897086012,1.4708696080305514,1.6038121956630111,1.7792315688203764,1.9664857939864397,2.1411503275968666,1.8393738757792228,2.052984620598118,2.106065109221816,2.0506268937691448,2.274818873754259,2.364249451562596,2.467264657807114,2.761909967635781,2.789552518358985,2.922246601209651,3.052240465803403,3.107921532417051,3.1472466615871855,3.1360456708234725,3.23491874104573,3.2960604123934423,3.3416128329993917,3.390141762994538,3.4260366492641197,3.467710428299489,3.4175681964545404,3.4000984686787765,3.4461787997823157,3.559103645191938,3.6809747907617214,3.887258199698002,3.702539067066248,3.7429295434358467,3.782298421777556,3.843999677622529,3.816353313185857,3.8899791332517717,3.9217341041865956,3.941721568150411,3.9593800207532652,3.9897384096076283
2.377415647576055,2.142382032492141,1.6841133930343672,1.5621206076731284,2.7051806828181433,2.3384940406071006,2.6854252340008657,2.2280821663907586,2.6419364463104182,2.581429241872735,2.210600820067857,2.603602520558938,2.3734862836992123,2.610118222696208,2.7340619076556045,2.1664992623636237,2.6019654339937732,2.235284090241028,2.2499406520590437,2.5074714451056734,2.1529117437386662,2.5112368278892254,2.304925153929557,1.9568186717789693,1.778183942475732,2.050608930405,2.1638143734587296,2.05295890262732,1.8562022786468586,2.140884772033692,1.9414353497281314,1.6240186529985958,1.5996964201256592,1.6291560317246994,1.5779373560241667,1.5429031117393022,1.5177066751541721,1.5077383473002277,1.4652028831394726,1.3854140838483313,1.4931759248189225,1.3235573173555337,1.384418476347033,1.2169757590468988,1.328867060346102,1.304704546649725,1.1277260402702414,1.432080205932467,1.218247452271829,1.245233491660344,1.2333228747733875,1.335070407710718,1.3589133151465735,1.4460201161358421,1.5853269258926392,1.5276195001372699,1.5360245667224375,1.5505449191278062,1.5142525592080662,1.426324688227372,1.4412995219038456,1.4534840643657794,1.7874826811194993,1.7690658341331316,1.7185954883934116,1.6996710091065579,1.7683559447736643,1.8997218148068298,2.3531898057190617,2.526639572810485,0.9390893926263557,0.9330789952139389,0.8526227623757757,1.02315444264098,1.1227800996036774,0.8173466046940002,0.864800057841927,0.8061183650131994,0.8757926396185439,1.1856749413199825,0.7654304421637185,0.7686974711325946,1.1141769206681806,1.1422595771168695,0.797117685895498,0.5154297992814221,0.3146299381761221,0.0,0.23583308451538973,0.5424271400233871,0.891480250429113,1.4232878491513061,1.8567497358171403,2.2323101101521114,2.648661795331599,2.9102435768714234,1.2655306243985613,0.7987267550643208,1.1889567168643538,1.2681771996434856,1.365281250840604,1.1167114647094387,1.3575023129535686,1.2818681247068917,1.0197523404612854,1.4418190022883055,1.2444570395880084,1.565050205559103,1.4625685441666163,1.4910465837718971,1.3491974052230205,1.3101886376897032,1.2214646710042887,0.6966234088201714,1.0248274507864281,0.9956044548351907,0.7006394504730458,1.0392063981371444,0.9703315045590948,0.9411075283602474,0.3657517735241694,0.933753720356511,1.2498916955909378,0.9067560123839963,0.5665042185622531,0.4388655916102076,0.40005544158526263,0.5961282977335854,0.9368869837043382,0.9964397965442487,0.8242033456371998,0.60088225486917,0.4688452331396049,0.3714361484290268,0.35837571182475536,0.44145206768209394,0.6189786338654375,0.7886665761100597,1.2445279864752201,1.2086869604303272,1.1598998408530832,1.4534102157170146,1.156402291229748,1.2986510889277576,1.4919321749090433,1.719636428478836,1.947952075679195,1.5902857679308027,1.7968385524110586,1.8313988986990113,1.7516765660963989,2.009409737577402,2.095493903977475,2.187385928854384,2.471447531039686,2.4856103054058987,2.6324419483060253,2.764008676230057,2.8192661947341966,2.8583175255926716,2.833720064803366,2.9508424977633028,3.0063401789569504,3.0539421014045987,3.1016504235054025,3.1381424733673695,3.169993355445966,3.1103700508600176,3.088223704042805,3.1321519713816146,3.251085710389413,3.3805300006765413,3.6002613250661906,3.4130412184595786,3.4509147799037176,3.486790146927499,3.552159253607677,3.5205357970222333,3.597982620248313,3.630126094396752,3.6473669883728643,3.663854458545095,3.6940082919833226
2.593499891612958,2.355546428577615,1.9021886133493013,1.7900324490164718,2.9240386781462266,2.5574609130274837,2.906940190628738,2.449053657415585,2.8657150955980715,2.8051373071127848,2.434284140702596,2.829212657295329,2.599345245264388,2.8379043381921365,2.9547492396256145,2.3942431483625133,2.8304804080729484,2.4646455383300245,2.480451605966916,2.7387330927113527,2.384798537788763,2.7440642619564453,2.5406942092395384,2.192650931989387,2.0139495547209356,2.2859534933709567,2.398046756799407,2.286697748969233,2.0889927994060695,2.37212870933568,2.166070414232678,1.8346277105657318,1.809007618487966,1.8327436033387539,1.780514170546198,1.7439546122068432,1.7154461532734633,1.7029422144943034,1.6603354122656946,1.5779275420146324,1.6714650959444968,1.5046990255860841,1.5567621744826858,1.3724984948545818,1.45902368905001,1.4147008829767085,1.2244979832602019,1.5265002444322793,1.3014615304369315,1.3222131817149079,1.2885712579404411,1.3824569208702882,1.3888112877795726,1.4620122965213258,1.5965001815798612,1.526863087534936,1.5276824693266928,1.4773275718227197,1.4994118137621604,1.3988269910253195,1.411275325176103,1.417916505300898,1.7436487523064317,1.7199587997033259,1.6484600493142554,1.6096377129627026,1.6807147821821047,1.8100522596141864,2.1939523090476842,2.377471483459718,1.1074511654086765,1.1124298185874548,1.0398955403609633,1.2383342224386107,1.3432119422614062,1.0303786818251743,1.0868842971613812,1.0349754411139176,1.1079256719751078,1.420007171430228,0.9990578350270121,1.004148978958935,1.3498521069766782,1.3780448948607198,1.032782955167132,0.750453674485227,0.5501026252712596,0.23583308451538973,0.0,0.30686342917449577,0.6565371640771489,1.1889795761334419,1.622858868563634,1.9989033736302015,2.416987766315019,2.67878600673091,1.500397836724829,1.025372889413409,1.4182889086499944,1.497722120034236,1.5962870001977267,1.3379816162399896,1.585981544609231,1.5044351131571483,1.2241068637685968,1.6677671664804807,1.4501673956797883,1.7868682018988973,1.6726992145884922,1.699979278327416,1.5406318759215807,1.4761017101888674,1.393446127905607,0.9137126302942739,1.165896208312442,1.187030253656457,0.9339529390450844,1.1500118479252146,1.0835036949220944,1.038062591321968,0.5471441962560334,1.0112033021617102,1.373407138619407,1.0389114848522005,0.7318611573247986,0.6343884999530813,0.6056230701648746,0.6535021635036001,0.9309166843218765,0.9394833646081934,0.7527771456936482,0.5015366569620665,0.33902685379491304,0.18675507429648744,0.1593946503478314,0.29395570767283885,0.5474491097552175,0.7980075154205221,1.3119847584180042,1.0822430402106582,0.93433594682886,1.2708578794760417,0.920770477200116,1.079859619057216,1.2945264030768413,1.5639038586433749,1.8409263626146137,1.4085633588948663,1.6070718342026964,1.6254796139548204,1.5257427201102234,1.8104655311470377,1.8933710079216601,1.9758171055886713,2.2509384462563835,2.2551814270322312,2.4122131794520207,2.5448022419843994,2.5996737187424457,2.638474723236693,2.604217348995643,2.7345400149243773,2.785753237188185,2.8348269001812354,2.881879538180151,2.918777794127317,2.9435081481048777,2.8776072775312604,2.852944315526742,2.8987456667527844,3.025717919954503,3.163492633159444,3.396750219536155,3.1922686842296355,3.228302504165346,3.261681020856091,3.329607244044806,3.2951928259779315,3.375291604537911,3.407692282513967,3.422983170466253,3.43864474634954,3.4686423954202468
2.8720532697673975,2.631081418684023,2.184888417693623,2.08469357784868,3.2055227290666104,2.8396686441266787,3.1918592567844413,2.7339569073470513,3.1536213056789153,3.093019754662329,2.722620262664702,3.119561434435208,2.890261713187634,3.131150549437673,3.2385401887461343,2.6878477951955624,3.124721539923684,2.7603267672648553,2.7776850041051184,3.0368575312964077,2.6840178274262243,3.0444837465831167,2.8465512316424135,2.4990125400634167,2.3198276849699693,2.59281601065115,2.7046078714045576,2.5930284553396468,2.394822188372534,2.6769042013783713,2.465918977099575,2.12330232428991,2.0966480629850337,2.1153117510412764,2.062406969980669,2.0246711211632773,1.9933875537103347,1.9787066914092932,1.9362859082376431,1.8521093085648364,1.9321297336187924,1.7694513788131232,1.8130464278409704,1.615823512324446,1.6767502889291355,1.6133537294320528,1.4152651913912766,1.7064644380641805,1.4758795497057438,1.4894258407785288,1.4336364263813606,1.5154178141084285,1.501597431393643,1.55583618652656,1.6802225431865518,1.5981425835308134,1.5895024093895112,1.4549696204618272,1.5540247291723457,1.441085833725403,1.4497693924178112,1.4489299783202794,1.753049657709768,1.7229402173158075,1.6247036373647599,1.5588094129982781,1.6312357444113605,1.7542667615777248,2.026042768167628,2.2232338668110416,1.3462981104622063,1.361824053544416,1.298366569649788,1.5211284041150228,1.630789439088073,1.312969820406506,1.3776230826547935,1.332709387907306,1.4089295772464252,1.7233704489166801,1.3019841474872969,1.3095036436738479,1.6555443824970077,1.6840670871520447,1.3395369121342213,1.0554147614304914,0.8558729291089753,0.5424271400233871,0.30686342917449577,0.0,0.3500837500768648,0.8828842483835392,1.317026657132457,1.6934488807312884,2.1132463624182343,2.3751974971358405,1.8072125147861045,1.3282996689037778,1.7222588557201466,1.8017589168119414,1.9011838543119486,1.6365736518949023,1.8892354161169258,1.8035786353828198,1.5106229585197037,1.9691433917760213,1.736308925944021,2.0849267539883174,1.9615016682112336,1.987674776811977,1.8141398334387155,1.7050236583026186,1.6301315653959667,1.201285341827356,1.375859961262157,1.463792199823757,1.2403578567060236,1.3290845263162563,1.2677974369262026,1.2075701879809146,0.818413324410201,1.1614580307877869,1.5864349862240268,1.2691747645624687,0.9992727702348957,0.9234421777733504,0.9005356754660793,0.8144644855566229,0.9911647079577974,0.9324627103476015,0.7468787518633542,0.5066255912815929,0.3640930964348168,0.24752131490362209,0.2506606002974291,0.3500531375096845,0.6155989155754171,0.9235855683222335,1.4694151791709023,0.9612404821647422,0.6435157161220291,1.049843773652123,0.6166759865173255,0.8209352911331504,1.0758743770117594,1.412833546692078,1.7591205560782788,1.1855945748169878,1.367831689278798,1.3606754317598135,1.230630855244689,1.554809731003358,1.6322678766329417,1.7001963567505654,1.9617039110453374,1.9529509477929754,2.123052198837981,2.256791503792694,2.311054628129736,2.349461562426239,2.302896350676969,2.4501131298740915,2.4955532664845497,2.5464993540653125,2.592629405857337,2.630014068747927,2.6456422955991403,2.5726147009400564,2.5460912076684785,2.5996159788086763,2.742342658319377,2.8947539309169827,3.1502485496061405,2.901390650694956,2.935059225136995,2.965309180227886,3.0363636988277154,2.998515285401727,3.0818416359736553,3.114541046999681,3.1274068060632234,3.1420514943731632,3.171844335912439
3.1865689788385496,2.943062522784617,2.5057999705355227,2.4183103570393154,3.5225212898992035,3.15821044095194,3.5127036585117413,3.055656949708737,3.477880072855114,3.4173441839416805,3.0480873314318826,3.4466367069512045,3.218309071625134,3.4615391995412157,3.5580459606488617,3.0192253906525655,3.456274924528652,3.093972077568794,3.1131146244559385,3.373099915977801,3.021893089576734,3.3835421179309844,3.193255287634722,2.846722720841677,2.6666957266528426,2.9420757622409512,3.0545611170169575,2.943075249510194,2.744900686637216,3.0267522121286246,2.813424428909073,2.4640400440282457,2.4367379994755622,2.4519004196429988,2.398646421403897,2.360187741167748,2.327057054965691,2.310892533003651,2.26874148352153,2.183632781667018,2.253601329618548,2.0947440004375624,2.1319877273087084,1.926897905646898,1.9679010348478896,1.8905127757260045,1.6901574919310103,1.9668282049497232,1.7365072561862378,1.743895745543709,1.6713653916059055,1.7404055970773815,1.709299656565693,1.7445251172778369,1.8554787207321062,1.764140594695606,1.7466530308380672,1.5310434616648572,1.7054416953299745,1.5850198129259263,1.5895866595830108,1.5813100253889718,1.8510949162458974,1.815176001672954,1.6915593293118505,1.597928169169372,1.668767072037258,1.7797177398186839,1.9014420615926793,2.1126463171186285,1.634415431971994,1.6586310823324706,1.603836107063028,1.845322288451231,1.9587987027719727,1.6385237216036002,1.709849046565547,1.67151525806786,1.7506809371530803,2.0671764368124594,1.6459308830748691,1.6561583094925054,2.002393075915661,2.031401462428802,1.6883878052962298,1.4019371026425338,1.2035762891839368,0.891480250429113,0.6565371640771489,0.3500837500768648,0.0,0.5328377076410852,0.9670404886028366,1.3436106331491466,1.7645696449546682,2.0265796028703846,2.1568595616098034,1.6777067591799462,2.0719213169849384,2.1514317670390826,2.25110726670429,1.983866715390789,2.238600893314367,2.15102698954442,1.8513414665950005,2.317642178551301,2.076165730220744,2.431591185795206,2.302589393695691,2.327992900080032,2.145345890521669,1.978207635820382,1.9115455636332177,1.531944894212117,1.638426982490422,1.7987375314979452,1.5903669639609026,1.5658518169765607,1.5112835983080461,1.4405497953363995,1.142653478009511,1.3797622762183437,1.8752374038423756,1.5756846257514445,1.3325791538078244,1.2679099085282213,1.2474986353196273,1.0638071404731066,1.1392180982905522,1.0190762723550537,0.8608849669890196,0.6844265060231878,0.6055731595884701,0.5599583006339252,0.5844389349374793,0.6380878070577136,0.8520407237879987,1.169205942292695,1.7163846810468555,0.9090232582690762,0.33076638130720193,0.8418294763096297,0.2880401544086971,0.6070565570155227,0.9155681747922375,1.333382596198847,1.7534876213224864,0.9660647873702329,1.1157303996138426,1.069633576415218,0.8943654717207927,1.2736433035926573,1.3419119950631893,1.388345157332407,1.6299270433110509,1.60574510989864,1.790856888803296,1.9256500970523862,1.97902773164153,2.0168643568582043,1.9563871457190565,2.1228549803457515,2.161234235946925,2.2143037310525484,2.259254073018642,2.2971441075540886,2.302470682872255,2.2229605577197336,2.1967906226037264,2.268564998959313,2.4382043592496174,2.6132228014633254,2.900643740577762,2.56567111974178,2.596653487708346,2.6234855381136564,2.6978597443929346,2.6563459812925703,2.743070578426181,2.7760671843458034,2.786311959959788,2.7998785705306006,2.8294408963664615
3.6739412637193456,3.4282917134415527,3.0035749327686583,2.931065920481433,4.011938146690164,3.650659627235502,4.00702066266335,3.5523197376571205,3.976604808968935,3.9162916727547517,3.549390700381514,3.948992861996307,3.7223779598511784,3.9680636218227736,4.050549113550275,3.527849378090776,3.964286832066422,3.6052436825539553,3.6265673494506556,3.8871912958787527,3.5385212439030744,3.9012099814639614,3.720960764978368,3.375892350615254,3.194855036626996,3.473353201103063,3.5869504270885844,3.475676065985281,3.277696813526607,3.5595337598882666,3.344246299359437,2.9884858568194166,2.9605783765013376,2.9722245381329717,2.918719397831193,2.879616041003691,2.8447176185141885,2.827112422944387,2.78534330082693,2.6995592560251453,2.7592258393584728,2.604888106500238,2.635664263198953,2.424166914447612,2.444996069980781,2.354481484394863,2.155277576653177,2.4121936555996926,2.186612125518263,2.187634978967565,2.0999564018341,2.1538228794988377,2.105397201599349,2.1187484422570604,2.210575342856335,2.112202230103752,2.0853515708734536,1.785816179998593,2.039416003841994,1.9164877991586713,1.9161326081520662,1.8998080531456978,2.114036838661914,2.072645808985795,1.9239425336166238,1.8008024800745854,1.8644848835200234,1.9518608231823815,1.8378679697101252,2.0603453370326137,2.1051844833934066,2.1377129064781135,2.092302924353565,2.350281497543914,2.467099096680624,2.1463036324637086,2.2237944314757465,2.1922123603777592,2.2741359154416934,2.5922388833684122,2.171866893284692,2.184864377118995,2.530967469973794,2.560514458721443,2.21945491913712,1.9308571624454047,1.733883823811829,1.4232878491513061,1.1889795761334419,0.8828842483835392,0.5328377076410852,0.0,0.43424859728564275,0.8110121739181658,1.234134691204092,1.4960728698781496,2.6888088990436896,2.2102742908238957,2.6046161994996004,2.6841298479580193,2.7839273458269806,2.5147725865395505,2.7710928910446984,2.6819944793918555,2.3767037393361936,2.849450185867343,2.6003332619497557,2.9617529815874217,2.827579267798524,2.8522046113313535,2.6610810132655223,2.427342928511578,2.3706895898016684,2.0454077041601666,2.0831379207394756,2.31910468573083,2.12293141789238,1.9860011358565008,1.9401848366704957,1.861417667950763,1.6542139951119292,1.788490848872227,2.3511200630483624,2.0721449937609235,1.853640844616547,1.797380638516057,1.7786647082627514,1.5171832407950292,1.4930425698074403,1.3219526572289921,1.2147588599583652,1.1186230960195713,1.0894590551625456,1.0791717333409234,1.1128565006705464,1.1471490900274388,1.317183914661239,1.6230834514776449,2.153173055764106,1.062997170415148,0.3347417757040668,0.751891092853154,0.322195399812635,0.6205857334603007,0.916682021168231,1.3938524306955027,1.8841379067730957,0.8175306962967405,0.8633810415551365,0.7244287941832097,0.4208162853469163,0.9304093729208623,0.9697940860788545,0.9582648726000244,1.1411899263122376,1.0788969555663317,1.2987383059210622,1.4343701634735295,1.4851889067158397,1.5213927668383165,1.4303436433968966,1.638097093987598,1.6608488323068764,1.718105602826417,1.7602365061095178,1.7989513060908346,1.7826955398069866,1.6905406904031963,1.666848320127759,1.783284870070264,2.0107627933242878,2.2298612429790365,2.5745186368169564,2.060238376794525,2.085715589347677,2.1056844784337505,2.1864226215663436,2.1377969737868243,2.2309833933154355,2.26447331875452,2.269594736331369,2.281053983991816,2.310123247234478
4.076604586765116,3.830126163528611,3.4145758956594663,3.351677070279111,4.41530737596646,4.056759677866345,4.413741227831885,3.961413216675241,4.386379938952867,4.326307550773702,3.961568364001652,4.361284387728682,4.136140130168526,4.383181283505691,4.455959374867607,3.944926906106605,4.380428281057201,4.023997846811043,4.046767212462871,4.307581481691576,3.96094679289115,4.324056828026701,4.150945574357374,3.807024529477045,3.6253261624334416,3.9060390258203754,4.020560379364012,3.909498183979624,3.7117611431335518,3.9937749619358898,3.777798135425697,3.4189363391819483,3.390729625073274,3.40052562588934,3.346928020254542,3.3075165194901803,3.2717178363041044,3.253369031733827,3.211846590992174,3.1258064900771294,3.1799127218219607,3.0282546846718765,3.055558772686915,2.8412424656177304,2.8513131501372118,2.754253333607082,2.557009074461641,2.8014239894175796,2.580247609424755,2.577885281278785,2.483065127595942,2.528112677727956,2.470882741369814,2.4718730742754738,2.5511882731898563,2.450585839748317,2.4188930611207287,2.07895219540704,2.371234695467866,2.249793371984381,2.2466705081672944,2.2262142658145367,2.401589451533393,2.3579765869337126,2.198501112269562,2.0617967969834994,2.118321208429593,2.1869578920127344,1.9066189859491616,2.1265230291402957,2.5042875736005734,2.5412012555347614,2.5012658577710645,2.767440117662593,2.885892027482612,2.5657056201783477,2.6464562654887587,2.6187936007045276,2.702209769082972,3.0209860314298207,2.601509091344269,2.616148831457604,2.96198557786598,2.991870008485074,2.652211231401406,2.362431436101682,2.1663709309338697,1.8567497358171403,1.622858868563634,1.317026657132457,0.9670404886028366,0.43424859728564275,0.0,0.3769323524089833,0.8028438895811196,1.0642638286223363,3.1221077333074376,2.6445107629536952,3.0388645794749847,3.118378285099671,3.218147732696342,2.9484393500749198,3.205310700484662,3.115668294184338,2.8079350515086827,3.2834478033411276,3.0308537561011697,3.395040706482357,3.258384132889839,3.282603044761906,3.087275511651002,2.811437284643018,2.7611271125475474,2.468250193124743,2.467929069399007,2.7480181113818025,2.556776966905699,2.358329544589951,2.318025113400217,2.236101461428975,2.0774074979868487,2.1579473896351136,2.757264157753584,2.4900741987619126,2.2834734434161033,2.230650478509404,2.212531798985073,1.9141442385036387,1.8416286545337643,1.6520511381027736,1.575215046180818,1.5167885106612096,1.5064602799784692,1.5083171616809905,1.5462585149250885,1.5750052337410512,1.727932943480152,2.024642641731521,2.5400601741831235,1.334855562914164,0.7285129671987539,0.9251367648425889,0.7370392484857863,0.9099268121045045,1.129945767521895,1.5873544063985527,2.0944640035513458,0.9265590568858674,0.8626301536167386,0.6549713428541811,0.291277957906651,0.8094801732420623,0.8036183520556133,0.7101970510853503,0.7806885157056446,0.6543014322258199,0.926191446243861,1.0589554820607228,1.1049042536841815,1.138047160142259,1.0047974501961596,1.2667300670291999,1.268435084532274,1.3303448340624586,1.3682532393064142,1.4075307315213557,1.3638854679592962,1.2564872822593807,1.2382798482707453,1.4184326068319215,1.7134677936568519,1.9768079967166026,2.3727091954422823,1.6574132922285891,1.6761668421885487,1.6879275741501731,1.775771268883462,1.7190519943544949,1.819374391474625,1.8532853237313023,1.8525260344684196,1.8615546281956992,1.8899883159537456
4.425646561440135,4.17884540783366,3.7710573350282837,3.7158070793748488,4.764522594519087,4.408571467453078,4.765677431224191,4.315728929680817,4.7408316153933825,4.681009025289569,4.31836243202713,4.71781799986494,4.494062438096275,4.742027732308556,4.806788644788441,4.305711033749581,4.740125470410411,4.386101088141622,4.410053551788405,4.670874605396701,4.326142459174516,4.6894255216488085,4.52267875504729,4.179908991751452,3.99763173946827,4.28046073117797,4.396030919518456,4.285255669328409,4.087896134036524,4.370336424564578,4.154704133557521,3.794705589826605,3.766363837596579,3.775258359207791,3.72162475960372,3.6820660944929884,3.6458159472701084,3.6270859390977472,3.5857042656058637,3.499557912096064,3.5506381728278855,3.4005265329737497,3.425919681307405,3.2102059898725037,3.2141400930556987,3.1134306807807532,2.917740733554957,3.154216802665538,2.9362514955935426,2.9319150863811405,2.8332167577714134,2.8728448994681752,2.810585605160821,2.8040499229458855,2.8750972178689085,2.773793870716884,2.7393213281865028,2.377789599571041,2.6909698696247384,2.571474314180051,2.56668818610782,2.543892109312327,2.6928271326397706,2.6482676721664804,2.483872185656716,2.340562377556,2.3914902253730017,2.4465555772191436,2.0544320273626933,2.2652729681136154,2.85389372680819,2.8938071031427044,2.857889907196652,3.1295501124589316,3.24908090641121,2.929790346698593,3.012885176309722,2.988277506646738,3.07282431850195,3.391982845706664,2.973465148136556,2.989492259817649,3.334974804379966,3.36515520095579,3.0268962471895304,2.736124805786361,2.5409359116018275,2.2323101101521114,1.9989033736302015,1.6934488807312884,1.3436106331491466,0.8110121739181658,0.3769323524089833,0.0,0.4297349678168155,0.6894309092309528,3.4972818825270418,3.02125166235298,3.4155290222986205,3.495040229984388,3.5946326547559693,3.32536372734279,3.5820930129161996,3.4925927868324957,3.184108911234953,3.660365758963126,3.4067002270314384,3.771896547877539,3.6343295596549456,3.6583638587672036,3.4610122121056404,3.149190510267102,3.103657036037711,2.835028440972544,2.8076205287832674,3.1231883756144474,2.9326542388750982,2.6899634824244476,2.653691648385457,2.5701262352225216,2.4450055275078237,2.489000673947013,3.1201414807040986,2.8598496504279014,2.659164895712859,2.607522355136694,2.589462379308989,2.2648696139477047,2.162170202230451,1.9638887351300105,1.906681538634208,1.8709219432554438,1.8715972325837646,1.880870869974874,1.9231687975958338,1.9502470554771307,2.0955264854725564,2.3867192204092555,2.8922329091322023,1.6200255530262644,1.0923196254149146,1.1792317158837595,1.1110136943924724,1.2387598278986853,1.4098929620186373,1.8347542331254039,2.3391189973023874,1.1418639324006636,1.0113770247839082,0.794730924578117,0.5496931982364497,0.8680215765963658,0.8193625637560558,0.6562486656637068,0.5460052053625039,0.3001156639920034,0.6536739677103807,0.7721304982215941,0.8081983238166129,0.835220786176907,0.6396470365962491,0.9755484253511709,0.9478892497655558,1.0145516700281068,1.0457660548383672,1.0849184964264815,1.0050812473881967,0.879565014343091,0.8753789391095302,1.1536748856858026,1.5241049297369724,1.828268912174758,2.2664361589189737,1.316273143289937,1.3265778706996616,1.3283027334464934,1.4241166616986847,1.3580962081192414,1.4663090364480431,1.5005112828222005,1.4929296067834354,1.4991380407679036,1.5267530717919864
4.793925157498219,4.547175694232013,4.151505234415412,4.1081658731185104,5.132431995371298,4.780891873368026,5.13757040342506,4.691903817735187,5.116516107348421,5.057159908081472,4.698251093661187,5.096699552458023,4.875403525158035,5.124465367862834,5.176984769248615,4.691801079458881,5.123908575166911,4.774192876072843,4.800046983180747,5.0605735977372985,4.719431636470671,5.082619461984703,4.927956299992807,4.587909843832091,4.404506122747806,4.692076153313043,4.8105541547951844,4.700751515582279,4.504820925648494,4.789063512179804,4.577864082139295,4.221633733435913,4.1934849800264615,4.203337770425357,4.149733391112459,4.11029056664731,4.074351363020362,4.055839970791026,4.014380545211831,3.928290217074565,3.980268604439725,3.8298446753001225,3.8555875937776305,3.6399404684120533,3.6431266966280016,3.541498026871001,3.3462872166020574,3.5800925807304593,3.363387403857504,3.3583687760110164,3.2582673793742725,3.295578736258902,3.2310797657792527,3.2208225321649713,3.287296393233337,3.185835580973135,3.149902243164027,2.7771654457788695,3.101291297938968,2.9832003731121706,2.977517650106152,2.953495951014808,3.085960626511996,3.0410070681733816,2.874341534597493,2.727724839449062,2.774667426717942,2.8202191170049673,2.3497823631224732,2.548668866534815,3.227511010601787,3.2712881396394966,3.2410417139954957,3.5198986528021274,3.6408172926826476,3.3236607037793737,3.4102844768793354,3.3908994123673923,3.477358880113971,3.796807024779534,3.3807099134344516,3.3995785203347104,3.7439138079895393,3.774711391931567,3.4400651945006246,3.147291865733955,2.9543469347700086,2.648661795331599,2.416987766315019,2.1132463624182343,1.7645696449546682,1.234134691204092,0.8028438895811196,0.4297349678168155,0.0,0.26201618075633876,3.911385952596187,3.441486947255112,3.8351301927760537,3.9145968600880017,4.013228902391874,3.748308846275933,4.002407744733764,3.915498861143585,3.610364236546834,4.082157127481215,3.8335221125780725,4.195660422775936,4.060983184672208,4.085307963377625,3.889751312355099,3.5060624454174696,3.4669001007416327,3.2333856344226035,3.1686721748050712,3.5508617613590174,3.349270793619511,3.0417873577984516,3.010668281476978,2.9256741226432363,2.8456718189593575,2.8415954518681206,3.5491536383051456,3.2895517405342294,3.086237267989872,3.0313795601510303,3.0119834325047714,2.642984329864508,2.505813285032407,2.300684791971546,2.2654885457083282,2.256009538463232,2.270797800946795,2.291455330513498,2.3468687714264687,2.377848571826967,2.5252527542161056,2.8157175996185337,3.318025003882671,1.93668052566408,1.4962529712586523,1.484829788066264,1.5394019589586552,1.6596791713720465,1.8074313331863514,2.206968801742112,2.7033968405276414,1.4164572280842707,1.2400061268910918,1.045658558344654,0.9182440821751061,1.035499874643657,0.9550019286853518,0.7638242230742852,0.45879581881227904,0.17482346061999215,0.44830448973670467,0.5054158632604795,0.5152444378945878,0.526022723251791,0.21918319760960814,0.6693499796706291,0.5930525283404208,0.6628380054025604,0.6808907652014066,0.7176937318564603,0.5859776189879897,0.4669233553498303,0.5466622528507321,1.0314450266883564,1.4874691797766804,1.8286888035480129,2.3018948920111493,0.9148687776192542,0.9145936816211966,0.9055749260466847,1.0088586086446272,0.9340300895205553,1.0492426727036936,1.0835149764711782,1.0695128504816585,1.0734363429271259,1.1003955974147004
5.040948094252891,4.794369341544758,4.403212009092305,4.363725924495257,5.37913115239961,5.029401843049393,5.385743871897498,4.941840961454214,5.366077355491669,5.3069147179165475,4.949484765494788,5.347408163109325,5.127061146224834,5.376403948074762,5.424513239460545,4.945137327844962,5.376309220757212,5.028156385039699,5.054617251674416,5.314967480181311,4.975066431248263,5.338123516601583,5.186978078220677,4.847655425560364,4.664009388666718,4.952617784015999,5.071653719616593,4.962026532899862,4.766329582944722,5.0507982758929435,4.839879700910287,4.4831983503090145,4.4549907238912265,4.46444863799603,4.410828012338111,4.371319979843833,4.335180909924114,4.316500390514675,4.27510412875815,4.188968188554435,4.239593843523504,4.089872820351462,4.114764633330709,3.8985348517343783,3.8990126592052916,3.7958301178960836,3.6014267058560465,3.8315657681167954,3.6164761491261013,3.610608227971043,3.508952653113841,3.5438725977874137,3.4773129195296364,3.4638179187829294,3.5264891478941403,3.425020434394023,3.3879891420966652,3.007683341459099,3.3392411694125377,3.2223960698464533,3.216028685617451,3.191106099196188,3.311458264052571,3.2663293662093116,3.09850793615585,2.950083581968513,2.9942546275137247,3.033469581199092,2.5184738367993176,2.7086107501093757,3.477660409566797,3.5226662382983576,3.4942607258019405,3.775132371221296,3.896400948999557,3.5800355627446727,3.667601924322067,3.6495962727835525,3.7364992470868437,4.055931633838536,3.6405094342037727,3.6599831262568374,4.004009190454953,4.034935053020219,3.7010530260250767,3.407960863243419,3.215452731110663,2.9102435768714234,2.67878600673091,2.3751974971358405,2.0265796028703846,1.4960728698781496,1.0642638286223363,0.6894309092309528,0.26201618075633876,0.0,4.172483012851965,3.7034058439053563,4.096985261304923,4.176445309029822,4.274975443414469,4.010324800562164,4.264317834509038,4.177515020602932,3.872082897707202,4.344151471059164,4.0951099378255345,4.4576623710576415,4.322619251718639,4.346865785433413,4.1504234971444465,3.7500130889842924,3.7132005521000644,3.491044095024096,3.4145876489689595,3.812154410862891,3.6108115007889263,3.284617699397009,3.2553953799447064,3.1700478529386764,3.1041179331573776,3.0850886801437096,3.805107400750109,3.5485676852100005,3.3477346393358656,3.2933669749712613,3.2739994740000338,2.8952910896084396,2.7469652616939224,2.5401058050508807,2.512456507424662,2.5109075329933996,2.529280484606536,2.5522561635790018,2.6088502176880364,2.6391349292614006,2.7836532091780337,3.071802342295293,3.5695058692342823,2.1708133351703505,1.7564867585779849,1.7190431981189422,1.8002618326064843,1.9084061723077894,2.04006243113052,2.422000623902815,2.9111232974698567,1.641241681209616,1.4522596613140513,1.270669120658509,1.174641406873447,1.2323707196254903,1.143801152357262,0.955306443194829,0.6137152411085183,0.4277447363073584,0.5327873567762041,0.521387295379967,0.502428116097376,0.492832377913693,0.1319693932343743,0.6115747891875083,0.489375565280339,0.5526728062476958,0.5509166274872437,0.5804438524153672,0.3703367070936221,0.21914147946038978,0.39884141043333027,0.9962572925667127,1.4815825492327592,1.8343161060104487,2.3186392001519964,0.7160878848106443,0.6990928662831586,0.6704508952944405,0.7857182238756599,0.6956267313612414,0.8223678714200782,0.8562351012687636,0.8309025106331668,0.8300337722919503,0.8553220369101011
1.4361149404930542,1.267925229927498,0.8532807872284933,0.6049837790856682,1.7025091592532298,1.3669186446341395,1.6533584929895786,1.2438340486034307,1.585263267091233,1.5295663983620906,1.1916825315532888,1.5260530850851062,1.3085260594637715,1.50328726751526,1.7085253046659028,1.09220794836557,1.4854939502047029,1.1289533323581156,1.1234794566429218,1.3546237256782656,1.008640309830676,1.3322472234972595,1.0604077346672633,0.7075244851972534,0.5453474567596448,0.7866268959809999,0.8991723039734295,0.7903598184548887,0.600908145959043,0.8937102080166064,0.7647803255941419,0.6728236383977446,0.6725517525367867,0.756175899918833,0.7359514733971627,0.732611290723316,0.7543324141682693,0.7753268725019269,0.7552591200684147,0.7476061404078,0.9261581583988757,0.8304819674374287,0.9268142756323752,0.9937316154618295,1.1992185918683111,1.3057201472835285,1.299566983798896,1.456358386340072,1.4037709126844617,1.4466119919812817,1.5399712399271226,1.6318437804376775,1.7228511012656156,1.8387320769837618,1.9563029116724362,1.9659951907929394,2.0035255907408245,2.2647618148007163,2.0141542218227118,1.9998708228097715,2.0203960720454157,2.050398319798071,2.3428506734420207,2.349245753622191,2.390336317905856,2.4491746397595664,2.498378219325215,2.618652760458823,3.299310708063737,3.422911524576569,1.0572652691137334,0.9871531737829152,0.9354588154392962,0.6792871087177014,0.6042293589848432,0.7500345431254031,0.6426763063118597,0.5943567723698086,0.4998144928103219,0.2830946397796212,0.5592824320656816,0.5223350084178116,0.22374491061436597,0.19034997483879074,0.4717357718939503,0.7670084602744353,0.9570402847479447,1.2655306243985613,1.500397836724829,1.8072125147861045,2.1568595616098034,2.6888088990436896,3.1221077333074376,3.4972818825270418,3.911385952596187,4.172483012851965,0.0,0.5162383535007297,0.2091680360246064,0.19401667843724832,0.18742048008441464,0.37390460650568436,0.2437902733042134,0.34022579504934136,0.5924712153727872,0.33872453139739667,0.5688593594571624,0.4858091988443214,0.5853933044551191,0.6144781501006588,0.7450558413384519,1.1799648413971051,1.100452361767091,0.7710688814993324,1.23123965199054,0.7076226069711079,0.568775044683724,1.3865350887842651,1.3497649672553407,1.4080828146574083,1.103753478441855,1.4809546903489736,1.2054952228286302,1.0716263652275118,0.9795873004792114,0.9474352254174387,0.9460069370795119,1.4210430080119385,1.751181558459882,1.9268068084345382,1.834261502551941,1.7222555300419775,1.6609665578985984,1.6205665829024174,1.5957314002036078,1.6139966346562624,1.6098591053779452,1.4986991806330643,1.49084051861511,2.268487814473475,2.417065922429925,2.623128984133175,2.416390559898244,2.5008035308369063,2.6215657064675857,2.698152863933973,2.727408421039869,2.7522943169384835,2.9711677961086926,3.043574781219247,3.0063213614350675,3.2014945706375273,3.2940396308911404,3.408170998093017,3.7115804411445454,3.746471423676978,3.871133533679705,3.9995595580394103,4.055532876369135,4.0950438517072145,4.092545270689657,4.177935205218724,4.244358084646677,4.287972460870935,4.337201901151895,4.372487673269584,4.421950195712796,4.374453822165778,4.353273519303933,4.372479720806276,4.448825611621305,4.537887210425117,4.693020964154027,4.650158926782531,4.692765036867109,4.7348931769597495,4.793599791640562,4.769154236342829,4.839677904801302,4.871065983195912,4.893344765779201,4.911891794064105,4.942386158005245
1.873765122044822,1.6741635140876299,1.2156959914547678,1.0071544772520789,2.166941026886285,1.8140919768564978,2.1266869233262926,1.6925320260211474,2.0654924596060686,2.007545223456529,1.651944123583751,2.0119753759686843,1.787378638220598,1.9975214060909339,2.1804870294465712,1.5700612471316893,1.9822308627218335,1.6182733524458703,1.6189712180691274,1.859658045591381,1.5078228362001422,1.842863968693295,1.5756996630881177,1.2228965815494512,1.0609103892351701,1.2920188008018518,1.3890090340189718,1.2746097247972015,1.0726176299934274,1.3498601917497781,1.1427645236902226,0.8503358078722248,0.8301882569203008,0.876422527930587,0.8303749291268759,0.8021125682687271,0.7902860528509879,0.7905570614948397,0.7512207614397398,0.6889589235857172,0.8456620325162647,0.6852603661023875,0.7763503726010829,0.719648483211714,0.9145932664765969,0.9787218508546909,0.9071502207645853,1.1373672456132096,1.0196981693346916,1.0619128627849042,1.1311955279421304,1.2337431373229353,1.3116664182800843,1.4266719997091442,1.5567574019756627,1.548121563084518,1.5796744233600188,1.7935691366690696,1.5824580886204092,1.5499116792603664,1.5699937945706293,1.5971377774776117,1.9090573317779043,1.909586169913423,1.9309217517430097,1.9752303428846152,2.0292254337653337,2.1540460323569333,2.801110243665309,2.933515159078975,0.9727551284440753,0.9149950661002496,0.8301030842155963,0.7269578295456882,0.7396376766399338,0.644408383293816,0.577446885134907,0.4706796027959738,0.4353235418633312,0.5758968577886037,0.3692775340747602,0.3000445194752152,0.46121494260725043,0.47193519475677304,0.21902868157037936,0.38892060615489743,0.5218868281656441,0.7987267550643208,1.025372889413409,1.3282996689037778,1.6777067591799462,2.2102742908238957,2.6445107629536952,3.02125166235298,3.441486947255112,3.7034058439053563,0.5162383535007297,0.0,0.39470902572102073,0.47418433979540986,0.5758870480888151,0.32475151454409007,0.560935795565002,0.48556662469500755,0.32148934559244247,0.6431162057791837,0.5043396360667738,0.7686036771142347,0.6942491681108245,0.7256271505962975,0.6612193644080125,1.2408221535426334,1.1435359830891791,0.5772428337592771,1.1442598819426595,0.3838226924042103,0.14852346673121847,1.2636376136155216,1.207547023292087,1.2381727451968196,0.7475709209610176,1.2884244510705727,0.8834474353662384,0.6419618728888524,0.4686514125997475,0.43372921255930963,0.4383362271036496,1.1131717443166558,1.4810479974273805,1.6218945073362898,1.4933042687297204,1.3320520993880818,1.2390684323103602,1.1683673801704046,1.102207285426652,1.1067071161598687,1.0937494105534753,0.9996415840668605,1.0960149734877391,1.9210444082973286,1.95795228614766,2.226771314062754,1.925417670103632,1.9890989588956973,2.1053275139756082,2.1918280662762637,2.25243481301713,2.3611755751341152,2.5743528517600263,2.623142973661332,2.5497843307036754,2.794794961947578,2.8834385860852536,2.9822539634313654,3.2699566233896533,3.2804001687011137,3.430871740079055,3.5621524481646163,3.617509547942453,3.6566210529414716,3.6295848088691853,3.747787286696572,3.8047997781837037,3.8520007333236728,3.899897822642593,3.9362649398099827,3.9680342675853137,3.900665367543688,3.8667859399988744,3.8651885033224964,3.9338087080555044,4.021690327279508,4.180424984426267,4.211502275509775,4.249627181642158,4.285300102747975,4.350866507683807,4.318989440573548,4.3966970222114385,4.42882366728808,4.44601464628482,4.462347181538583,4.492462569869272
1.643841119567673,1.4770871237513872,1.0585300481438473,0.8126471173526754,1.9054163341140236,1.5736844492228994,1.8539464472408,1.4506635926337745,1.7836767316431692,1.728957011396744,1.3967988805105476,1.7223040679515091,1.5083427055766532,1.6952876608004621,1.909398115993851,1.2932805412267108,1.6759682575077928,1.325264066596271,1.316439560943575,1.538846524337122,1.1998699570464268,1.5095139977992762,1.2090291738771597,0.8600419609292245,0.7178286535485774,0.9108858270025437,0.998476335786526,0.8829934708703043,0.679576590185906,0.9551735649778014,0.7599400186745192,0.5484985989546731,0.5394761445379841,0.6123885569995563,0.5817792992020062,0.5699028371434474,0.5825187947779533,0.598783745906121,0.5729620082448826,0.5534525107406457,0.7336268982543923,0.6265068076070937,0.724068514082723,0.7845649457910225,0.9901007758020475,1.096913064481925,1.0957471753001715,1.2472286598553353,1.1983592431493444,1.241066153657574,1.3370187661487156,1.4270635639465694,1.5194872390919543,1.6351112511616999,1.7507729756422659,1.762879324449181,1.8012789009284964,2.073912130825009,1.8133012895571157,1.803180911655943,1.8237532558446683,1.8544252892704625,2.1416089710905055,2.149180371546456,2.1951909052191954,2.258908677383636,2.3061862020076878,2.424647637157914,3.120640065071737,3.238303636604862,1.14793527747887,1.0799202079464056,1.014560315874829,0.7986154862427469,0.747918698793553,0.819605458874744,0.7188967797254372,0.6432952623550544,0.5585297314895638,0.44968038030102525,0.5771517153983358,0.5204276872516643,0.34950843440405405,0.32807140553113656,0.44382298122423675,0.7287808423795376,0.8971942108898737,1.1889567168643538,1.4182889086499944,1.7222588557201466,2.0719213169849384,2.6046161994996004,3.0388645794749847,3.4155290222986205,3.8351301927760537,4.096985261304923,0.2091680360246064,0.39470902572102073,0.0,0.07951470362166636,0.18287172502360347,0.16693543233908925,0.16943131001071868,0.16322785913014118,0.38978017577030516,0.26315970440309816,0.36549937234545593,0.40682633780101324,0.4269092024916272,0.4590433589906489,0.5466030723841506,1.320936264418415,1.2343694325009034,0.8087667707920079,1.3254145273622429,0.5053203289853007,0.4949287423344036,1.4709511916805156,1.4265268687325496,1.4755353496023536,1.0871245126474365,1.5408752718213095,0.9967549356509416,0.8770016047515333,0.8266827650722003,0.8228453735999273,0.831781160451027,1.4321089968685465,1.7825904409734328,1.9441482915620698,1.8338732952417083,1.695716302512702,1.6159156959825105,1.5558190782618506,1.4968623819475415,1.4979796574566195,1.4646328843210665,1.326606864408348,1.2862405000020605,2.2672169089537184,2.3488402337728393,2.5965277556647,2.320014520672615,2.3750738092027377,2.4763946407885578,2.527927433099969,2.536962711644828,2.7290083773953753,2.9449920113962103,3.0030275864360942,2.9405701818607657,3.1697456824082337,3.26000629099682,3.3644588516465115,3.657317077477466,3.673424598209762,3.8179343044734155,3.948450696527345,4.00402032284486,4.043269713299531,4.022163555986588,4.131947678848603,4.191850765201931,4.238020244005726,4.28633623507622,4.322399508626819,4.358859373581415,4.294842454503518,4.26144571633698,4.254045522409302,4.311796533500829,4.388929768163856,4.5298242296663735,4.5984666090802175,4.637856838465436,4.675203080775224,4.739020994148547,4.70904063065913,4.784933685822656,4.816870291383537,4.835403069542253,4.852288124987046,4.882503117084964
1.6077506779886364,1.4497831377093444,1.0449153584640378,0.794392918705887,1.8607000993942298,1.5354209864127089,1.8066761048136308,1.4127324227465803,1.7344017168487171,1.6806623541131325,1.3558955141695388,1.6712737455984812,1.4608165261657327,1.6411771250970995,1.8623600966669103,1.2474977554473061,1.6208904244590119,1.2750409735527615,1.2637377717930889,1.480413414071409,1.1463395832856862,1.44783292175279,1.1387116921366192,0.7920870509835637,0.6576139876688027,0.836606146717998,0.9207938724196476,0.8049707295984314,0.601073691590122,0.8756795411557737,0.6835965539772416,0.5011602727120377,0.49610928173518853,0.5750123553245468,0.5500809087323651,0.5435260259199672,0.5626066742131691,0.5825762051086761,0.5615670259334495,0.5541378706004959,0.7322929067102785,0.6413189352856706,0.7363663201029925,0.8179020716476741,1.0207484013729673,1.1335631796055796,1.144408411021577,1.2805532756262392,1.2442665911399013,1.2866450698223542,1.3863208479569336,1.4735906783565451,1.56794483765628,1.683061112139852,1.7956190965893748,1.811360422140235,1.8508154112516837,2.132993207176654,1.864421643454838,1.8582581191725296,1.8788478522343703,1.9100369293391,2.1920071886107846,2.200828582431376,2.2511590499584075,2.318219890038182,2.3642108813861817,2.4813195157949584,3.1855178075983095,3.3003469158873857,1.1980656051473448,1.1291723376197451,1.0676594539056852,0.837532073905766,0.7768427414801569,0.8743838092642999,0.7710909853592729,0.7019981352649992,0.6137378796106806,0.4650809143511461,0.6421903833009489,0.5887064195316493,0.3787809278708832,0.35203074171737675,0.5156238937680212,0.8042060986289911,0.9752085915211226,1.2681771996434856,1.497722120034236,1.8017589168119414,2.1514317670390826,2.6841298479580193,3.118378285099671,3.495040229984388,3.9145968600880017,4.176445309029822,0.19401667843724832,0.47418433979540986,0.07951470362166636,0.0,0.10610274392583903,0.2218036551534936,0.09280383967460847,0.14633010721043094,0.4447454184401841,0.19237583178437764,0.38075465189158075,0.34112657780347105,0.39683467913991655,0.42727880513427197,0.5528076697157831,1.3530261562908559,1.2692921178265395,0.8714071493845924,1.3749284247566758,0.5592030733681093,0.5728765427548307,1.5237587681098088,1.4814658654559956,1.5331215803321618,1.1608012214531793,1.6005298619444668,1.0340557608097931,0.9356641924824484,0.9016875922367321,0.9014746019079017,0.9109850908492994,1.5020407593139327,1.849104415249636,2.0135489517270955,1.906173238539442,1.7714480202556164,1.6934551997789267,1.6346794455053129,1.5762876119224667,1.576669852631183,1.5399681741564026,1.3954159389345655,1.333301936263994,2.3399484925377916,2.4280256727171583,2.672699598137937,2.3994077503826907,2.4526120365841253,2.551125339399733,2.596288822813213,2.5959878450863383,2.8048502365922827,3.021211757093492,3.0806408531884224,3.019722183667691,3.2465884468325434,3.3370847457514854,3.4423814446693477,3.735979674725784,3.7528307466116972,3.8965477782189186,4.02694749115531,4.082546251995515,4.12181447586512,4.101517533140061,4.210116974612628,4.270449619094236,4.316464892507498,4.364841571882076,4.4008583982671,4.437988495071139,4.374348401139335,4.340864613538505,4.332023140719386,4.387513020179182,4.462488352152136,4.599849691566352,4.67704084803573,4.716616478240486,4.754201340578569,4.817767518285064,4.788059088091008,4.8636912857373105,4.895599392887493,4.914326173121166,4.931289153541245,4.961517696342569
1.5336327087359733,1.3861366675729903,1.0000858546274813,0.7462692770428517,1.7769294438938001,1.4590690659102163,1.7203825855824324,1.3370585744807533,1.6462058121557737,1.5935075903130373,1.2771128925749695,1.58144357994307,1.3747920650929126,1.5484648287204381,1.7762330614471589,1.1637812924811226,1.527309924662779,1.18666897820648,1.172931601044602,1.3839922116366485,1.0549860032027019,1.3487335038056032,1.0339879666800118,0.689023442944391,0.5615179188422957,0.7305713082469646,0.8156104365728178,0.700144557045191,0.49700624318018183,0.7758420282853724,0.6023617765393383,0.48831814131171886,0.4902024532273013,0.576194754921517,0.560575896880785,0.5618583238020635,0.5891825691821645,0.6134538096912718,0.599051730693186,0.6059593305701577,0.7784294778275345,0.7064159401605007,0.7975525997763467,0.8987468578576145,1.0979591530898496,1.2158460340141555,1.236798402509813,1.3592954159032955,1.3342346180368216,1.3762548636052327,1.478777441895419,1.5636617903248051,1.6594758846953883,1.7740413159030235,1.8838486545814288,1.9026489889807723,1.9429345594782257,2.2321495998276384,1.9578055809477126,1.954690573197117,1.9752803005321187,2.0068324475534935,2.284584841504717,2.2944115574167334,2.348049809889374,2.4174712620367576,2.462550815834626,2.578644088934366,3.288136663481309,3.4012249988259335,1.2394386620469573,1.1696052494727065,1.1143274380536636,0.8654165242760712,0.7916216995555356,0.9250659298396013,0.8189631266075879,0.7604406662933252,0.6682692397450745,0.46990011513266167,0.7111556338419461,0.6635058975643363,0.40625979719066097,0.3744955152795711,0.5971615458057823,0.890749674481269,1.0678774863010452,1.365281250840604,1.5962870001977267,1.9011838543119486,2.25110726670429,2.7839273458269806,3.218147732696342,3.5946326547559693,4.013228902391874,4.274975443414469,0.18742048008441464,0.5758870480888151,0.18287172502360347,0.10610274392583903,0.0,0.32420222326054293,0.07078255718259495,0.21123214725057032,0.5442870628051154,0.15213634737896065,0.4525440126537106,0.2984565578245006,0.41600213528068797,0.4424098204624275,0.6106572803457481,1.3671154931355844,1.2878702193327352,0.9344235155493937,1.4145322342187459,0.6573409300573744,0.6664597802498087,1.5679301208834089,1.5291439362989705,1.5849055014905542,1.2425055049423623,1.6555397865753296,1.1172884273530177,1.0355095867912611,1.0077616174616262,1.0055800618050903,1.013800959856027,1.5754941646442293,1.9155622890678807,2.0852366073016757,1.9838224123361163,1.856973497614456,1.7839109847323005,1.7297953368579426,1.6778905726742879,1.680636897870131,1.646023977234692,1.500220558537601,1.4240420174338235,2.4181597811142326,2.5245313470356345,2.758853133813436,2.5011558415950716,2.5578794323121574,2.6572269247890277,2.700741916179628,2.6949638112504193,2.8900992638492746,3.107381455035446,3.170798189620082,3.1159437877965277,3.334412456030916,3.425568715436584,3.5334770136351876,3.8297754733152467,3.850789249066466,3.9901238242894466,4.120042623285113,4.1757511251748225,4.215090755101543,4.198997011935919,4.301969456942096,4.363931525201859,4.409329957960086,4.457939820320361,4.493771530854151,4.5339571306090765,4.473704489511768,4.4423570882286745,4.436917230411767,4.4935307985166,4.568516038522718,4.704917605229337,4.770391039440045,4.81074638428234,4.8494512873001705,4.911833469032542,4.883410393838857,4.957802964236966,4.989584643705187,5.009195643061633,5.0265434828573055,5.056839765328177
1.8098937002751097,1.6402425507762022,1.2145025134314078,0.9724728078975143,2.0723370938163885,1.7401789904013412,2.0206651190114093,1.6171291169937112,1.9500583553240725,1.89551563893687,1.5636384597974902,1.8882536329124013,1.674997063543508,1.8601576724826996,2.076148391403577,1.460108408588842,1.8404035754959116,1.491361553059786,1.4817846236100984,1.701373534700528,1.364872032859244,1.6695484292237377,1.3578983630007595,1.0130536660049634,0.8788806878801438,1.0511477640497084,1.1250003395847314,1.0080234013946312,0.8028048876769429,1.0612235379473647,0.8295613621241402,0.5285714958262664,0.5104185295758059,0.5648564394461835,0.5232854824061349,0.500739592455006,0.4994626184006112,0.5076741352763721,0.4740898852376283,0.43434798973872035,0.611850594995121,0.48415167601296444,0.5830411938866263,0.6224338953213906,0.828989484802804,0.9322942378138541,0.9288968429506768,1.0840173490018765,1.0314380956959055,1.0741565488081348,1.170275544325312,1.2601284607621976,1.3526599947398577,1.4682449238722606,1.5838751422621675,1.5960712575750804,1.634617953032254,1.9115094367043792,1.646966119245452,1.6382723333057805,1.6588555549986066,1.6897894917154146,1.9751352601779189,1.9830140308743662,2.0307758153918494,2.0966937455406645,2.143032108745908,2.2606442522276073,2.9641516453331,3.0785436019002543,1.2100316739680412,1.1450506780047482,1.070870312828552,0.8909752157897771,0.8589128634685476,0.8751565717158991,0.7838734394890505,0.6929755118017203,0.6216329677036658,0.5864968389777105,0.6088936352004478,0.5426000166693221,0.47425200633410297,0.4608165801053555,0.45515562689512185,0.7042791891530702,0.8466278143849628,1.1167114647094387,1.3379816162399896,1.6365736518949023,1.983866715390789,2.5147725865395505,2.9484393500749198,3.32536372734279,3.748308846275933,4.010324800562164,0.37390460650568436,0.32475151454409007,0.16693543233908925,0.2218036551534936,0.32420222326054293,0.0,0.2806002724170325,0.16722908276251167,0.22405292208114624,0.33874982145700044,0.23488383675570013,0.44889661632566963,0.37749993662441234,0.4099577097808951,0.418942662737132,1.4195639733625964,1.3284778239180464,0.8407875244436391,1.3871736962417762,0.339334253474964,0.4588178942593059,1.523020130450814,1.4731369270165426,1.5141179022874118,1.0663056236257924,1.572638589138084,0.8319911065317364,0.714117905806413,0.6971340356048183,0.7184997169206794,0.736370863853776,1.426542290928797,1.788938610490428,1.9377983025568521,1.8143506409146462,1.656709603582903,1.5629897061631155,1.4878103840091959,1.4022241214476918,1.3897441367924297,1.3340037280868633,1.1769488692249646,1.119311049592663,2.2437335741473063,2.2722919363287932,2.5513042899159752,2.2219958380715266,2.2549551061797817,2.3421223825994053,2.3769125602795405,2.3745394802149145,2.6858291254203452,2.898742986411026,2.9453832463337117,2.8636939700212714,3.1184342201312987,3.206662833254802,3.3033478550301645,3.5874483119284544,3.589291165608844,3.748565945991432,3.880441624041443,3.935607338859231,3.9745912422779046,3.9394435853170697,4.067541872834586,4.1223757766041205,4.170420005742892,4.2179675864148125,4.25456968533114,4.281130916701434,4.204851857784209,4.16249681065705,4.135984488741233,4.180844128764454,4.250004512086626,4.381825551512034,4.529038951532334,4.565942023380852,4.599631773052833,4.667232203319753,4.633110103419012,4.71296559099438,4.745279922268713,4.760963009321058,4.776577398309917,4.8065488214700745
1.6028695945296132,1.4567131793859618,1.0701634198606091,0.8165354901596923,1.8434121445977372,1.5278587471019343,1.7858622697210838,1.4060413918863712,1.7108321254084202,1.6586539273806291,1.3453803117164482,1.6452522048509568,1.4405515153796622,1.6105526804454577,1.8417644858518065,1.2305831739329642,1.588814762574378,1.2514890522688071,1.2364729229111262,1.4433546568082454,1.1183284162264702,1.4054530137822714,1.081163289300651,0.7410907826912042,0.6226344463535209,0.7712480426772413,0.8453624150080506,0.7286211707024309,0.5235238954429048,0.7906930912085547,0.5910447320189708,0.4295192821452369,0.4287623993251856,0.5127523944132131,0.4944348633160812,0.4939419683159949,0.5198966360995696,0.5436371058012326,0.5285898061671116,0.5352920943661567,0.7076667998458884,0.6369960279675129,0.7274796653391515,0.8331658399006493,1.0308673346890012,1.1504331504991439,1.176782881163947,1.2924875501611206,1.27252430578232,1.3142908037195244,1.4185757390467397,1.5018329438233708,1.5985138252163895,1.7126553710229764,1.8207902898526076,1.8413992058309447,1.8822213153734764,2.1775978229898145,1.897989199519504,1.8974098722284176,1.917989741048221,1.9498695849228385,2.2240606504246205,2.2346149554551142,2.2910444307862736,2.3629662710903436,2.406992160499741,2.521993131681115,3.238359253961506,3.348608976714148,1.2804939606932932,1.211135656436903,1.1521642847876754,0.9131546418410552,0.8451843829024226,0.9602231611999054,0.8557022855113272,0.790272299264133,0.7005282837491088,0.5262794947913324,0.7332334189718868,0.6807841303453087,0.45238094335699114,0.42267994457632585,0.6083583575102596,0.8968517831571549,1.0666239157273185,1.3575023129535686,1.585981544609231,1.8892354161169258,2.238600893314367,2.7710928910446984,3.205310700484662,3.5820930129161996,4.002407744733764,4.264317834509038,0.2437902733042134,0.560935795565002,0.16943131001071868,0.09280383967460847,0.07078255718259495,0.2806002724170325,0.0,0.14649460041000473,0.4931794376042737,0.1028194461055469,0.3854545198952149,0.2537131263497362,0.3473797826831719,0.37470539435151107,0.5404177964870992,1.4216959870126524,1.3404593205751216,0.9612295381944307,1.456711129854502,0.6038470770993001,0.6643440361927329,1.6075585242190147,1.5666360359208629,1.6198297286177645,1.2536040911287554,1.6883614773674716,1.0523680860764375,0.9828475505332962,0.9749879575353754,0.9834959835657909,0.9952860682154503,1.5942617683533298,1.9401405862340613,2.105575960384929,1.9988538481848634,1.864065916230874,1.785275526022629,1.7249116128261741,1.661671786809967,1.6583601581400773,1.612904129110133,1.4564268596089185,1.362733497108338,2.43267588693511,2.5173902796427297,2.7652090471162483,2.4843572975684407,2.530375933527956,2.622141813309095,2.6552619738238556,2.640053867316363,2.8974531208773855,3.113708423438226,3.1724135525891097,3.109178851179904,3.3388376656930183,3.429211874661752,3.5338884704161933,3.8265451941433652,3.8411468040484547,3.987194357687861,4.117774206986438,4.17332935583556,4.212568770993093,4.190137305352424,4.301366802355858,4.361118246993352,4.40736582858426,4.455654553841009,4.491738901559962,4.527495312485928,4.461544291624018,4.425898343200192,4.410787499720199,4.4603261190562895,4.530592918797274,4.661125299800329,4.7677473203424965,4.807002600099478,4.8440686186018755,4.908177828054809,4.877874603191161,4.954080606451046,4.986041609330462,5.004372310831921,5.021148250764607,5.051342026864878
1.7433413630142096,1.5910039481090432,1.1907513528707907,0.9395771262844783,1.988140781576552,1.6694016795681088,1.9313301482825624,1.5471791330327698,1.8567368561123974,1.8043075534227089,1.4879301352682264,1.7914455694519382,1.5858293433877608,1.7570322833258016,1.9872020821590064,1.3750115438606587,1.7353092182369436,1.3972846153409169,1.3827185836115299,1.5896308191800328,1.2646135506877811,1.550978704848096,1.2214343900552103,0.8849919346852916,0.7691270266493835,0.907214461548841,0.970270892209353,0.85307283846729,0.648495185652028,0.8979667499640349,0.662404930751894,0.39165994696334705,0.3799570819400426,0.4499886376421817,0.4185688034754656,0.40703974685875743,0.4215496790226583,0.43959655318136914,0.4166804751718728,0.40791940679185396,0.5859709200125008,0.4988192145389447,0.5924208418763525,0.6876259235194218,0.8868321776081024,1.0048030271320143,1.0306909286725061,1.1480887513487301,1.126063376684014,1.1678084866901381,1.2723914773789986,1.3553557261351306,1.4521420901672617,1.5662156858810083,1.674344993337693,1.6949733467991375,1.7358829757485776,2.0341079639313837,1.7518703851232502,1.7523301377711076,1.7729012266268105,1.8049475679679203,2.0777477096061063,2.088481290973086,2.1460469062316556,2.219467171670292,2.2628013811565446,2.3771552830690017,3.0984156072672113,3.20630857375073,1.3084720299866217,1.2409020866002047,1.1737118300660423,0.9618397758881774,0.9098712857448323,0.9781017227707327,0.8790911498801445,0.7995335260269841,0.7176241473020877,0.6055013736053195,0.7271485030021553,0.666164479451906,0.5107704683769527,0.48736527982603267,0.5838117790380398,0.8535049307152895,1.0060586943420085,1.2818681247068917,1.5044351131571483,1.8035786353828198,2.15102698954442,2.6819944793918555,3.115668294184338,3.4925927868324957,3.915498861143585,4.177515020602932,0.34022579504934136,0.48556662469500755,0.16322785913014118,0.14633010721043094,0.21123214725057032,0.16722908276251167,0.14649460041000473,0.0,0.35631578783367734,0.17547167665086472,0.24169073104401295,0.28327109747396784,0.2637091816730879,0.2959340344709783,0.4075338068653479,1.4837747861782988,1.3975074926630737,0.9603291370212298,1.4860884896195763,0.4631579769128039,0.6104219531945863,1.6297846696600262,1.5839771857511047,1.6308024642925756,1.2155356321763637,1.6940721247555475,0.9064467057185711,0.8417025389916516,0.859611052279467,0.8856341007458204,0.9035299448167349,1.5694970280738314,1.9261392989671369,2.081783248783946,1.964307194565054,1.814012686891049,1.7244185203412916,1.652575876311507,1.5694517799159053,1.5560639201608455,1.4941100605506814,1.323847734370418,1.2163178426208225,2.3957082131628025,2.4386440795244053,2.7111777254092284,2.3890507348032854,2.4181642791639812,2.499129591255706,2.5196897007756442,2.4962369737522043,2.8451341271262764,3.059043081494353,3.108655003124401,3.030176149051903,3.28019807451682,3.368968755555485,3.467441896315184,3.753128621369587,3.756380023543391,3.9141887945291733,4.04586782591298,4.101102540324475,4.140131296291505,4.1064720876796175,4.232375165370749,4.288049349637402,4.335808484347004,4.383481368506217,4.4200020429776945,4.447806191223367,4.372080409678726,4.329351464822787,4.299293392078836,4.338891600524443,4.403086251809769,4.526820806435856,4.694736631804814,4.731987595389552,4.766110619708417,4.833267332008568,4.799627895812351,4.879026737462167,4.911293441442893,4.927326387808082,4.9430790343322855,4.973076825544912
2.0273871746414827,1.851536242888866,1.4153879243732856,1.180140042424363,2.2942300919260514,1.9590836638421407,2.2434951483264567,1.8359902621452653,2.173451296692205,2.1186686765971885,1.7841237902395533,2.112002012461483,1.8979838678001977,2.0842030119920394,2.298892728624152,1.6826404496346514,2.064452525782513,1.715009313148916,1.7057567312002482,1.9250717365173813,1.588899652670642,1.8922966102699441,1.5743398249045912,1.2327544663885281,1.102347426922519,1.26267282427955,1.3258159466157868,1.208651987783885,1.00446598125575,1.2456948857828367,0.9863643744482998,0.6128185674662415,0.5860310226071624,0.6096399011779539,0.5581987355803881,0.5233338792232514,0.5003927500090974,0.4937378781008837,0.45192837062140234,0.37956540874901923,0.5260675825641491,0.3637946296676226,0.455391866005337,0.42900862606068824,0.6346531118117625,0.7249308536535058,0.707118192205472,0.8805210987222977,0.8116503623409888,0.8545593190531211,0.9478261439709035,1.0394159461463368,1.1305628188560428,1.246373765005227,1.364092393019267,1.373827163396106,1.411829843729282,1.6883615987337937,1.4235473996640646,1.4142223230546136,1.4348059785100375,1.4657663307466455,1.7519211329733082,1.7594004861959966,1.8067837639754334,1.8736250826370497,1.9194655324466146,2.0367479487775744,2.7452361067745494,2.856957678936663,1.2914756259446716,1.2320127721396301,1.148958493762152,1.018868290895362,1.0093931588872573,0.9598872925744611,0.8844177810613525,0.7812987231626979,0.7306752815938784,0.7734328578711602,0.68328874046593,0.6130850784973289,0.6551416192074953,0.6493681810451707,0.5258696028168952,0.6976178663122263,0.792701873525972,1.0197523404612854,1.2241068637685968,1.5106229585197037,1.8513414665950005,2.3767037393361936,2.8079350515086827,3.184108911234953,3.610364236546834,3.872082897707202,0.5924712153727872,0.32148934559244247,0.38978017577030516,0.4447454184401841,0.5442870628051154,0.22405292208114624,0.4931794376042737,0.35631578783367734,0.0,0.5295905773239867,0.22608776621258303,0.604280982019049,0.4512486208917408,0.47705262252119696,0.3478910379659342,1.543440289266912,1.4479943718219361,0.8982900955697317,1.4643001952551813,0.11555222294696352,0.4684918206920499,1.585110345738189,1.5289789879898588,1.5586972870911908,1.0436325300194882,1.6072089410076251,0.6248347497049267,0.49127230668277533,0.5269083240052977,0.5897532794667409,0.6210575539966862,1.4141779220968727,1.7863449004905814,1.9162624714715923,1.7765793013746032,1.5946935053468991,1.483345010919423,1.3885079675969914,1.2669648094808565,1.235501575702531,1.1491380859445446,0.9677562459012929,0.8983940475545171,2.196084049419746,2.1531580162028505,2.4722654805174584,2.07462833278095,2.0786903277194404,2.1479675679195798,2.1635939587333257,2.1513184784366066,2.608739488268424,2.8164865637229552,2.847818753157832,2.7411447987027335,3.028531662847959,3.113744117266571,3.1998782536292265,3.471713126628012,3.4551325265651354,3.6330765360155524,3.766406650265369,3.8209271093645425,3.8594834524119883,3.8063552127675204,3.9577673708192678,4.005936284329685,4.056305677965421,4.102770359411798,4.139998500499489,4.153801482140624,4.062065707678383,4.0085259840489265,3.958593401046873,3.9882296309600065,4.048371201716617,4.170547281069868,4.411933199486394,4.4455868779646375,4.474549055596894,4.5468832543646185,4.507519361470362,4.592319372006968,4.625069807821198,4.637089655376317,4.651062227593026,4.680682249403597
1.6401852856787242,1.506245364033175,1.1378485359836157,0.8834630447995259,1.8668309797481064,1.5626861232221063,1.8055474666015612,1.4422757146234841,1.72765472430395,1.6774123476630702,1.3779297393636785,1.6595046085267993,1.4621236129421358,1.619584037306727,1.8615308324464728,1.2569427819778107,1.596213299210774,1.2703789958201555,1.2512222291117094,1.4453629305102966,1.1330311442224175,1.4010244397704181,1.0583643808050012,0.7312808516448212,0.6358236450097958,0.7398894247256771,0.7962499511209017,0.6791058786137666,0.475326117683404,0.7229747427442189,0.5001850285609324,0.33667426160305663,0.3400094694999938,0.4275400798821234,0.4161902657924352,0.4220664532216571,0.45470301300998806,0.48188641286433925,0.4736950894029553,0.4957076122296564,0.6577837901080602,0.6105224922955186,0.694133301302873,0.8246124654360713,1.0142982306177948,1.1403511920638152,1.184145513750503,1.275967360111382,1.2745096393707875,1.3153268600451178,1.4243880079672084,1.5026164915967528,1.601590525721415,1.7141925005874576,1.81689511053393,1.843050243122022,1.8853470694247179,2.195796721293548,1.9036010783923607,1.9096422743575177,1.9301565910741052,1.962783541447434,2.2271437979326665,2.239712027733582,2.3032977875459597,2.3810068913567592,2.4225562267051974,2.5348194116870366,3.2655321788989067,3.3698782202494537,1.3828837905862754,1.3134382051867006,1.2548934223658683,1.013687476911663,0.9427509129114618,1.0630411155466104,0.9584652978164886,0.8928666856726175,0.803313377146031,0.6216872133561913,0.8345460966718729,0.7808425302688411,0.5530987652720334,0.5225915419235917,0.7064213512745072,0.9915951445092599,1.1564603606974662,1.4418190022883055,1.6677671664804807,1.9691433917760213,2.317642178551301,2.849450185867343,3.2834478033411276,3.660365758963126,4.082157127481215,4.344151471059164,0.33872453139739667,0.6431162057791837,0.26315970440309816,0.19237583178437764,0.15213634737896065,0.33874982145700044,0.1028194461055469,0.17547167665086472,0.5295905773239867,0.0,0.37931136790802217,0.15099358800274362,0.28127390575647565,0.30354628424115604,0.5077955386395139,1.5186856572196181,1.4387508573158592,1.0633391852432044,1.5589327629113394,0.6328514116094186,0.7551640143662495,1.710166506190161,1.6694088499089426,1.7226429961193994,1.3502842018093617,1.7910802535278612,1.0447116302647819,1.0092153959292731,1.0345013631017888,1.0556377476549608,1.0710345018971206,1.6939160738267915,2.0414744753286818,2.2056114522077634,2.096853611508139,1.9581111273211966,1.8758107538680262,1.8109783074996393,1.737851900051691,1.7282144724243715,1.669521139978999,1.4972622859455353,1.3655576923415655,2.5303067327893674,2.6009714196758074,2.8584115473911105,2.559020078519849,2.5929434212388442,2.6744969856627243,2.6909870889647003,2.6568481516727425,2.991212424614309,3.2067949276579517,3.262415824166211,3.192786945169049,3.4306756502762203,3.5205183080133913,3.6229451609674137,3.912799513897916,3.9220116934866853,4.0736470149978645,4.2047109235683715,4.260137029219137,4.2992914223619945,4.271610141151189,4.389525382633568,4.447586935416506,4.49448170042155,4.542515615637207,4.578787938815576,4.6109713578096025,4.539930696619928,4.500049080892637,4.474062060225728,4.514320675919471,4.577672097637784,4.698643059841111,4.854280332793835,4.892662675547587,4.928391500958284,4.9938928384903845,4.962065257221269,5.039735661155527,5.071834889366138,5.08913048093876,5.105433351094246,5.135537670652903
1.984932173451311,1.8304186296573217,1.4220082855445273,1.1734879040668391,2.228854170653415,1.911090462312954,2.171179832598813,1.7888511228130306,2.0957376929736276,2.0438483615041543,1.7295613627282607,2.0295609034433,1.8259607853800741,1.9930625348267295,2.227096438137498,1.6159442893494738,1.9705909869281248,1.6365850888774942,1.6207124980186824,1.822118068509802,1.502469768075817,1.7796268207285277,1.4362494648712747,1.1102847192282166,1.0055259741733285,1.1156218755444254,1.1583533439790854,1.0425377658582289,0.8439170814815569,1.059209356583531,0.7816701920473511,0.38815259533700663,0.3605753348969242,0.38491238764329805,0.33455044730775757,0.30197093595119173,0.2861523435215737,0.2866467519480597,0.24850723974241196,0.19974065586249093,0.3771144974904356,0.26164532664014556,0.3586419299341271,0.4485674046525315,0.6455063727445876,0.7657337282744323,0.8052732840276502,0.9070461420869392,0.8952648981464327,0.9361983727704195,1.0451536738850593,1.1235902931640993,1.222323389508075,1.3351065585409079,1.4393136319196191,1.4639745341199928,1.506110077147013,1.820096770854473,1.5242988786704468,1.5315113628773926,1.551991969990705,1.5848498072110875,1.8479461107699002,1.8604025026562143,1.9249830649567918,2.005062548132931,2.0453837779911668,2.1565953851408586,2.8953941455757266,2.9952319876309175,1.438567086909128,1.3747217946409485,1.2981214342667602,1.1257516858422325,1.0928378116330077,1.1033235918887516,1.0151355946197846,0.9209559725706684,0.8536065338648624,0.8113104424559854,0.8320780853683575,0.76360136707155,0.7034372475169903,0.6868281482639017,0.6746171697457206,0.8929845335595269,1.0071247317424954,1.2444570395880084,1.4501673956797883,1.736308925944021,2.076165730220744,2.6003332619497557,3.0308537561011697,3.4067002270314384,3.8335221125780725,4.0951099378255345,0.5688593594571624,0.5043396360667738,0.36549937234545593,0.38075465189158075,0.4525440126537106,0.23488383675570013,0.3854545198952149,0.24169073104401295,0.22608776621258303,0.37931136790802217,0.0,0.41080755478747766,0.22788672813884206,0.2518998746273342,0.18472512166293661,1.6544068890010781,1.5631245193018921,1.06042150702469,1.6150305328187646,0.2902844330480999,0.6514209877272036,1.7468372707603155,1.6947908198863482,1.731796552518099,1.248721895208963,1.78645566169754,0.6684227224099178,0.646193040616308,0.7476136518323637,0.8158343367629053,0.8466034029404538,1.61653927838407,1.985316764344195,2.1234589736510814,1.989383085520918,1.8141462430957138,1.7062878939720567,1.6138958409615978,1.4919659636393354,1.4568693943666047,1.356750384764991,1.1508908354098115,0.9862738716808792,2.4124939427448204,2.3790455831760933,2.695886046477371,2.2964468989390645,2.288628599435589,2.343706389629508,2.330985621132697,2.280104782811077,2.832111887103027,3.0407052109334973,3.0735604772210183,2.966691665878368,3.253697194053563,3.339194571720999,3.4259067893277244,3.697609168849514,3.679043195444662,3.858972898199683,3.992358830637392,4.046849058875441,4.08538356096029,4.030365018137771,4.183832299387778,4.231758036888991,4.282239817858037,4.328652135891426,4.365908220005839,4.378604757383498,4.284009319648164,4.2271578372179635,4.165731503854288,4.182919038678458,4.232539527749408,4.338748711397777,4.637689040387193,4.671100683838659,4.699587910707472,4.772389594440118,4.732494852008598,4.817796647394759,4.850581953275679,4.862247671796283,4.876031389846669,4.905605762618574
1.7123044479101697,1.5951893898043155,1.2515719336738493,0.9983631785397823,1.9188273983025106,1.631920059252625,1.852659001140891,1.5141831195909619,1.7711983452372564,1.7239605702851173,1.4454123241862138,1.699860929449794,1.5140586904979443,1.6528346536033827,1.9084688089088095,1.3172169070733881,1.627308196674769,1.3203673463619803,1.2957117227093145,1.4699574544796228,1.1788930816609409,1.4167269346463338,1.0511385532109339,0.7513356376703877,0.691111304182454,0.7270791026565192,0.7526776138816934,0.6386717545013827,0.4485762873592272,0.6484674886495498,0.3840635280017253,0.21103966382952669,0.22483772998799334,0.31480872890336276,0.3193519141180288,0.338077651205988,0.381358765992575,0.4130745404999994,0.4180280031946956,0.46478265477130165,0.6007047053969431,0.5935091739548121,0.6626067344561053,0.8266032100136013,1.0000145591023426,1.1336639231038483,1.2023691670583017,1.2579078526129284,1.283798869328121,1.3227676237078991,1.4376853697675651,1.5078816613969233,1.60942528450478,1.7189925310299095,1.8130884996454912,1.8472377553985555,1.8914617537579255,2.2224750577200627,1.9132548208140514,1.928915773589464,1.9492304809225267,1.9827829176182223,2.2316410888635154,2.2471112308537067,2.320922244444627,2.4068017722805384,2.4446092032895845,2.5525346263651527,3.3025761830332727,3.3981160768266476,1.5338126893043962,1.4643279785138583,1.4058675466115975,1.163334765437956,1.0898130723883408,1.213855718871125,1.1094153012953387,1.0429401815908572,0.9538870797099692,0.7674948843397715,0.9825166404980916,0.9271127527462892,0.7031553033736875,0.6721469795907806,0.8502713008794938,1.1302912569697199,1.2880952735907283,1.565050205559103,1.7868682018988973,2.0849267539883174,2.431591185795206,2.9617529815874217,3.395040706482357,3.771896547877539,4.195660422775936,4.4576623710576415,0.4858091988443214,0.7686036771142347,0.40682633780101324,0.34112657780347105,0.2984565578245006,0.44889661632566963,0.2537131263497362,0.28327109747396784,0.604280982019049,0.15099358800274362,0.41080755478747766,0.0,0.22888277594856635,0.23559257961402208,0.4873268895741339,1.6647042651036088,1.5861404313236376,1.2124495973633058,1.7097735556502336,0.6936790554169039,0.8898649985080711,1.861158337574489,1.8203482358016068,1.8733177142902737,1.4909788181026515,1.9413763058856575,1.043150919081978,1.0569953157789924,1.1268154288915326,1.164401601136872,1.1844223560262608,1.8387753557773456,2.1889829289446956,2.350899853829747,2.238946597488577,2.094322990704202,2.006978500980906,1.93583034479135,1.8489015580742834,1.8304200826236876,1.7534095246967092,1.5599881892949314,1.3750766257158082,2.6716524882368695,2.7211859074498785,2.992789293289459,2.6662812414981594,2.682641792784227,2.7492704270639132,2.741623800838055,2.680018178415566,3.1263849431379636,3.340851218128425,3.3917447624571904,3.3125595701266093,3.5627339627897685,3.651729803512261,3.7506853689848514,4.036172230773382,4.0372652401741576,4.197259199685607,4.329013402707603,4.384224610614952,4.423236716409583,4.387617477130915,4.515636445362104,4.571098354069236,4.618967117020101,4.666597700977658,4.703147039834978,4.729880216952876,4.651184794416015,4.604974538350685,4.562824215950927,4.589332957103323,4.642438142137972,4.749234247178101,4.977775500817419,5.014812597262084,5.0484914228014,5.116100423918324,5.08195436329341,5.161839950112671,5.19414273834883,5.209851372164831,5.2254279490343425,5.2553879724804204
1.918212689217748,1.7873937613842525,1.4151541609499338,1.1609510798822726,2.1365215173557908,1.839725913805824,2.0724585105833904,1.7200880620898131,1.9923537537966314,1.943889243856538,1.6541791354498872,1.9221194489865725,1.731421509618209,1.8772971651115318,2.1283807754782456,1.530091750372538,1.852337796247859,1.5383640458809102,1.5159731918146027,1.6963823309686359,1.3984085610866213,1.6446153731330821,1.2799186061295076,0.9774803616864834,0.90478619127507,0.9558320675847926,0.9758783477271313,0.8636450976577276,0.6770770508747741,0.8584764286691664,0.5659229522633854,0.16194241726842118,0.1373531651415689,0.18907710965159835,0.15487378043749803,0.1472190808923752,0.17392893816197388,0.2006177771922464,0.1952971376604779,0.23591310844577756,0.3803826471051136,0.36553200181184003,0.434048862395458,0.6018283887396094,0.7713358897174978,0.9056762053583436,0.9815866524284496,1.0290269033789372,1.0592719501833445,1.0975601224082334,1.2140831418770721,1.2817062108468946,1.3837665365652365,1.4924260174505242,1.5849084403304121,1.6204081917687954,1.6650277128192414,2.0026821198623694,1.6877013322567789,1.7064966533953088,1.7267034126309038,1.7605579688656188,2.004606733369948,2.0207019267954576,2.097413367278445,2.1863739156141606,2.2226020979605283,2.3288541262560805,3.086694305242863,3.177908292185628,1.5698223833857474,1.5027371945458456,1.433763801093263,1.225517362214737,1.1716675480412557,1.2377853344293546,1.1404933730877058,1.057589045130344,0.9783835497353912,0.8618842204937557,0.9800360909319208,0.9159352272017113,0.772477379664019,0.747540927595831,0.8300571820872676,1.0798538009069427,1.2116669130116093,1.4625685441666163,1.6726992145884922,1.9615016682112336,2.302589393695691,2.827579267798524,3.258384132889839,3.6343295596549456,4.060983184672208,4.322619251718639,0.5853933044551191,0.6942491681108245,0.4269092024916272,0.39683467913991655,0.41600213528068797,0.37749993662441234,0.3473797826831719,0.2637091816730879,0.4512486208917408,0.28127390575647565,0.22788672813884206,0.22888277594856635,0.0,0.032913329414863336,0.2596030514006623,1.7466039807981673,1.6608851365993307,1.2132293537974936,1.7474885220898397,0.5165787129224417,0.8343664199863042,1.8890883121210817,1.8417537105607957,1.88600763341555,1.4409946614767755,1.9467419906463004,0.8163370575706574,0.8563882775788999,0.9753852663706116,1.0391881767897495,1.0675453118868832,1.803326000582603,2.1664239962702054,2.3140358927220377,2.18755006246659,2.02207188831065,1.9201627648813908,1.8332944322382474,1.718211256059488,1.684661370074341,1.5823433617250964,1.3673795132328221,1.1503739152431751,2.614862695198265,2.6035982746121498,2.9102095210524315,2.52421094854466,2.514422639955259,2.563482045070497,2.534851823067873,2.4582284391359064,3.045835019117716,3.256212787748526,3.2936070496447853,3.192112274362344,3.4716479202400095,3.558051984955441,3.6475923962598436,3.922050291737921,3.906160280822885,4.083406496680846,4.216539782291525,4.271168541084449,4.309794005729369,4.257427511095138,4.4071712817733735,4.456449857624059,4.506496312838198,4.553127697107204,4.59026981046893,4.605050036499572,4.51178095710421,4.454938340022388,4.390046326888168,4.401134123964148,4.444663792320572,4.540578095983056,4.862573669051589,4.896554826725068,4.925771447903402,4.997857184110658,4.958753549656017,5.043319408985399,5.076037311638249,5.088277633981759,5.1022971041715435,5.13192313766108
1.9359093635182585,1.8081076082349719,1.4400799896506473,1.1857511823956488,2.1505198225263826,1.8568910195250208,2.0855620824954757,1.7377204075671708,2.0048167552880702,1.9569171918033128,1.6710151069159378,1.934016831340513,1.7454751281132694,1.8879063585894773,2.141441097479183,1.5456548456980503,1.8625628434747654,1.5521199552667317,1.5287706237219953,1.705514219163842,1.411499616536674,1.6521707129265606,1.2838903370905252,0.9867993523958022,0.9196833482752036,0.9598721636982674,0.974449929233875,0.8634988270940964,0.6807708236213459,0.85200214147292,0.5544942496496745,0.13634242057858662,0.1090486330742092,0.15616515726852934,0.12309678222932614,0.11946914393220544,0.15212416597228548,0.18140914464555424,0.18252788872129996,0.2342541960365337,0.3662877368571065,0.3662919963457413,0.4286854872026582,0.6055900277651944,0.7691663203613732,0.9050775973971888,0.9873865192338912,1.024959529299993,1.0624092997245542,1.1000843414205925,1.2177813169805816,1.2831722264882448,1.3856697691319362,1.4933652636820234,1.5835546886463152,1.6209994199383382,1.666035700831254,2.00828382924765,1.6895534269986356,1.7106900409273644,1.7308179295249029,1.7648503585733963,2.0048393182994517,2.0216236124352354,2.1007325981657052,2.1915680137165734,2.226866596853379,2.3319913128024825,3.093896618811668,3.1830091717929476,1.6025900532392552,1.5354597921133137,1.4666059746214253,1.2575794527016662,1.202920505471416,1.270637242548168,1.1732433120023145,1.0904802194178975,1.0111703498638622,0.8921085690265484,1.0129358048959258,0.9487923705127946,0.8038125761833738,0.7785485835052974,0.8628511396385272,1.1117323542482616,1.242195580599471,1.4910465837718971,1.699979278327416,1.987674776811977,2.327992900080032,2.8522046113313535,3.282603044761906,3.6583638587672036,4.085307963377625,4.346865785433413,0.6144781501006588,0.7256271505962975,0.4590433589906489,0.42727880513427197,0.4424098204624275,0.4099577097808951,0.37470539435151107,0.2959340344709783,0.47705262252119696,0.30354628424115604,0.2518998746273342,0.23559257961402208,0.032913329414863336,0.0,0.2617694791037566,1.7781443849372423,1.6926864535094726,1.2461201857541249,1.7802556831883907,0.5379087155710232,0.8663027383952803,1.9219653734881992,1.8746603249328488,1.9189150208357524,1.4726666644151285,1.9796097442507747,0.817554200682737,0.8705630354031252,0.9992002083922967,1.0660623116357686,1.0951999551501443,1.8353994091596877,2.1988039591949047,2.345952225912242,2.218905894265777,2.0523856488575074,1.9495665367296557,1.8615211471169488,1.7437342859597218,1.7083435554526563,1.6021678183577464,1.3828600023967121,1.1532786659561758,2.645871915292366,2.630117862425662,2.93962040688163,2.547943984944482,2.5342209894819283,2.579822539485491,2.5456079194106365,2.4625644936704516,3.075361143273954,3.2854163105629666,3.321756497200629,3.2181902449290245,3.5003360397038126,3.5865234989600987,3.6752605459179395,3.9486496181304216,3.930932947229719,4.110011474681016,4.243263892595071,4.2978294780217166,4.3364126249858295,4.2822598299729595,4.434257170380125,4.482933151954154,4.533189090115246,4.579717797093371,4.616914445659624,4.630449897907435,4.53546137491443,4.477192717596075,4.408630390830776,4.416566561258201,4.457732508061459,4.550364502530048,4.888962210565788,4.922628882168854,4.951370833266986,5.023923878756992,4.984297860859386,5.069353495413447,5.102111659437458,5.113986184107507,5.127836604623298,5.157423813100883
2.14221302881769,1.9964826173868337,1.597680278119645,1.347021933963582,2.3744645905089468,2.0662598542286434,2.3133317603860277,1.9449318034168426,2.23521781274533,2.1851668420557275,1.8826149239091052,2.1666374482522897,1.9698602052820209,2.125101599283524,2.3693149154876982,1.7638316408602233,2.101047980315398,1.7781723186268117,1.7586766202784787,1.9475354043947757,1.6405511185656025,1.8985788706735645,1.5381947980384383,1.2294266652281112,1.1435688798969998,1.214229695470237,1.2351417300955978,1.1232049897455976,0.9359025175755296,1.1135180965735978,0.8127765121168283,0.37706361812353445,0.34465019124554175,0.32283984137040117,0.2700474832560548,0.22870230179986042,0.18638494206116168,0.16609357609353143,0.12491130144015468,0.03855210465047986,0.1932330939853999,0.10619994037877253,0.18735224254422228,0.34385836980242934,0.5133132559636442,0.6463507430644284,0.7263642481281505,0.7729343103516932,0.8006953068583966,0.8385509468194029,0.9560130849552264,1.0222402909989654,1.1244627366128541,1.2328574527647862,1.3257616141501882,1.3608091691746997,1.40547474572679,1.7468955636634511,1.428393339423142,1.4489318036087624,1.469054011724271,1.503100383977634,1.7450058894571452,1.761142739726865,1.8390226600632995,1.9300033185773686,1.9651078129225843,2.07032367795151,2.8334719883743444,2.921385198946605,1.614599763380298,1.5518691083207048,1.4732764296468595,1.3089135934070064,1.2774746294886707,1.2796609223613031,1.1942758742303388,1.0976606389514638,1.0336818672775874,0.9946655778399965,1.0057884258592642,0.9363640534468778,0.8878337374368758,0.8706571995232689,0.8472532453447601,1.0442636575766673,1.1383828205034734,1.3491974052230205,1.5406318759215807,1.8141398334387155,2.145345890521669,2.6610810132655223,3.087275511651002,3.4610122121056404,3.889751312355099,4.1504234971444465,0.7450558413384519,0.6612193644080125,0.5466030723841506,0.5528076697157831,0.6106572803457481,0.418942662737132,0.5404177964870992,0.4075338068653479,0.3478910379659342,0.5077955386395139,0.18472512166293661,0.4873268895741339,0.2596030514006623,0.2617694791037566,0.0,1.8377113727256555,1.7458688836520324,1.230453737938788,1.7902169928594296,0.35413349609386496,0.8097361930832594,1.9182880633849502,1.8644975823029144,1.8981575845366832,1.3914578618003444,1.9495762383027435,0.5567720811507768,0.6290910340102169,0.814867679959698,0.9113915706172154,0.9494149763696983,1.7620670507062124,2.1341544436036437,2.2635182054675873,2.1218210987872217,1.934310979648136,1.8167679372761403,1.7125617169250642,1.565360972217908,1.5139727210671532,1.3820259261764518,1.1428973931139976,0.8916252177596652,2.5384391014294447,2.4573336218952644,2.8020306147736114,2.3503610056509836,2.3109789179301323,2.340523721444788,2.2902552465811885,2.200809603205184,2.939139799069468,3.143726799626014,3.1656540688598644,3.0394334030836396,3.3508680973493465,3.433992535671305,3.5126113461840442,3.7738637623033977,3.7392287727748155,3.935067036884323,4.0693797410437895,4.123227884465472,4.161332125428101,4.090668119273224,4.263976539866329,4.306318187573906,4.358652633069559,4.404081934940147,4.4417970955407045,4.443439077896429,4.334492774988431,4.266293036618842,4.177468601000638,4.17284568984173,4.207005670214986,4.2929120802668415,4.7110083532230265,4.7415838680950735,4.765880070073409,4.8427246681879375,4.798282638440524,4.8878071134047465,4.92092317272684,4.92936464190729,4.941668255610984,4.970884801799335
1.297244096713052,1.0530008365968533,0.74361501504208,0.8480893303237171,1.6330546130898964,1.2951783318462444,1.6465505866060937,1.2230390372176039,1.6372310227327729,1.5804725977505705,1.2483171184044262,1.6303950321783338,1.4272858101343293,1.6748165501285885,1.6816986601329103,1.2843588468256795,1.681740031272462,1.377684868294902,1.4181414997585284,1.6609458890251976,1.3761040127324091,1.7113374028599277,1.7159994714214688,1.477248341410129,1.312996897123578,1.6335703623760771,1.793959106486628,1.730499288553755,1.6216809168926012,1.8870104814676703,1.8835064849845264,1.8509596622134263,1.8482818430895198,1.928003268300527,1.9012363207350576,1.890783391666687,1.9025143500908777,1.9168878112720948,1.8877731537969087,1.85388496210252,2.030922145908886,1.8918659113052876,1.9893735775753216,1.959853924769448,2.155112826436445,2.2119528865298297,2.113053144530617,2.36971720159923,2.225567692394017,2.265383191067472,2.310779691421061,2.418236654138991,2.4789375857983367,2.5872161682746846,2.725804474220333,2.695607596242698,2.7174064186520805,2.82231157906465,2.708219875531582,2.645135950196479,2.663092582344263,2.6826771401090226,3.0159730688603674,3.0057885970973586,2.9833605897164506,2.984601378732628,3.0501861368368495,3.1816795872839223,3.6618318776869665,3.8368236308008474,0.3711946490624177,0.38437968760285324,0.4746009145606321,0.5288177835656609,0.5766257120747466,0.6110427914931394,0.6634296020696565,0.7710112997385575,0.8127651837072064,0.8972758900234366,0.8736898189139536,0.9413834729385625,0.9745539188625155,1.0011634578454887,1.0228639637649823,0.9981761443441091,1.1086655866951323,1.3101886376897032,1.4761017101888674,1.7050236583026186,1.978207635820382,2.427342928511578,2.811437284643018,3.149190510267102,3.5060624454174696,3.7500130889842924,1.1799648413971051,1.2408221535426334,1.320936264418415,1.3530261562908559,1.3671154931355844,1.4195639733625964,1.4216959870126524,1.4837747861782988,1.543440289266912,1.5186856572196181,1.6544068890010781,1.6647042651036088,1.7466039807981673,1.7781443849372423,1.8377113727256555,0.0,0.09919119512763408,0.7163601158088219,0.34425532976979784,1.6229418461677894,1.1176684554428267,0.46652393949053217,0.4958264320445087,0.580424592038882,0.9446218921923024,0.6649499053122048,2.1197300326676345,1.8385098026029743,1.5342815978662405,1.386683774115519,1.3404650078236653,0.915923985789784,1.0055617841785898,1.2150880510253736,1.2429993404076016,1.3106725539896271,1.373600120088509,1.4575250129370347,1.6337370986825313,1.745726032752242,1.9188395854439204,2.008587922075431,2.290125755940116,1.594447167795446,2.0959740688642574,2.0384821697710187,2.265098802517668,2.5259470856309365,2.7668299669734036,3.0286681954548618,3.243644757944102,2.135760881545264,2.3497074202975257,2.4935793050094888,2.602097004914321,2.59155691958514,2.689737072539374,2.8483550977177314,3.1914129070917525,3.3313241564004983,3.3366267068703555,3.447379770550821,3.502986969829163,3.5421573647050977,3.6440506880430017,3.590314578339439,3.6891128761863516,3.7171496341525714,3.769375482181018,3.7991243607022356,3.9180214129495154,3.9674304022158076,4.0207398109967825,4.210372614760896,4.414066318777079,4.589592731704218,4.855272192089507,4.0755662821189755,4.134101110240592,4.200946360974055,4.229915856594414,4.2364210174634795,4.275457534929969,4.302933581888303,4.344826819211905,4.371893187409403,4.403001783803752
1.327903753115579,1.0815806354269435,0.7352394052920765,0.8104134039186112,1.665932400702124,1.3195518622801206,1.674321780601938,1.2400032742156184,1.659757157897521,1.6018318018112632,1.2590452232417204,1.6482667867189187,1.4386410446257742,1.6878952630682151,1.7118755346370071,1.2841389834698156,1.692856765499343,1.37594963701259,1.4137762632959026,1.6622315919501012,1.3640033737417254,1.7075798117573708,1.6892563012401824,1.4355702585832215,1.2659810327825027,1.5894424246406398,1.7485615790094482,1.6802560537387772,1.5628340975097015,1.8339204409215857,1.8170384183661554,1.768922241038102,1.765261532529006,1.8437319051650953,1.8156995064818024,1.8041846759299998,1.814659211497493,1.828300456556882,1.7984585793412382,1.7627846708714792,1.9390998553000676,1.7982474985852483,1.895457831401692,1.8629014622869644,2.0574903774074675,2.113446265658447,2.0139229984607145,2.2711237336631696,2.126419844540059,2.166216296889639,2.211631774892466,2.319077284427061,2.379927421862782,2.488320769209652,2.626840151480791,2.596953148631698,2.6189375649574855,2.7267794191769363,2.609982398853771,2.547530303625308,2.5655555773328476,2.5853472489616545,2.918379508991184,2.9084699507600775,2.8872931808967164,2.889945493794742,2.9552253597566245,3.0866541406113908,3.574391678164428,3.7476878807641465,0.2860449108964999,0.29043297857394196,0.3787215667206301,0.43779721508494046,0.4963564124608963,0.5119099300772774,0.566111597207261,0.6732566979497694,0.7175731980357654,0.8192117543837185,0.7757569355945367,0.8438024340768969,0.8905219590276341,0.918358813022675,0.926027056846049,0.8993882759857856,1.0127356416676583,1.2214646710042887,1.393446127905607,1.6301315653959667,1.9115455636332177,2.3706895898016684,2.7611271125475474,3.103657036037711,3.4669001007416327,3.7132005521000644,1.100452361767091,1.1435359830891791,1.2343694325009034,1.2692921178265395,1.2878702193327352,1.3284778239180464,1.3404593205751216,1.3975074926630737,1.4479943718219361,1.4387508573158592,1.5631245193018921,1.5861404313236376,1.6608851365993307,1.6926864535094726,1.7458688836520324,0.09919119512763408,0.0,0.6174359276371215,0.29880828229129774,1.5261541611801834,1.0192318202046187,0.4446552856519072,0.46068045419337816,0.5466473788107015,0.8567176335846417,0.6344333102948216,2.021460245225315,1.739375977179443,1.4354066923798652,1.288316842159055,1.242384507987952,0.8543092694935553,0.9777375044212046,1.1879562050219354,1.201417956809074,1.2521613148813395,1.306010569212277,1.3827127186682986,1.550134663998699,1.659057917600137,1.8269137793174242,1.911909759647631,2.190934564888978,1.5692113995861379,2.041292378221926,2.0081084907954763,2.199166910239621,2.450779038818055,2.686478829715633,2.9409477625049263,3.1500092508903306,2.109756312510709,2.3259166317122926,2.4631777914867707,2.5584956256656763,2.5680803529947998,2.6662188890883907,2.821024876271946,3.161704190442616,3.29237111669624,3.308912128328713,3.421836023219814,3.4776753142421306,3.5170139175760053,3.609249495209538,3.568865483437435,3.664684109407234,3.694379281776962,3.7464590556469397,3.7768574765873253,3.8892519269217756,3.9298982329623056,3.976981705830838,4.153905256366376,4.349336782931193,4.51979690598149,4.779569651587258,4.054180586647606,4.111260671961303,4.175828849008895,4.207812474769473,4.211271470306195,4.253515760435279,4.281448354695376,4.321483087619935,4.3477723440253495,4.378890873722067
1.6812803977130837,1.4457606073553908,0.9887834639051577,0.8865613315472639,2.010563246711955,1.643918195090498,1.9933151784076895,1.5353857896495677,1.9530572143262515,1.8924573473131654,1.5217914533390242,1.9182952559987643,1.688982134249263,1.9304547352891086,2.0410381552409955,1.4875974257292812,1.9246516264123164,1.562062417446702,1.5818382145777654,1.8422196841375906,1.4931750362574956,1.8560500991056303,1.7001789098724451,1.370634424748204,1.1845832897401323,1.4922319931226424,1.6295217064917251,1.531505197139007,1.358978564859874,1.6531625337859628,1.533463611571659,1.351962496672484,1.3391267341733908,1.4022369147898193,1.3630541953340358,1.341505732312528,1.3389986814271122,1.3447433172081398,1.3084019490208,1.2549592657784507,1.4189945833113629,1.261639167318914,1.3535171363698293,1.285387909242896,1.4697096495425843,1.5131841890757047,1.402356310136533,1.6690794683042498,1.5141677241486988,1.5532359260030177,1.5952179557540198,1.7028311140131704,1.7626175506581652,1.8708848763035477,2.009445793796883,1.9798120528252863,2.00228186531853,2.124920417053707,1.9941162057253734,1.9344432146303991,1.952790971617723,1.9736044622046993,2.3051445743945362,2.2965546283658718,2.282069113673448,2.2930209349832182,2.3563337746391557,2.4871469090839446,3.0208733827149743,3.1827855585625406,0.40072606737155303,0.3504229635254757,0.25967255631240727,0.3265442708768615,0.4298991118503166,0.12419002933219034,0.1783873137164382,0.17716359172671273,0.272335179381988,0.577460880176928,0.23336589620162837,0.2981977150148726,0.5577082377014017,0.5923099079492409,0.3863639258284299,0.2822039263246197,0.42287888047983263,0.6966234088201714,0.9137126302942739,1.201285341827356,1.531944894212117,2.0454077041601666,2.468250193124743,2.835028440972544,3.2333856344226035,3.491044095024096,0.7710688814993324,0.5772428337592771,0.8087667707920079,0.8714071493845924,0.9344235155493937,0.8407875244436391,0.9612295381944307,0.9603291370212298,0.8982900955697317,1.0633391852432044,1.06042150702469,1.2124495973633058,1.2132293537974936,1.2461201857541249,1.230453737938788,0.7163601158088219,0.6174359276371215,0.0,0.5680455040132626,0.9558690573759054,0.43434587831531357,0.6879451418737095,0.6344444904452559,0.6733479461817494,0.39119935638457004,0.7339043375036661,1.4250543603571293,1.1281395269561714,0.817977514205802,0.6726589046608726,0.6285350301392496,0.6540318453649923,0.9813792373299888,1.1559953060505774,1.0709045134177095,0.9893636685725382,0.9635942604164442,0.9719896114207764,1.0535513723555874,1.1326721084439064,1.2548435743055695,1.3049799903615673,1.5762017523436462,1.5033857786901441,1.7427117624716204,1.8773114529977566,1.8137171022883536,1.9922226892021726,2.1873571890322157,2.3887552445089177,2.558720058163608,2.002133673689507,2.2227497156344374,2.311796281208016,2.3164510528251068,2.457896963347455,2.552584015228096,2.678294794189473,2.9953141206298572,3.063320245585804,3.1523294263921375,3.277009469677437,3.333313724756501,3.3730287993997843,3.4016791430449556,3.4475199317810934,3.522772265365613,3.5625502166464114,3.612880764249654,3.64693941602011,3.7162437172646974,3.7000905057693436,3.7063543972732758,3.798828573479898,3.9389444019954816,4.075529358845052,4.296159296351283,3.925904026956533,3.9730184261632697,4.0223214185281355,4.073031225500452,4.057127924612782,4.119203774672108,4.149692924433006,4.177491665969116,4.198554538350355,4.229384614035425
1.6266775854204012,1.3803876278240794,1.021038438650756,1.0614321187622824,1.9646034885068238,1.6180760456141017,1.973074993178327,1.5370282185104118,1.95785592793792,1.8997135709415018,1.5537027544476785,1.9451840123167716,1.7332623762539874,1.9829651604765846,2.0106820916071553,1.5723160157929599,1.98700732617378,1.662663108784883,1.698224659301605,1.9504087451039174,1.6414259209919344,1.9916012859912549,1.946384357115448,1.6691875397464981,1.4909711800870153,1.8165580003606558,1.9715643600871868,1.8930084857904566,1.7550905849568326,2.0383439598942745,1.9833399143041526,1.8734597672041546,1.864875263451692,1.9356528278608078,1.9009876544834097,1.8834596826705732,1.8860889873013313,1.894831636067735,1.8605665117404475,1.8126301485759848,1.9808665195860267,1.826622068788262,1.9196784111385723,1.852622861993022,2.034147019557316,2.071008078846843,1.9474811957052653,2.2248181471818187,2.057147692183498,2.094326274240484,2.1238726637067877,2.2316873564189637,2.281718983843398,2.3844545675672477,2.5249236444748933,2.4846538058083043,2.5017270936250697,2.567184729086935,2.487682561853352,2.4142255863657396,2.4310801030648483,2.44766846288841,2.7831338832980683,2.7691522668705995,2.732603307804312,2.7216066066431535,2.7893739990555844,2.9209711424003566,3.35965256710438,3.540986874997014,0.1776661730397219,0.24575875035242326,0.31698384287912984,0.5584582635855233,0.6616137376803531,0.5120438634612717,0.6070532139979276,0.6943742423312879,0.7691448181808114,0.9677842035497066,0.7845090941681373,0.8542136480209421,1.0084785511876282,1.041051745269158,0.9431907522851787,0.8215792207692648,0.878603226027713,1.0248274507864281,1.165896208312442,1.375859961262157,1.638426982490422,2.0831379207394756,2.467929069399007,2.8076205287832674,3.1686721748050712,3.4145876489689595,1.23123965199054,1.1442598819426595,1.3254145273622429,1.3749284247566758,1.4145322342187459,1.3871736962417762,1.456711129854502,1.4860884896195763,1.4643001952551813,1.5589327629113394,1.6150305328187646,1.7097735556502336,1.7474885220898397,1.7802556831883907,1.7902169928594296,0.34425532976979784,0.29880828229129774,0.5680455040132626,0.0,1.5239145613874676,1.002389533505713,0.16611237599080322,0.16393908452844946,0.2494395764497152,0.6645669115097793,0.33811036630319863,1.9857807642252372,1.6761007684034679,1.3428385401856215,1.1842274354351878,1.133209386147925,0.5746686233295959,0.6809577714883215,0.8909861345981186,0.90337920506798,0.967069680905997,1.0357544969803338,1.1292640762221295,1.3251633087109944,1.4468288603692607,1.6432128763956293,1.7701487204787054,2.1122584049632827,1.2724877236390497,1.7517242547497225,1.7096616200237356,1.9245131010515797,2.1954487970831136,2.4457521154536597,2.7286375561200495,2.9725509247051853,1.8123727750140672,2.0292404956463,2.164652095189583,2.2615360335268924,2.2714256268709647,2.369511533727103,2.5230558534211687,2.8632141742185406,2.9940888346887613,3.0107837878087063,3.124257102323065,3.180157712254175,3.2195419320350207,3.3104665422860835,3.2727555770677332,3.367418276443392,3.3977024966204303,3.449717096009001,3.480363840218601,3.5908658429131077,3.63139197532174,3.6802168977651797,3.8661249708901715,4.072090813621188,4.251298715206462,4.5240230177149545,3.7580019095201362,3.814490324582094,3.8782836851287144,3.911313665974316,3.913713244587575,3.957075096144396,3.985191081668787,4.024501363211356,4.050521641674498,4.08164014976274
2.1417979899262924,1.9641205694239823,1.5248815308565105,1.2920643336874604,2.4096570743545564,2.073877906089957,2.3590352189306145,1.9507875102113652,2.2889961422683416,2.2342208869127185,1.899303698169406,2.22748711125573,2.0135331473695257,2.1994346966474714,2.4144262691748137,1.7981608708101735,2.179562494450993,1.8305184147242186,1.821118874423423,2.0395991255194965,1.7041851761866662,2.0059755777968284,1.6841903923480182,1.3446680822117614,1.2167418151430647,1.3702646755224912,1.4280513607841625,1.311100671618495,1.1080584496783825,1.3404936538634593,1.0704532547252794,0.6738115621736582,0.6444816590503003,0.6533368210580475,0.5999755130562321,0.5614672314116134,0.5296595875132161,0.5160196574267943,0.47343737746656395,0.39105390283700514,0.5056720936379905,0.33516766662866704,0.4126771992231118,0.3371023650680532,0.5373601835607044,0.618079005213316,0.5919996275792205,0.7752898083870684,0.6973470802048776,0.7403130184707566,0.8324304042257822,0.924596353503734,1.015245220874897,1.1311103277127625,1.2495501407765457,1.25845073601962,1.2963346550132064,1.5748121011978662,1.307995882256197,1.2991769902411483,1.3197643901493197,1.35086351180755,1.636372492065261,1.643867869219967,1.691964307401877,1.7601395657566865,1.8053668552383795,1.922131624182432,2.6353321303340307,2.744813158563674,1.3543794010988557,1.2978671697243347,1.2118084845718167,1.1035943136922732,1.1026683401941106,1.0280293671650416,0.9601675145685538,0.8541226553080274,0.8124978014861023,0.8804477724607047,0.7530717624383894,0.6836354570617019,0.7613835585773382,0.757706221679447,0.6001319589380784,0.7310826308685994,0.7983943584950404,0.9956044548351907,1.187030253656457,1.463792199823757,1.7987375314979452,2.31910468573083,2.7480181113818025,3.1231883756144474,3.5508617613590174,3.812154410862891,0.7076226069711079,0.3838226924042103,0.5053203289853007,0.5592030733681093,0.6573409300573744,0.339334253474964,0.6038470770993001,0.4631579769128039,0.11555222294696352,0.6328514116094186,0.2902844330480999,0.6936790554169039,0.5165787129224417,0.5379087155710232,0.35413349609386496,1.6229418461677894,1.5261541611801834,0.9558690573759054,1.5239145613874676,0.0,0.5215291491219494,1.6370352805994437,1.578382655491918,1.6025943971297096,1.0602096939133345,1.6459826468367709,0.518787722885439,0.37901261261031116,0.4661729560688342,0.5573735792073534,0.5963145319645978,1.431262742052266,1.8055834996137097,1.9250515398694086,1.7776546235873028,1.583952029199978,1.4636968598057307,1.3584305207486305,1.2163250654162092,1.1730227939365034,1.0664697906481602,0.8675071356518179,0.7835422078815937,2.1898347698427876,2.1073020469921397,2.4480383604043565,2.012284053010358,1.9983856185104543,2.055890382205814,2.0581616625427417,2.0376279945548226,2.585198085176076,2.7895953975762535,2.8123772523901494,2.6917765703103003,2.99698303590894,3.080368951958092,3.1604852473941225,3.425036107922047,3.3979828276162496,3.5863370216429886,3.7203310261795646,3.7744294949126345,3.8127046834831355,3.7494435213449124,3.9138709488779284,3.9582616801045263,4.009885756899309,4.055700112675152,4.093244313575506,4.0998520475536395,3.999360287808276,3.9393688177143313,3.875537350528013,3.895779375910647,3.950161395228731,4.06592111763658,4.363527815622909,4.395333870784187,4.42161512648878,4.4965573988362655,4.45427487442314,4.541793701878212,4.574765160359498,4.584720154740611,4.597759250484958,4.627161321342486
1.8424807956955673,1.6316385450559077,1.1663048062382217,0.9787345673134469,2.1472869074970933,1.787988653901926,2.112692211840371,1.6684875227669844,2.0564414155588064,1.9973547327068828,1.6343527099220632,2.0073317228008913,1.7794688747257181,1.9996050987194631,2.1652990962879355,1.5636842294678517,1.9866271191682319,1.6192930999824602,1.6249221182116125,1.8732903210314165,1.5180965249199958,1.8642128469112906,1.6229731270462202,1.271144768859444,1.0991385829589295,1.3553939675972562,1.4642863934804418,1.3527448608827444,1.1555642545463778,1.44103910849028,1.2544282493705539,0.9873840027938876,0.9688242055888027,1.0189909204662153,0.9741670375523305,0.9471105200936625,0.936880023628458,0.9379624693032398,0.8989597915196068,0.8374302798934569,0.9937016726258812,0.8321385821329003,0.9219420756118438,0.8525580767130106,1.0410939435681066,1.0942942000901097,1.0036333189142637,1.2521613239056362,1.1167376184866338,1.157867741595961,1.216151176755835,1.3215060153589557,1.3927196422081543,1.505855871021337,1.6398854692544709,1.6233001895077896,1.6516861334291821,1.8354495454206554,1.6505100529302899,1.6081079634064368,1.6277243950383657,1.6528558970374292,1.9733202921643243,1.9707106221063462,1.9801071686785996,2.013827041263435,2.0710981891438025,2.198449834412617,2.8136876360018137,2.955111664015023,0.8333334273497162,0.7781974901502279,0.6909241524166547,0.6197060582320809,0.6522073414361151,0.5116344283367111,0.4573426318419152,0.34876913221085665,0.3364605310516715,0.5530871201434527,0.24606209104713944,0.18443888747417692,0.4528874054564961,0.4734914668861036,0.1348420563993137,0.24555775273183278,0.40233450306304813,0.7006394504730458,0.9339529390450844,1.2403578567060236,1.5903669639609026,2.12293141789238,2.556776966905699,2.9326542388750982,3.349270793619511,3.6108115007889263,0.568775044683724,0.14852346673121847,0.4949287423344036,0.5728765427548307,0.6664597802498087,0.4588178942593059,0.6643440361927329,0.6104219531945863,0.4684918206920499,0.7551640143662495,0.6514209877272036,0.8898649985080711,0.8343664199863042,0.8663027383952803,0.8097361930832594,1.1176684554428267,1.0192318202046187,0.43434587831531357,1.002389533505713,0.5215291491219494,0.0,1.117967107554307,1.0609707258295198,1.0902750404103696,0.6074968046337803,1.1399670186880537,1.0023401972803716,0.7310016918504393,0.4884954969642278,0.4034959181039924,0.3897341324718608,0.9692873855748516,1.3351313825316944,1.4796696330998675,1.3557858158106386,1.204459610864736,1.1210630186152992,1.0633580091952783,1.02701172118998,1.0498711504780864,1.0737350768396214,1.02348076030748,1.187428753994925,1.786004861731103,1.8585343644389147,2.10361356994438,1.8477985249884474,1.939104286438781,2.0763955514215047,2.195101584699931,2.288785272804033,2.236823098021788,2.451897786050551,2.508117098246602,2.4497279441235524,2.6755218875027027,2.7654772840910113,2.8695674946291487,3.163635485498021,3.1859137625892546,3.3240938309511363,3.454297404420859,3.5099367540760786,3.5492332556821604,3.5335599241166626,3.6372419786234174,3.6979584530086083,3.743746910829161,3.792198084700236,3.828155618684652,3.8675992676307076,3.810955352556074,3.7858228280719275,3.805896261093281,3.89206394079126,3.9924319658368503,4.16763659184629,4.104498414690716,4.144487289183551,4.182991555858637,4.24559901234441,4.216952974360971,4.291552157663651,4.323382448234729,4.342759222029418,4.3600837320506045,4.3903810767601685
1.7633503703588942,1.5184911238837822,1.1774792052668837,1.2263789015622175,2.099519145204751,1.7593910284167527,2.112120383801788,1.683125059954287,2.1007948123130182,2.043421659186182,1.7035214033504942,2.0913009093494246,1.8830948144229034,2.1321648161399507,2.1478316352928966,1.7277848082334253,2.1373849315210927,1.8190548530442305,1.8558491736083857,2.10598286294215,1.8019024849632161,2.149547101770284,2.1112980476730594,1.8352987158556051,1.6570148921289276,1.9825881579394735,2.1374272045135485,2.0583253626266673,1.918597791681966,2.202882669958362,2.1427164720049827,2.0194335675484925,2.0095593375126373,2.077899142288067,2.041467617730811,2.022238174020952,2.022459229753842,2.029620234552258,1.9941221957140236,1.94242686409321,2.1069182844559453,1.9488071842229386,2.0397321872558303,1.9595395013626833,2.134190019837194,2.1621820707798443,2.0280189117466496,2.313195837937359,2.1354257771719816,2.1710115088866075,2.1920831749222223,2.2993652465431205,2.3432061088486034,2.442171753874581,2.582963556609273,2.537010408880993,2.5511393324278293,2.5897494812031194,2.5341694193507758,2.4544735994072364,2.4705108151383177,2.485019621392313,2.8203330579143406,2.803878563300071,2.757628525201236,2.737498052095084,2.806672288038919,2.9378433802220827,3.338512712751604,3.5258514028520227,0.3296783151962805,0.4000111093833059,0.4564151740860607,0.7198156497854872,0.8259785596290993,0.6516829908767563,0.7527402807621141,0.8316217238757903,0.9124772714349129,1.1279136173765534,0.9150047862701257,0.9832382740989951,1.163000841748406,1.1961908106641288,1.0722657047335404,0.9165999236338384,0.9412833068405945,1.0392063981371444,1.1500118479252146,1.3290845263162563,1.5658518169765607,1.9860011358565008,2.358329544589951,2.6899634824244476,3.0417873577984516,3.284617699397009,1.3865350887842651,1.2636376136155216,1.4709511916805156,1.5237587681098088,1.5679301208834089,1.523020130450814,1.6075585242190147,1.6297846696600262,1.585110345738189,1.710166506190161,1.7468372707603155,1.861158337574489,1.8890883121210817,1.9219653734881992,1.9182880633849502,0.46652393949053217,0.4446552856519072,0.6879451418737095,0.16611237599080322,1.6370352805994437,1.117967107554307,0.0,0.06908222577872888,0.12558142189782198,0.6981906559590288,0.2009630863266127,2.080658148595806,1.7607080731234197,1.417044263887363,1.2552768446796838,1.2026143149463413,0.5146237194831915,0.539047003978607,0.7486089043067999,0.7839226607852942,0.88335993527815,0.97459186611781,1.0873880565945246,1.3087032086714743,1.4397052546653186,1.6560438751680717,1.8101450030227941,2.185330681239246,1.1284501242392158,1.6520598222762408,1.5719731891005921,1.848035981438047,2.1408377000459122,2.4048034847834274,2.711582537089831,2.9810374174433685,1.6697068411367375,1.884400147636684,2.027058067129786,2.14152026873852,2.1264197586061804,2.224598841220064,2.3821080773075116,2.7249081974733604,2.866988895589401,2.870346039195701,2.981614709001977,3.0372970303781424,3.076523756096713,3.1780403755224707,3.126256584124972,3.2237353194443155,3.2524527870340405,3.304617025503743,3.3346706335640883,3.451614510959665,3.5022842055113403,3.559416136513722,3.765382556015881,3.986933276780871,4.176882750134582,4.463537319342699,3.611580862932932,3.669403977945472,3.73536608658555,3.7655734046322356,3.7708323278262736,3.8111983698575504,3.838910749575825,3.8799223853170703,3.906676435350254,3.937790613778498
1.787297150737631,1.541393853036223,1.1847848738241638,1.2192596334792287,2.1247042903904627,1.7801521950265247,2.1345665106282232,1.7002333148282924,2.120433261768159,2.0624673829123727,1.7174735073576473,2.1084536186430474,1.8970487536996667,2.1467017392733605,2.1715719562528983,1.736115011549577,2.150855397535221,1.8263221293204643,1.8616190194336697,2.114167963085353,1.8037450699597442,2.154871658318573,2.1037236918156226,1.8202565677284461,1.6400207593801805,1.9651789910493203,2.1184283672171413,2.036631321982929,1.8920536389849198,2.1785925239844377,2.1094779496816636,1.9746147708520094,1.9639335090982535,2.0307602356572625,1.993369609502789,1.9732487017488454,1.9722532744088817,1.978649567248123,1.9426110834804102,1.8893211362840845,2.0521802780467153,1.8927736140245934,1.982891124133431,1.8988848743638815,2.071783274289748,2.0979736066299943,1.9621459914755022,2.2484308614475146,2.069197175154228,2.1045617286773775,2.124664523199068,2.23186704177957,2.275159317602063,2.3738397120556973,2.514633326475693,2.4683601489204623,2.482355678310099,2.520858475546292,2.4652800891191626,2.3854378609315194,2.401462566533577,2.4159488510114024,2.751256928889176,2.734796460736672,2.688675755293767,2.668887735196475,2.738000603204757,2.869201356709639,3.2735726522471924,3.4601121107963606,0.3001314768879112,0.36958744780278885,0.4148202677924612,0.6924225711647629,0.8034925880242005,0.6072139970290306,0.7109486556870238,0.7845184559486226,0.8682929278854632,1.0970710131477528,0.8642922880899981,0.9316075476608866,1.1260212715588234,1.159691233173001,1.0203411874777908,0.8547271916536796,0.8741385500093682,0.9703315045590948,1.0835036949220944,1.2677974369262026,1.5112835983080461,1.9401848366704957,2.318025113400217,2.653691648385457,3.010668281476978,3.2553953799447064,1.3497649672553407,1.207547023292087,1.4265268687325496,1.4814658654559956,1.5291439362989705,1.4731369270165426,1.5666360359208629,1.5839771857511047,1.5289789879898588,1.6694088499089426,1.6947908198863482,1.8203482358016068,1.8417537105607957,1.8746603249328488,1.8644975823029144,0.4958264320445087,0.46068045419337816,0.6344444904452559,0.16393908452844946,1.578382655491918,1.0609707258295198,0.06908222577872888,0.0,0.08596695353543851,0.6293566914045287,0.17423900534437287,2.0171959599192557,1.6955943856261138,1.3506827883309889,1.1886707960491465,1.1358671497805655,0.4539188119531431,0.5173803979035598,0.7275318269335318,0.747227571307243,0.8312550707341149,0.916047164598092,1.0247899829504121,1.2424137782676357,1.3724806178602427,1.5874302636046163,1.7411401846051398,2.1184365030269463,1.1089632664027735,1.607058404579597,1.5476085346999318,1.7948662817448275,2.081892174851472,2.3430173987759937,2.6459632202640293,2.912887574366197,1.6492004769909505,1.8657343863431015,2.0027386598400803,2.106336884398494,2.1079184626759853,2.2060263778537204,2.360344661001643,2.7012064606144652,2.835970473367572,2.8482400656411184,2.9612301332684408,3.01709013311934,3.0564453859484986,3.15036151422943,3.1090990408688177,3.204202421364148,3.2342229464206835,3.2862626256198233,3.3168216236285177,3.4286645540714162,3.4725550355982002,3.524943857797459,3.721517750465889,3.9372445863470658,4.123764146595165,4.406573859948085,3.594369053850339,3.651050535565959,3.715238687261596,3.747777590520885,3.7506770965637055,3.793520692531839,3.821582059321522,3.861151418734132,3.8873029723548753,3.9184216946355424
1.873098611233985,1.627256992956937,1.2695457814343074,1.2993729176490032,2.210408899646863,1.8661097203714916,2.2204749727693667,1.786139135622945,2.2063992878262417,2.148427153330755,1.8031410729041562,2.1943483400283985,1.982701858221376,2.232398516695318,2.2574039535915444,1.8209285110237259,2.236436777573209,1.9108962842546529,1.945839048399848,2.1988923010190424,1.8868922042701155,2.238925625311707,2.1830899678936433,1.895761948738176,1.7144588369240967,2.0391174692715546,2.191222805016731,2.107573054603501,1.9593183186839913,2.247473184422002,2.1704691075732914,2.022259537283874,2.01047948142491,2.075074620676947,2.036304697337398,2.0148472947274607,2.0119324850622125,2.0170728220132035,1.9801756716120382,1.9241873031713053,2.0838342977706783,1.9220867767977845,2.0104324820110517,1.9177411608226154,2.0856600862148147,2.1061827387712446,1.9642535866512623,2.2545401138861636,2.0696499463292444,2.1039757641032906,2.119078730251113,2.2257178014126797,2.2653889679462536,2.361753036927469,2.502466148475511,2.4531354004973003,2.4655003904230917,2.4899222740210076,2.446872533448054,2.3638406535276753,2.3794043855295057,2.392770317930239,2.7274874259358337,2.709762486973907,2.6587440038435286,2.634439803856411,2.7041590042062227,2.835000517455577,3.2215618523322274,3.4105919817068377,0.3722707870938586,0.4396610176430167,0.47367238833556363,0.7616293393567815,0.8757991839344146,0.6599461427078165,0.7660750059655747,0.8322419249522001,0.9194669576775122,1.1618112862239887,0.9060751117850088,0.9715180687360346,1.1846549234193033,1.2187407962783494,1.05934097362939,0.8733863581772461,0.8730273627753122,0.9411075283602474,1.038062591321968,1.2075701879809146,1.4405497953363995,1.861417667950763,2.236101461428975,2.5701262352225216,2.9256741226432363,3.1700478529386764,1.4080828146574083,1.2381727451968196,1.4755353496023536,1.5331215803321618,1.5849055014905542,1.5141179022874118,1.6198297286177645,1.6308024642925756,1.5586972870911908,1.7226429961193994,1.731796552518099,1.8733177142902737,1.88600763341555,1.9189150208357524,1.8981575845366832,0.580424592038882,0.5466473788107015,0.6733479461817494,0.2494395764497152,1.6025943971297096,1.0902750404103696,0.12558142189782198,0.08596695353543851,0.0,0.6163916275722892,0.0889351839492902,2.027942601204589,1.7010907868620104,1.3516957817359048,1.1889870646694747,1.1356675522323623,0.3940094174513662,0.43155497906353846,0.6416571088238316,0.6634450018924448,0.7578085603932767,0.8510856781376599,0.9676121345102028,1.1958556174468884,1.3298106996741508,1.5537440340049438,1.7210148850350788,2.1156893347861243,1.0231243990351409,1.527712382498658,1.4616853013187132,1.722515258235167,2.0171870593287253,2.2834432388455284,2.596198330115715,2.874583929695664,1.5632670769858246,1.7798931566753653,1.9168267339113303,2.0223692184066286,2.0220786513966256,2.12017802151134,2.2743778871336904,2.6152783490310525,2.7509485706792076,2.7622745080569193,2.8752813044897003,2.931146035236151,2.970505065127888,3.0647811847533877,3.0233388221592596,3.118281574703096,3.1483748268949987,3.200405309319432,3.230999780168483,3.3427161590619523,3.3873009526520117,3.440827440263882,3.6415702195338766,3.8615239074175305,4.051333070358904,4.338787725597036,3.5085946533658716,3.5651886034424036,3.629292806184524,3.661953519878641,3.664730247577379,3.7077050535757654,3.735794223955362,3.775262240780484,3.80138362112147,3.832502338112083
2.0538713883992874,1.8135989815251303,1.3667011919245242,1.2772903067343853,2.387109436345807,2.0212921185246473,2.3738656586042253,1.9160915666071157,2.336802153724993,2.276219569150846,1.9063384046167957,2.3043962146615864,2.0758092563784296,2.3189003440630533,2.420304414824569,1.8767757063296557,2.3137858144950236,1.9523646090393323,1.9727362195224274,2.233223326402899,1.8843665679571642,2.247198632530436,2.083302582653742,1.747423205903372,1.5624521056503913,1.8609746209068792,1.9909141190870114,1.8875673454881308,1.7040917519533831,1.9974187153312373,1.843242643720952,1.5948542741014524,1.5760356717600672,1.6239918552160575,1.5777735713343617,1.5488243056435096,1.5346931570553675,1.5325536176734702,1.4919143372422354,1.4229965016716482,1.5628882183785242,1.393778582128791,1.4724650231850462,1.3482940920207247,1.4995603437424525,1.5068454988124544,1.3553239638889072,1.6507510319288206,1.4584394669343916,1.491624123316414,1.5033134382056825,1.609720531786902,1.6490614525982061,1.746038699057756,1.8868047428581514,1.83924889750011,1.8530093479902061,1.902827379762478,1.8360009306938154,1.7572415640344,1.7735157808816362,1.788726767675841,2.1242470985595876,2.108837677085265,2.0686901297396645,2.057169399215653,2.1248343095507063,2.25644029177079,2.717726546135521,2.892245013812522,0.5734505882424403,0.569994429002746,0.4936665473462978,0.7036386257703031,0.816145365223673,0.4961016540757058,0.5695832189982403,0.5457007496229194,0.6344824499126919,0.9531715467704187,0.5475792581513462,0.5820729935526051,0.9114429305183102,0.9443330348945485,0.6458206614085266,0.3623209328597263,0.27107613433063454,0.3657517735241694,0.5471441962560334,0.818413324410201,1.142653478009511,1.6542139951119292,2.0774074979868487,2.4450055275078237,2.8456718189593575,3.1041179331573776,1.103753478441855,0.7475709209610176,1.0871245126474365,1.1608012214531793,1.2425055049423623,1.0663056236257924,1.2536040911287554,1.2155356321763637,1.0436325300194882,1.3502842018093617,1.248721895208963,1.4909788181026515,1.4409946614767755,1.4726666644151285,1.3914578618003444,0.9446218921923024,0.8567176335846417,0.39119935638457004,0.6645669115097793,1.0602096939133345,0.6074968046337803,0.6981906559590288,0.6293566914045287,0.6163916275722892,0.0,0.6307643470394071,1.4345141243364612,1.0988670520522752,0.7442824236676054,0.5821234889481594,0.5286131946510281,0.3712444222118871,0.7453745988361632,0.8747710548673274,0.7487871872258844,0.6187692858125747,0.5748788649393018,0.5830821171748691,0.6991250271743005,0.8025247342860666,0.9803718316108682,1.1126138506857202,1.5014937180622066,1.1806920923707946,1.3527786608084968,1.5194271229012464,1.4261684856745775,1.6244045613823355,1.8402501672056977,2.084354904986539,2.309494582328171,1.6491225657817088,1.8675879078514632,1.9423791510045016,1.930062660142288,2.0978289034397264,2.1906284152543196,2.307980030592724,2.6182192114176024,2.6763901201313094,2.7765018039929537,2.903073357305607,2.959250962306755,2.998891558741101,3.016668670614721,3.078024930375545,3.148520454823802,3.1902771421761145,3.2400565388638896,3.2747795295047917,3.3356694403727385,3.3120957663419364,3.315619091353359,3.410842068324649,3.5605603155923697,3.707009700741029,3.9438860228436927,3.553207378658856,3.598147372720392,3.64442278385179,3.6985927466056747,3.679035895423758,3.744742959117915,3.7756719137870705,3.801005663536085,3.8210495659077335,3.8517619770034166
1.9597015449627582,1.71412009717808,1.3584746925322841,1.3868911709231928,2.296666657026486,1.9535373610937883,2.3075234912309273,1.8742752247195804,2.2941063312754633,2.236249753431066,1.8917117726985722,2.2825165621863803,2.0712876415188104,2.320935930978515,2.3441003650362386,1.909855215186324,2.3250892231780167,1.9998313092066085,2.0347513026518818,2.287825175084272,1.975577389925155,2.327814097422617,2.270101350734374,1.980557689314445,1.7986334446032384,2.122871712027718,2.2741749811577017,2.189275359221893,2.0384511040614144,2.327663816021321,2.244734362154618,2.0857315787515778,2.0730303898375486,2.135646476818024,2.095725866870771,2.073131542989328,2.068541228052394,2.072569229535604,2.0349595419645534,1.9766476123321495,2.133183243639003,1.9695353487636293,2.056123440692613,1.955477328444963,2.118358294003371,2.133334808809171,1.9856148418402488,2.2793983018583774,2.089161675046685,2.122383524215266,2.132383502623617,2.2382735074136964,2.2741516725465885,2.3679684191207997,2.5084144632856527,2.4559393691085107,2.4665671686505632,2.4757387335781282,2.4463165285179733,2.359987092089526,2.3750345032582816,2.387176168217985,2.7208657141498387,2.7017914078738205,2.645478889531491,2.616195997937018,2.6865202604531566,2.816837955137954,3.1826776669630474,3.3745376435371903,0.4572074403217025,0.5231676512963152,0.5504717834958203,0.8433994398132256,0.9592514511897786,0.731055867491391,0.838279966379564,0.8985446298960312,0.9880249790403489,1.239814829192865,0.9672661155302229,1.0308422449910126,1.2581417395760055,1.2924767225790743,1.1175105589620102,0.914916718976897,0.8958462098653633,0.933753720356511,1.0112033021617102,1.1614580307877869,1.3797622762183437,1.788490848872227,2.1579473896351136,2.489000673947013,2.8415954518681206,3.0850886801437096,1.4809546903489736,1.2884244510705727,1.5408752718213095,1.6005298619444668,1.6555397865753296,1.572638589138084,1.6883614773674716,1.6940721247555475,1.6072089410076251,1.7910802535278612,1.78645566169754,1.9413763058856575,1.9467419906463004,1.9796097442507747,1.9495762383027435,0.6649499053122048,0.6344333102948216,0.7339043375036661,0.33811036630319863,1.6459826468367709,1.1399670186880537,0.2009630863266127,0.17423900534437287,0.0889351839492902,0.6307643470394071,0.0,2.057704022121495,1.726388186321421,1.3736631543801054,1.2110035273708744,1.157460511251912,0.35812427105914096,0.34331339854114473,0.5535257057916725,0.5831311372244177,0.6953515759022398,0.8004053013469339,0.9265848905132831,1.1668031777142702,1.3048005734230417,1.5382748688850925,1.7199475392062888,2.131891938920976,0.9348594181595482,1.4541367279967607,1.3747713622286026,1.6590633493608724,1.9636314970467172,2.2361019084958014,2.5604263123077504,2.851785993171989,1.4753285420723758,1.691618335781393,1.8299551494432131,1.940578412730769,1.9337979747156069,2.0319175624369517,2.1868104566895625,2.528266303034678,2.6668187268985095,2.674824015607871,2.7874235904892033,2.843252160542909,2.8825853759224445,2.9791731209834555,2.934897698847475,3.0302552573399497,3.0601080782250785,3.1121617912514483,3.142672396685812,3.255517152143199,3.3025710316029477,3.3585571367354223,3.566291798781689,3.7923692731703795,3.986643152433324,4.280121788263035,3.4201762487483314,3.4769560800764814,3.541406382363875,3.573629833351261,3.5768507913914895,3.6193635187121367,3.647399044754278,3.687109968644449,3.7133467743072126,3.7444653799033225
2.640113902232024,2.472057201180472,2.040001591240603,1.8026430817529346,2.8936713952223387,2.5689035136437703,2.8376709928479227,2.4460464469302745,2.763157744159744,2.710737742208942,2.389936111898686,2.6975463571609843,2.492057562982872,2.661485257217003,2.893520168317986,2.2803526708481003,2.6389720164228643,2.303729019212552,2.2887221311393344,2.4898092022949503,2.170523869158463,2.4454301206381577,2.0923592041942665,1.7754268685074577,1.6738647570565444,1.7688482388982834,1.7917964488623541,1.6799728722559903,1.4913668994216378,1.6664533233950158,1.3600419242772488,0.921065866258512,0.8890211320920348,0.8425694659608229,0.7974014998353764,0.7585974552932476,0.7083419403472236,0.6766888358391084,0.6510473637598312,0.5835300672820677,0.5155066144101988,0.4513018714999378,0.4036422580866817,0.2201345769348914,0.09404909613978182,0.10037048332653246,0.2094074801000218,0.25652204380807486,0.24993210696013193,0.2844268321874284,0.4060906019419878,0.46561810184315183,0.5682739779519451,0.6760893650477594,0.7724942155345702,0.8041383342440866,0.8487028543767914,1.200934179828559,0.8720621909822792,0.8981536792681634,0.9179224447043836,0.9525157887770629,1.1884925473348757,1.2043711052794808,1.2849657489973028,1.3816999927085731,1.413453575138765,1.5157323543036358,2.292061142241456,2.3713464871286805,1.8251268758401702,1.7748523110858196,1.6847267011299216,1.6104050234808542,1.61753519394734,1.5131252488645541,1.4573406421009751,1.349126137765355,1.3187381168961554,1.3979318268328638,1.2462545299113104,1.1795381352814494,1.279246592703411,1.2741671853426877,1.1023146496945582,1.1656667582681046,1.1641579725302573,1.2498916955909378,1.373407138619407,1.5864349862240268,1.8752374038423756,2.3511200630483624,2.757264157753584,3.1201414807040986,3.5491536383051456,3.805107400750109,1.2054952228286302,0.8834474353662384,0.9967549356509416,1.0340557608097931,1.1172884273530177,0.8319911065317364,1.0523680860764375,0.9064467057185711,0.6248347497049267,1.0447116302647819,0.6684227224099178,1.043150919081978,0.8163370575706574,0.817554200682737,0.5567720811507768,2.1197300326676345,2.021460245225315,1.4250543603571293,1.9857807642252372,0.518787722885439,1.0023401972803716,2.080658148595806,2.0171959599192557,2.027942601204589,1.4345141243364612,2.057704022121495,0.0,0.34366640432776124,0.6973192816020412,0.8551007831208548,0.9079819231644776,1.7898103587584842,2.1592511817517446,2.2428571873557024,2.0739388975253976,1.84625260603877,1.6991693265616923,1.5598948800905525,1.340941867935458,1.2442621882937086,1.0341799895790487,0.7334375901154605,0.3386160388501094,2.448858766206923,2.2039813239251425,2.6307724665085273,2.0297375942491733,1.9119543593729118,1.8865574078601548,1.774960823153349,1.6490816170674079,2.7678263322216043,2.954205568105181,2.9391924055936074,2.755799392831633,3.137871501654987,3.2118470422857346,3.263430057246233,3.489738082813221,3.410595965803587,3.6486755142960074,3.7843073789183044,3.8357564582851476,3.872248023608675,3.7588802749236376,3.9862387099304897,4.011916538992209,4.069138503728408,4.111345335133657,4.150071067793018,4.1208401371699575,3.9755310908065207,3.8805748906406827,3.7341345392415004,3.690936961946674,3.7019396402783986,3.7632376070450904,4.409880545363463,4.4322864540196205,4.444912277071913,4.532331036556225,4.475735600444677,4.5762190936517095,4.610037831092233,4.6095785128265705,4.617802279597542,4.645877962301841
2.4939883058879713,2.304912818781148,1.8525534066702696,1.632924060706166,2.772147413156875,2.4293856695871097,2.7246369821210297,2.306568838083797,2.656882308378558,2.601157670445191,2.258980088330023,2.5972075014769853,2.3800896057559404,2.5719581684806863,2.7796666303913207,2.163537102090321,2.552884835907734,2.200008092959219,2.192722979736655,2.4153186611815856,2.0765377346520397,2.383457485564105,2.063049141448919,1.7235255020973141,1.5929936029616454,1.7482158960482643,1.8015211410308607,1.6849815062190907,1.4833579782890085,1.7053182613099978,1.421951885570588,0.9994813521017832,0.9676655657314333,0.9518391423458956,0.89913691176431,0.8577923998586756,0.8141231623541119,0.7897970106317529,0.7516936897992258,0.666488445806472,0.6915359819897484,0.5506649869431438,0.5663293197174927,0.35213308827036605,0.4227823031785854,0.4082448669119761,0.2745530379602428,0.5534523677055796,0.3871504106303499,0.42751098353539674,0.4892397499768187,0.5924344955290185,0.6700276026074531,0.7853974652770331,0.9147973233741573,0.908355596664427,0.9418554567012044,1.1973929712152211,0.9480418709718185,0.9283306911296612,0.9488395606654891,0.9787737636455202,1.2765912803159576,1.2805658455326012,1.3189173730716184,1.3825793494452199,1.4292153233292373,1.5478611183619349,2.2568202213418984,2.365933620180243,1.5228864635402055,1.477909055548873,1.3858847119944107,1.350707738476063,1.3772005874087212,1.227468320636434,1.1861521437624545,1.0779804992645494,1.0647581101768584,1.2068169189367597,0.9761529100484372,0.9151876700355587,1.0881660073973733,1.0915862009885025,0.8499248521582315,0.8555623930962689,0.8305694562036486,0.9067560123839963,1.0389114848522005,1.2691747645624687,1.5756846257514445,2.0721449937609235,2.4900741987619126,2.8598496504279014,3.2895517405342294,3.5485676852100005,1.0716263652275118,0.6419618728888524,0.8770016047515333,0.9356641924824484,1.0355095867912611,0.714117905806413,0.9828475505332962,0.8417025389916516,0.49127230668277533,1.0092153959292731,0.646193040616308,1.0569953157789924,0.8563882775788999,0.8705630354031252,0.6290910340102169,1.8385098026029743,1.739375977179443,1.1281395269561714,1.6761007684034679,0.37901261261031116,0.7310016918504393,1.7607080731234197,1.6955943856261138,1.7010907868620104,1.0988670520522752,1.726388186321421,0.34366640432776124,0.0,0.35617813150382677,0.5168953964014522,0.5703244442715681,1.449292677002287,1.8172382885566745,1.8991918813179924,1.7305600507967371,1.5045200241191674,1.3596718266702719,1.2244687413352873,1.0198816345232071,0.9378926069436545,0.76592929387833,0.5139767060097196,0.45660366200832053,2.1088159068024654,1.8999684579252263,2.30446592276721,1.7546337279310116,1.6869226614938218,1.7118401867883024,1.6850643872624385,1.6604299044434347,2.4419682171415404,2.633306426816196,2.628895050063761,2.4662377937461533,2.82398442917159,2.9009422757002157,2.961757196505023,3.2023576294283522,3.1442508242703773,3.3625942849713737,3.4979140617625206,3.5504905588640527,3.5877481159642897,3.494832530020107,3.6971058918403243,3.7300006971410036,3.7851514911800854,3.8288432909373262,3.8671805501005108,3.8525549429086015,3.727200346398705,3.649326174532091,3.548772480629233,3.5464579006856356,3.588557067735585,3.693019186426622,4.131594746499668,4.157860557913291,4.1762267925768555,4.258554474150931,4.207885552564192,4.303069773022707,4.336590291074766,4.340494784769088,4.350787809140276,4.379477605565567
2.328475060383931,2.1198364147259223,1.6547911541622646,1.46261856213233,2.6287368823577033,2.272119171039289,2.590952379154577,2.151656172437136,2.5314439901742665,2.473103432876948,2.1143219838877245,2.479080559204712,2.2534966626276307,2.465785698743578,2.644304544499929,2.0364382573176125,2.4507133762480047,2.0862475535604337,2.0874826838811193,2.3281388795321214,1.9764736275932682,2.3102459538818603,2.03240306717514,1.6808191661503078,1.5248020879802537,1.7375630646076803,1.8202341257498946,1.703590381963963,1.498511208882532,1.7574616887839543,1.510552237212042,1.135542414012904,1.107256214576047,1.1194546312913771,1.0661342751356442,1.0276086903358699,0.9948780937018862,0.9795942486658962,0.9372359277584158,0.8528574237136874,0.9396207978240347,0.7733995943388727,0.8253992811135267,0.6505441085681978,0.7700752945657434,0.7643030294870333,0.612574918518273,0.9064955035783672,0.7185543076290009,0.7539768208036477,0.7818172203198138,0.8897084181220251,0.9453117808338187,1.0529388338509176,1.1917294964938256,1.1624286821933891,1.1861232229591234,1.3474363772551872,1.1800745327726365,1.1283928489150803,1.1475456641110944,1.1711002833170119,1.4970587398035973,1.4917611710950387,1.4940241422641798,1.5253767660981634,1.5829624591257472,1.7107135981905137,2.334276975545364,2.4705459195836723,1.1989783954133073,1.1605979606784742,1.0677390158221993,1.0818273531932434,1.1317548717611272,0.9292070989004803,0.908393881712043,0.8052156020051523,0.8167755384766123,1.0325321956368838,0.7109279699673648,0.6632396525114308,0.9231615017414675,0.9372141150854871,0.6228848712921119,0.5362052652672042,0.47873380773564006,0.5665042185622531,0.7318611573247986,0.9992727702348957,1.3325791538078244,1.853640844616547,2.2834734434161033,2.659164895712859,3.086237267989872,3.3477346393358656,0.9795873004792114,0.4686514125997475,0.8266827650722003,0.9016875922367321,1.0077616174616262,0.6971340356048183,0.9749879575353754,0.859611052279467,0.5269083240052977,1.0345013631017888,0.7476136518323637,1.1268154288915326,0.9753852663706116,0.9992002083922967,0.814867679959698,1.5342815978662405,1.4354066923798652,0.817977514205802,1.3428385401856215,0.4661729560688342,0.4884954969642278,1.417044263887363,1.3506827883309889,1.3516957817359048,0.7442824236676054,1.3736631543801054,0.6973192816020412,0.35617813150382677,0.0,0.1627782357399784,0.2162588294293173,1.0932028511337937,1.461938169047121,1.5491176303652971,1.3846471067864077,1.1673506065752803,1.0314485694476507,0.9105308078839,0.7507469683582474,0.7092772853176382,0.6383218100872595,0.5363220317051675,0.7696847052224739,1.775159007153535,1.6425123593417958,2.0015441899266686,1.5488352581270162,1.558558074221894,1.6497118778996798,1.7232076491879214,1.8003095795456452,2.13918894858368,2.3389212454980584,2.3532252601809853,2.2258396238579414,2.541040484384738,2.622663564961497,2.69826146799279,2.959553823704492,2.9325284076937077,3.120815511064176,3.2549669221132107,3.3089450542609735,3.3471453166979774,3.283951059021345,3.449185302451661,3.4924909764525385,3.544393542733819,3.5900479269378116,3.627661329039426,3.6338097510837852,3.5364018370855566,3.4816213547131634,3.4396845073538262,3.4859689778649963,3.563017625371764,3.713542403839398,3.897602439389618,3.929204532548198,3.955487699271304,4.030421669462927,3.9881714887343036,4.075646293913537,4.108629409423567,4.118564267005163,4.131663731178892,4.16108680483236
2.239360805868701,2.023014661227154,1.5557497542609764,1.3792010796038685,2.548103454738897,2.187113244065021,2.5149192336020185,2.068525102194778,2.4594794557891246,2.4002713341014967,2.036203690429835,2.410750360460309,2.182717423093747,2.403004002973036,2.5672441729428326,1.9670976970172804,2.3898566941897497,2.0226831276449784,2.0278620392377147,2.2749803790199703,1.9202733941176025,2.2636439364108303,2.0078310168089835,1.6549423370465057,1.4894739119135114,1.7257208024002149,1.8207575166245253,1.7056629823972749,1.5024145926451715,1.774018213957433,1.547279829005285,1.2011212208573685,1.1751107957520386,1.198480186075857,1.146385995096457,1.1101420413355434,1.0827559780432388,1.0714777822844428,1.0288729448905403,0.9479789008715741,1.0546636415570867,0.8848234458657273,0.947486277729909,0.7905254421041674,0.924342172240233,0.9250708517183696,0.7753313842985214,1.0687321266205634,0.8809290092142338,0.9159284972895609,0.9397375528951336,1.0475121470622082,1.098903307654046,1.2040510445279944,1.3438447286680808,1.3096255481278158,1.3307699847839838,1.4633304801219593,1.3217374799829107,1.2622879094931854,1.2807991443426432,1.3022488380826491,1.632813766083143,1.6248839735568306,1.6161764482289436,1.6366632662371576,1.6972966525602045,1.8269015233337884,2.4146824464179115,2.560727726948461,1.044298954854018,1.0089065036888787,0.9161638434851567,0.9546095857715393,1.0159072073810045,0.7887469924345433,0.7793775266312206,0.6814504511704107,0.7070968425346335,0.956295843384916,0.5948743741393052,0.5577635064693287,0.8556928112922266,0.8748243746961046,0.5358653791496316,0.3911666594972233,0.3159801859411042,0.4388655916102076,0.6343884999530813,0.9234421777733504,1.2679099085282213,1.797380638516057,2.230650478509404,2.607522355136694,3.0313795601510303,3.2933669749712613,0.9474352254174387,0.43372921255930963,0.8228453735999273,0.9014746019079017,1.0055800618050903,0.7184997169206794,0.9834959835657909,0.8856341007458204,0.5897532794667409,1.0556377476549608,0.8158343367629053,1.164401601136872,1.0391881767897495,1.0660623116357686,0.9113915706172154,1.386683774115519,1.288316842159055,0.6726589046608726,1.1842274354351878,0.5573735792073534,0.4034959181039924,1.2552768446796838,1.1886707960491465,1.1889870646694747,0.5821234889481594,1.2110035273708744,0.8551007831208548,0.5168953964014522,0.1627782357399784,0.0,0.05355380113352196,0.9349331660534813,1.3058035791334606,1.4004632123922869,1.24104094028111,1.0336925714856513,0.9076187544931655,0.8016934539344962,0.6845262101453237,0.6752003378428444,0.6707497428382844,0.6420566461745322,0.9302943985272069,1.6417463039241893,1.5645577962297774,1.890666937103248,1.5035488476291055,1.5553710743903504,1.6773794132107873,1.7933078195908174,1.9079078129895986,2.027826606592214,2.232514906062267,2.258937291580676,2.153856346081229,2.4413962713376036,2.5257073963703136,2.6102022895752586,2.8829040309473895,2.873610575794783,3.0442555682770167,3.177352354153695,3.231993083598507,3.2706345773237326,3.2242946913425206,3.3682082958100366,3.417383060759285,3.4673124577572074,3.513980861775424,3.551098383985423,3.5688706004818735,3.486876691153231,3.4444114611849423,3.432115205856191,3.5013934042003956,3.5941719216463164,3.764522118706983,3.8236007146878173,3.858124320984666,3.888738751751314,3.95943712199385,3.921920857372587,4.004971181357044,4.037595816828972,4.0508442941464065,4.065460571665407,4.095230835748159
2.214712804353874,1.9957872810276733,1.5283039449489995,1.3578570320077819,2.526226365926956,2.163980417114377,2.4946856637714396,2.046179623390243,2.440715669615857,2.3812525888799003,2.0156776193235637,2.393297256344605,2.164622381983501,2.3874882821076073,2.5466112388370377,1.9497571856442149,2.375020152079856,2.0072964665004633,2.0138428584262966,2.262913087491725,1.9075872984480924,2.253837711489963,2.0057985593797736,1.6530787686179647,1.4847931194537538,1.7283937822502216,1.8273173649515284,1.71293969191763,1.5107385911259479,1.7858427277098232,1.5659258612146798,1.2294176684750995,1.204155531207502,1.2306914657973977,1.1790990558014198,1.1436145410066454,1.1178166321831884,1.1076866916397488,1.065148494258898,0.9854865210213059,1.097162829074833,0.9268444613810358,0.9920424844250662,0.8397045850303118,0.9765019746341895,0.9784520264728642,0.8287450281812343,1.1222803019422465,0.9340958624500219,0.9689008989546348,0.9912705531383668,1.0989611936722739,1.1489517051276041,1.2532407871283537,1.3932860866248833,1.3574936131831925,1.3778096347266406,1.5011746614723123,1.3678384659715856,1.306018920615994,1.3243081569718884,1.3450763679397744,1.676789230381428,1.6680201095806217,1.6558194118433172,1.672830705129651,1.7343664613567122,1.8644397106710449,2.440152423796645,2.589284527297403,0.9952019824713814,0.9612068446914123,0.8686183614692202,0.9175269459376436,0.9832517661205964,0.74648213044821,0.7421552648791037,0.6470055334851145,0.6784393665837747,0.9391108974242784,0.5644549346425926,0.5323060667486386,0.8423581290828583,0.8632141668683864,0.5183970699103649,0.3489221190081199,0.26264132269869744,0.40005544158526263,0.6056230701648746,0.9005356754660793,1.2474986353196273,1.7786647082627514,2.212531798985073,2.589462379308989,3.0119834325047714,3.2739994740000338,0.9460069370795119,0.4383362271036496,0.831781160451027,0.9109850908492994,1.013800959856027,0.736370863853776,0.9952860682154503,0.9035299448167349,0.6210575539966862,1.0710345018971206,0.8466034029404538,1.1844223560262608,1.0675453118868832,1.0951999551501443,0.9494149763696983,1.3404650078236653,1.242384507987952,0.6285350301392496,1.133209386147925,0.5963145319645978,0.3897341324718608,1.2026143149463413,1.1358671497805655,1.1356675522323623,0.5286131946510281,1.157460511251912,0.9079819231644776,0.5703244442715681,0.2162588294293173,0.05355380113352196,0.0,0.8824573134383292,1.2538965423342974,1.3509263245095184,1.1932906880083203,0.9896647704419325,0.8674336987115119,0.7674593697136318,0.6668807522686426,0.6690545040604043,0.6865193215802889,0.6796033042966102,0.9827478685412413,1.5971496677981833,1.5389076414152836,1.8534511335298602,1.4890894682715599,1.5548178659763037,1.686664090924931,1.8161077595794113,1.94261268557377,1.9903411934968103,2.1965413260497066,2.226978359792363,2.1294291192943233,2.4075379876105703,2.4926902772811617,2.580080193253491,2.856399261971396,2.8529651965396656,3.01769941299255,3.1503888400968663,3.2052240834519115,3.243994490828198,3.203218763124859,3.340063917040651,3.3911454764446347,3.440409059435268,3.4873930746680935,3.5243349805975646,3.5459128875257755,3.469015933356451,3.430620503901011,3.4280842765213064,3.504894109004445,3.6028056006352402,3.7796143474687653,3.7975868677849096,3.833055795733183,3.865078536512049,3.93436956242415,3.8984135313368613,3.979991659686886,4.01248986652994,4.026818033784181,4.041926261344964,4.071801635360285
2.1625141225493105,1.9159897297615573,1.508577277067503,1.47707151261512,2.501271620672528,2.143856940886149,2.5009626829826064,2.0511155017452305,2.476178627424112,2.416458134774369,2.055541938053545,2.4544254401630887,2.232451826933268,2.4814835742724886,2.54249568782389,2.0501507393271003,2.481082532577904,2.1340368870248354,2.1619521600755287,2.421628014161339,2.08686886143771,2.4485899790216386,2.333201840681936,2.014351893011391,1.8281774970062554,2.141651448179375,2.2817567262851512,2.185029027316202,2.012812220541487,2.307057439105863,2.1776866360984677,1.9543868700141729,1.9369434647098407,1.9882693520060681,1.9431448005683285,1.915280467134552,1.9026896581484694,1.9014324674779293,1.8611120861966037,1.7932608356614514,1.9341283081410174,1.7650071166529757,1.843304908171238,1.7146252305233896,1.8589042197216712,1.857058359852399,1.6948397764288514,1.9955629986733303,1.7928254670502808,1.8230927836680568,1.8212918914560572,1.9249904607569372,1.95302696446505,2.041742494493689,2.181255339006054,2.1236317338008086,2.131501867689982,2.123073107970154,2.108881400198353,2.0182021266818673,2.032552956370671,2.0431481550054946,2.3751228115190974,2.3545934709813876,2.293394941874693,2.2607737990893826,2.331403146354716,2.4613742995323684,2.8282639703473684,3.0184619381946214,0.590145202079693,0.6291161671805963,0.5999096555035939,0.8899988134784738,1.0130068067655462,0.7118222573317828,0.8128302289474114,0.830646036938882,0.9257554181757133,1.2276035675683645,0.8646965950743033,0.9135113272926307,1.2113832692217112,1.2458776388933839,0.9885363508356131,0.7244339918391992,0.63687050562818,0.5961282977335854,0.6535021635036001,0.8144644855566229,1.0638071404731066,1.5171832407950292,1.9141442385036387,2.2648696139477047,2.642984329864508,2.8952910896084396,1.4210430080119385,1.1131717443166558,1.4321089968685465,1.5020407593139327,1.5754941646442293,1.426542290928797,1.5942617683533298,1.5694970280738314,1.4141779220968727,1.6939160738267915,1.61653927838407,1.8387753557773456,1.803326000582603,1.8353994091596877,1.7620670507062124,0.915923985789784,0.8543092694935553,0.6540318453649923,0.5746686233295959,1.431262742052266,0.9692873855748516,0.5146237194831915,0.4539188119531431,0.3940094174513662,0.3712444222118871,0.35812427105914096,1.7898103587584842,1.449292677002287,1.0932028511337937,0.9349331660534813,0.8824573134383292,0.0,0.37469835262356266,0.5123501990404824,0.4178474411121291,0.39877569110851013,0.4631013014704677,0.5736028231638137,0.8086924651833766,0.9473358240420904,1.1859354079723958,1.3843238801951354,1.82730911329987,0.8493554029523384,1.18978128764042,1.2349408071822936,1.3498731332233693,1.6281459952632866,1.8901970613985661,2.2041348868300528,2.4943991222926165,1.3554138803644054,1.5765455538052457,1.6792317224801845,1.7265756863237751,1.814521183182747,1.9105142897831533,2.0451091977127436,2.3720535752456557,2.469769161347222,2.52605643968632,2.6471099860233114,2.703457498325144,2.743183112666743,2.798151514791879,2.8109670490997556,2.8927244609892218,2.9294164654386283,2.980433488850025,3.0134660903915704,3.098213475570681,3.1091060613901,3.1401633735203736,3.300069448736444,3.49816381796681,3.6768674371524614,3.954002030173947,3.2926606667465332,3.343007596948458,3.397655390265673,3.442146690144781,3.4327763884381146,3.4882755037229125,3.518030535124462,3.549865465912789,3.5727778882086842,3.6037780251619163
2.3019821553891355,2.0567238641936525,1.6995195234887572,1.7167695399974245,2.6384562907548084,2.296617545477082,2.650259587165688,2.217576198987594,2.637341136771749,2.5795297609997276,2.234635654747837,2.6258107401271658,2.4141804696883074,2.6639132577274234,2.6864465571525153,2.250834355207821,2.667828257034158,2.3401918082630946,2.3741962688606897,2.6284957297892038,2.312241189284664,2.666709990368848,2.5958360416108985,2.295876551120716,2.1116644233844966,2.4330985385276884,2.580427826074863,2.4902833179085735,2.3291849948592467,2.6217542572410144,2.514709872968838,2.3145240153461057,2.298405765152478,2.3528943431723275,2.3089436288093017,2.2822395898112218,2.271332783626262,2.271100529591907,2.2311989143589397,2.1648023475905833,2.307761156390928,2.138951731383878,2.21779763155095,2.0886499662526066,2.2301266883293445,2.2238668725056203,2.056545180903825,2.3591857832891594,2.151338035374329,2.179830895331483,2.170195799193832,2.2716156107425336,2.2924299225127873,2.3751696297332705,2.512838402456138,2.448877098491497,2.4526735624866087,2.402713312333054,2.426409082652076,2.32845190602312,2.3413025859414525,2.3485483138739336,2.6744508960303257,2.650350690370423,2.574126320555217,2.5258514019213143,2.5978063188782303,2.7248678848376606,3.008219008414576,3.2098259964941067,0.7840314542570349,0.8445761507513239,0.852689205537989,1.153624852886605,1.274057065827881,1.0102630984677947,1.1174701522526085,1.1570887549478002,1.2513722506719713,1.5316665874100541,1.2069483112525294,1.2622569218516961,1.5333708022138548,1.5681387605334252,1.3423908160394316,1.0923759355396276,1.0114387086853918,0.9368869837043382,0.9309166843218765,0.9911647079577974,1.1392180982905522,1.4930425698074403,1.8416286545337643,2.162170202230451,2.505813285032407,2.7469652616939224,1.751181558459882,1.4810479974273805,1.7825904409734328,1.849104415249636,1.9155622890678807,1.788938610490428,1.9401405862340613,1.9261392989671369,1.7863449004905814,2.0414744753286818,1.985316764344195,2.1889829289446956,2.1664239962702054,2.1988039591949047,2.1341544436036437,1.0055617841785898,0.9777375044212046,0.9813792373299888,0.6809577714883215,1.8055834996137097,1.3351313825316944,0.539047003978607,0.5173803979035598,0.43155497906353846,0.7453745988361632,0.34331339854114473,2.1592511817517446,1.8172382885566745,1.461938169047121,1.3058035791334606,1.2538965423342974,0.37469835262356266,0.0,0.21022241736220898,0.28254342563265733,0.48492718643530486,0.6354587554214968,0.7931386425260353,1.0677559136674672,1.2155305296885444,1.4783585266955037,1.7109264515762435,2.1807811005769975,0.5915828688870722,1.1591744564085742,1.0329263140637233,1.4024246840346402,1.742585316567717,2.036392084050593,2.402568569416268,2.741580847386987,1.132059542678421,1.348354051532252,1.4880194662538337,1.6125570141176464,1.590538320825443,1.6886462591974638,1.8438055587997975,2.1859747516561203,2.3309916441023883,2.3319233107940778,2.4441741771807264,2.4999847522247465,2.539306826721011,2.6395575239546267,2.5917979985350788,2.686946636401427,2.716842633899844,2.76888424665555,2.799448718371006,2.912903263189494,2.9649460478198404,3.027527252752486,3.2570549201947627,3.5037264681360782,3.7133901313358013,4.027909411714886,3.077045612834522,3.1336739568478054,3.198138293583754,3.2304035135567633,3.233585622729908,3.276152016939595,3.3042407188682454,3.3438029871750308,3.3700360290198645,3.4011546000755843
2.511868001180946,2.266742350303752,1.9085007655313815,1.9204942780178536,2.848124512522558,2.5067952757822343,2.8603129815868056,2.427759151728828,2.847558073059726,2.7897521507740777,2.44455379542946,2.8359846806324334,2.6240742783539646,2.873854211775594,2.8963448157351683,2.4596762904972067,2.877620472230401,2.548691427993688,2.5822064538411102,2.8371191537249074,2.5188282717589376,2.8743672084564658,2.7966386342470164,2.491711707308893,2.306678330299999,2.62614362707043,2.7711995214187697,2.678516871975274,2.5125473110399845,2.806156833127604,2.6868561951843217,2.4660161200282613,2.448194477832801,2.4980905133409683,2.452264621469111,2.4235508078247063,2.409365265424836,2.4068688095784387,2.36602481186061,2.2958235803492095,2.4303993552338405,2.2601618129513095,2.334143799667377,2.190628488129402,2.3187670028406484,2.3005437762918337,2.1239048169799695,2.4283630273773866,2.212502743880576,2.237918996339757,2.2168814924232882,2.314508606163158,2.326112201007067,2.401316846472473,2.5359820278288616,2.4656325743450918,2.4652148519085237,2.37882652856073,2.4355130963165768,2.3313798961455383,2.342732179313963,2.346858904748537,2.6649110702042607,2.6378629193964067,2.5497282571637414,2.4897562313290975,2.5621448465704755,2.686121731295715,2.9138464860820354,3.1209296960791897,0.989188259872511,1.0476710070759636,1.049473752689298,1.3506786213925992,1.4723278979397216,1.1966945677013199,1.3024940400879823,1.3330928815148084,1.428168459871146,1.7186698935414464,1.374094340633913,1.4248446171281264,1.7127970962431451,1.7475165898639846,1.5007536292168966,1.2342273823654573,1.1268243117825962,0.9964397965442487,0.9394833646081934,0.9324627103476015,1.0190762723550537,1.3219526572289921,1.6520511381027736,1.9638887351300105,2.300684791971546,2.5401058050508807,1.9268068084345382,1.6218945073362898,1.9441482915620698,2.0135489517270955,2.0852366073016757,1.9377983025568521,2.105575960384929,2.081783248783946,1.9162624714715923,2.2056114522077634,2.1234589736510814,2.350899853829747,2.3140358927220377,2.345952225912242,2.2635182054675873,1.2150880510253736,1.1879562050219354,1.1559953060505774,0.8909861345981186,1.9250515398694086,1.4796696330998675,0.7486089043067999,0.7275318269335318,0.6416571088238316,0.8747710548673274,0.5535257057916725,2.2428571873557024,1.8991918813179924,1.5491176303652971,1.4004632123922869,1.3509263245095184,0.5123501990404824,0.21022241736220898,0.0,0.18937263483617603,0.4439723802005279,0.609879036226575,0.775145429037,1.0561309968654715,1.2040783085840812,1.4776706056068363,1.7365901989472268,2.2338583196932276,0.3815158098094847,0.9922738903935544,0.8238763823101026,1.2636431648976607,1.6260255873253961,1.9317726548961236,2.323250259868486,2.6909774561656534,0.9218416291650732,1.138254394250003,1.278721666588136,1.4143356470427244,1.3804396371311172,1.4785292432880885,1.6337180267436564,1.9763309242267482,2.1259138295315347,2.1218863374199795,2.233959427005936,2.2897652072593724,2.329085262179054,2.431687648169129,2.3818615043974476,2.4767295707817816,2.506724057843563,2.5587495754713485,2.5893791552826886,2.7030240437943704,2.7583788888881284,2.825507332197049,3.070028500390311,3.3305668399668438,3.5503731460553696,3.8784910926030003,2.867070835356064,2.9235316834811758,2.9879183020343807,3.0203279443614943,3.023366217662778,3.0660922980953083,3.0942359113081115,3.1336205222690183,3.159821383512125,3.1909400034484787
2.5286710503034224,2.282011026029317,1.897945529233501,1.8848133171973105,2.8670503306221997,2.5171298409071494,2.8733265512413313,2.4311015974748154,2.8546279507720382,2.7957321156786006,2.441615434040759,2.8378594510377924,2.620219001753408,2.870125888626505,2.912083663992476,2.44566904806053,2.8716529965519952,2.531958127035967,2.56227101198083,2.8204208941734557,2.4916793901564027,2.851579377381848,2.7481184515453982,2.431599153699831,2.245488584174666,2.559475180913298,2.699495409527828,2.6023564549083162,2.428654736083901,2.7229641556562276,2.5860693913585817,2.3426666308458453,2.323257703402056,2.3686946346571927,2.3213448353136563,2.2909690518764587,2.274043257279951,2.269688874861945,2.228225858997814,2.155276415552895,2.283212970747511,2.1125464798624236,2.1829888191303826,2.031184112497713,2.152005652155515,2.1284879031531077,1.9485981292883017,2.2531192986875537,2.03482687276355,2.059190068031443,2.0348660138341517,2.131403396721089,2.140963387284548,2.2147496726962825,2.3488696594154015,2.2777235032927,2.276856572402769,2.190000154151725,2.2468586707915135,2.142332851076006,2.1536054702496124,2.157604867828099,2.475546400752673,2.4485420124549724,2.3609820252778606,2.3022181852718884,2.3745769470603095,2.4990315116379738,2.7433893786460204,2.9481483146147354,0.9698263826976956,1.0200205758263274,1.0051109901533681,1.3016144926006514,1.4246960033996408,1.1289522535669292,1.2305977185615324,1.2469213126296381,1.3418332252957648,1.6454256089593091,1.275670438419818,1.320317506929836,1.6273565985394391,1.6617132821743543,1.390590368369114,1.1110298140708588,0.9838774665982716,0.8242033456371998,0.7527771456936482,0.7468787518633542,0.8608849669890196,1.2147588599583652,1.575215046180818,1.906681538634208,2.2654885457083282,2.512456507424662,1.834261502551941,1.4933042687297204,1.8338732952417083,1.906173238539442,1.9838224123361163,1.8143506409146462,1.9988538481848634,1.964307194565054,1.7765793013746032,2.096853611508139,1.989383085520918,2.238946597488577,2.18755006246659,2.218905894265777,2.1218210987872217,1.2429993404076016,1.201417956809074,1.0709045134177095,0.90337920506798,1.7776546235873028,1.3557858158106386,0.7839226607852942,0.747227571307243,0.6634450018924448,0.7487871872258844,0.5831311372244177,2.0739388975253976,1.7305600507967371,1.3846471067864077,1.24104094028111,1.1932906880083203,0.4178474411121291,0.28254342563265733,0.18937263483617603,0.0,0.2547496210746313,0.42078823397436615,0.5860402992239416,0.8669533417720404,1.0148050661760781,1.2887578573774405,1.5506439127282856,2.0535996033016355,0.43444171177954033,0.8801900558609554,0.8238091940485051,1.1204644410222637,1.4665802191242459,1.7656929582581793,2.146211478687359,2.5059992203095387,0.9402693891895642,1.1613498120347727,1.2741295302541291,1.359109862300704,1.4007862493628382,1.4974773442885552,1.6380163054557293,1.9711636387022249,2.090983258689089,2.1225338366705824,2.2408180598897087,2.2970844103072805,2.3367425415691927,2.4100595493174577,2.4001523321089464,2.4858941833024004,2.5205689177662642,2.5719485011691137,2.604302311257228,2.698959560781252,2.7287928238567396,2.77774162135671,2.98613807517822,3.2245802085909694,3.4315793398281706,3.7454779752209504,2.8833321677267874,2.935587556736337,2.993507401167517,3.0340863246436682,3.0287781195819434,3.080142140411434,3.109429126385652,3.143674422219073,3.167702237830506,3.198770503629077
2.560062119280024,2.3137315714045803,1.9001372904818281,1.8529077689814295,2.898677532621213,2.540021505647306,2.897040160811884,2.4454468327431917,2.870531366691835,2.8105919795899403,2.4474413274089377,2.8469209666330966,2.6232365990039064,2.8714367908363547,2.9391710564639277,2.4365300811689723,2.8699389489439064,2.518338435625059,2.5440414087602474,2.8045670334991297,2.4642478426325773,2.8272419894285576,2.6892685118887396,2.3591880179542324,2.17336724312452,2.4768281593160313,2.6087721718651875,2.5060731768231364,2.3227904301878253,2.615965710345697,2.455041408241168,2.1807272621600418,2.1591313208163276,2.1977970234376807,2.1485017904659225,2.115875935802934,2.095034381666212,2.087979076381955,2.0458441941854857,1.969269201639628,2.0867411693309452,1.9162989682081881,1.9811380132101817,1.8177071585311995,1.9272606580527063,1.8960751449027935,1.7118537977612098,2.0158870498072967,1.794486372454159,1.8173117133276195,1.788422469689159,1.883399755004446,1.8902883454721366,1.962316826956874,2.0957908102886043,2.023822040767121,2.0225442693427964,1.9377461859959757,1.9923184379134313,1.8875940498209685,1.8988559063362462,1.9028904811986964,2.221343194624163,2.1946302051443007,2.1089097939395094,2.0530261199497133,2.125288968808034,2.250725583422631,2.5252269653306088,2.725650894034443,0.9882999488702784,1.0244335796319375,0.9870523071355439,1.2642300595543479,1.385652534695561,1.0709860561016482,1.1625530963730988,1.1569673293055946,1.2487684239098968,1.5646272967073434,1.166127149567459,1.2001215202273585,1.5291093873965105,1.5623076772046314,1.259973332547904,0.9672498668228854,0.8107552483438277,0.60088225486917,0.5015366569620665,0.5066255912815929,0.6844265060231878,1.1186230960195713,1.5167885106612096,1.8709219432554438,2.256009538463232,2.5109075329933996,1.7222555300419775,1.3320520993880818,1.695716302512702,1.7714480202556164,1.856973497614456,1.656709603582903,1.864065916230874,1.814012686891049,1.5946935053468991,1.9581111273211966,1.8141462430957138,2.094322990704202,2.02207188831065,2.0523856488575074,1.934310979648136,1.3106725539896271,1.2521613148813395,0.9893636685725382,0.967069680905997,1.583952029199978,1.204459610864736,0.88335993527815,0.8312550707341149,0.7578085603932767,0.6187692858125747,0.6953515759022398,1.84625260603877,1.5045200241191674,1.1673506065752803,1.0336925714856513,0.9896647704419325,0.39877569110851013,0.48492718643530486,0.4439723802005279,0.2547496210746313,0.0,0.1660945758840632,0.3313073869664351,0.6122047942801103,0.7601059817477357,1.0340858773558155,1.2992772583742198,1.8095733440439778,0.6082931855517331,0.7911734861779038,0.9019315711970077,0.9647565870355373,1.2742797222031879,1.5587007054591748,1.9176894757349607,2.2619820115091223,1.0334113580956363,1.2504324137807152,1.324679304823531,1.337870680009431,1.4792555659950344,1.57187557424302,1.6907815657001521,2.0059613562721177,2.08393641472425,2.163015026480217,2.2880848829089455,2.34436091189129,2.3840605570965065,2.417659637984976,2.4606753613291814,2.533791086606943,2.5742694094695726,2.624382359678392,2.6587205508788694,2.727665562359858,2.722820253778157,2.7462455035972146,2.901754591194163,3.1064943359063557,3.293524799818233,3.584961340420451,2.9374973000119287,2.983925968312687,3.0329862838674675,3.0840538835196436,3.067809425284411,3.1302242724569185,3.160841376380163,3.1881587466183383,3.209194457371932,3.240028226538524
2.588424312500855,2.3437143979182653,1.9143736181636715,1.8452466345045773,2.925639448900396,2.563035429109068,2.9189179335707047,2.463479485142746,2.8874778814240143,2.827120752177411,2.4599513125459325,2.8595377045702604,2.632971809024991,2.8789145722183083,2.9630519158652113,2.439361322200757,2.8754533728390737,2.5177721317761437,2.540311040433449,2.8011225002384674,2.454901565069424,2.818124169643651,2.657865046227094,2.320382847567531,2.1359513858327595,2.4304240769919367,2.556228316655446,2.4502242440524484,2.2613150191630305,2.5522715249866756,2.375450150236333,2.080577522380778,2.057515863233485,2.0911530059371803,2.04067037134313,2.006564032436231,1.9829799607874778,1.9739958890933338,1.9315532340821253,1.852669933914496,1.9620162964668917,1.792390132486193,1.8528410241248996,1.681342778668003,1.782183803898484,1.7453817170230754,1.5582531449547476,1.8614882183304367,1.6380840849051497,1.6597522649446848,1.6275740649959745,1.7213885623929186,1.726442141544756,1.7973200434157701,1.9303937802967246,1.8579838146649723,1.8565248198842876,1.774661124983734,1.8262323790877564,1.7215499585261838,1.7328583477037276,1.7370332054916329,2.05619108110165,2.0298074281061647,1.9459545885080785,1.8927730004944159,1.9649132301032568,2.0911693461546,2.390128093137916,2.5868367621867443,1.0292987251025578,1.0554533279242468,1.0048809618010672,1.2616079715999264,1.3795233405201008,1.0592453411434222,1.1413100459132888,1.1203351110615252,1.2078485895331401,1.5271245445786141,1.1150253396054306,1.140398759546745,1.4798273722720203,1.51176978777831,1.1913266301788972,0.8951525474298415,0.7193918280087482,0.4688452331396049,0.33902685379491304,0.3640930964348168,0.6055731595884701,1.0894590551625456,1.5064602799784692,1.8715972325837646,2.270797800946795,2.529280484606536,1.6609665578985984,1.2390684323103602,1.6159156959825105,1.6934551997789267,1.7839109847323005,1.5629897061631155,1.785275526022629,1.7244185203412916,1.483345010919423,1.8758107538680262,1.7062878939720567,2.006978500980906,1.9201627648813908,1.9495665367296557,1.8167679372761403,1.373600120088509,1.306010569212277,0.9635942604164442,1.0357544969803338,1.4636968598057307,1.1210630186152992,0.97459186611781,0.916047164598092,0.8510856781376599,0.5748788649393018,0.8004053013469339,1.6991693265616923,1.3596718266702719,1.0314485694476507,0.9076187544931655,0.8674336987115119,0.4631013014704677,0.6354587554214968,0.609879036226575,0.42078823397436615,0.1660945758840632,0.0,0.16526755568525436,0.44626468349360726,0.5943490349814641,0.8679946322273301,1.135179573261253,1.6504544876441023,0.7497466023654369,0.7793963900889306,0.9900557533721006,0.8933830780732525,1.1662459719307234,1.4358721446769749,1.7754378398462864,2.106149467594946,1.1259215804593874,1.3363787228364172,1.3871916746174306,1.3554603604549458,1.5557829161862256,1.644895317271249,1.7495900130298707,2.050786303328829,2.1015653422759137,2.210194511759955,2.338657705326374,2.3946032346721826,2.4341005872195725,2.4424503527875516,2.5184577249579125,2.5833940544723855,2.6272766374128476,2.6763680118839197,2.7117808744415566,2.7643060144031093,2.7372567263679075,2.7438490940599696,2.8630496729431725,3.043694600072614,3.216128674960924,3.4909312412833926,2.9892642102472333,3.031884002876234,3.075203381346496,3.132680194725253,3.109621052404602,3.1787679730313387,3.2101181570871185,3.233000379536422,3.2520846143594633,3.2826730047955843
2.632554319424504,2.3904182151557642,1.948429686690948,1.8584071480010522,2.9672832856149136,2.602117975636604,2.9556671947341893,2.4981584541873643,2.919536941686603,2.85896829172247,2.4892829528344596,2.8874656457206904,2.65888550341402,2.9017486582069254,3.001607974936984,2.459313839258416,2.8963702977820405,2.5340326698819267,2.553347599929703,2.813447029920017,2.46273353485943,2.8247534739916302,2.642639960133589,2.2990583370351727,2.1170517012434233,2.4007419073587757,2.51964424007807,2.4106273081473453,2.216671894109839,2.504029107721775,2.310987772781283,1.994891170473794,1.9702985045001025,1.9981467990449997,1.9465425748146565,1.9109114196737575,1.8843137507787073,1.8731660857880632,1.8305590539625467,1.7493835648307081,1.8488284787083762,1.680856799088662,1.7358752749881872,1.5553743252404097,1.6451874927937886,1.6014498439263023,1.4109938999945293,1.7126510527366996,1.4869975041089432,1.5071060114407429,1.4705416393431197,1.5626793371444707,1.5651387611302647,1.634277520940941,1.7666953311542715,1.6935229048362757,1.6916734140949874,1.6118064807907477,1.6611649051498678,1.556292552490021,1.567590822158255,1.5718007379678873,1.8914211196725899,1.865307685262818,1.7831820794189241,1.7327282682101237,1.8047080036845013,1.931740767927376,2.2560972934290433,2.4486043712884538,1.0991628300678316,1.1158476251984175,1.0543715992465699,1.2864495684919592,1.3991234752250754,1.0791673194851263,1.149938604568956,1.113665642691864,1.194970822232492,1.5131509077412224,1.0932138926065518,1.1087589713362713,1.454103968627694,1.4843437756962994,1.148937381440005,0.8558998146477758,0.6639949070457896,0.3714361484290268,0.18675507429648744,0.24752131490362209,0.5599583006339252,1.0791717333409234,1.5083171616809905,1.880870869974874,2.291455330513498,2.5522561635790018,1.6205665829024174,1.1683673801704046,1.5558190782618506,1.6346794455053129,1.7297953368579426,1.4878103840091959,1.7249116128261741,1.652575876311507,1.3885079675969914,1.8109783074996393,1.6138958409615978,1.93583034479135,1.8332944322382474,1.8615211471169488,1.7125617169250642,1.4575250129370347,1.3827127186682986,0.9719896114207764,1.1292640762221295,1.3584305207486305,1.0633580091952783,1.0873880565945246,1.0247899829504121,0.9676121345102028,0.5830821171748691,0.9265848905132831,1.5598948800905525,1.2244687413352873,0.9105308078839,0.8016934539344962,0.7674593697136318,0.5736028231638137,0.7931386425260353,0.775145429037,0.5860402992239416,0.3313073869664351,0.16526755568525436,0.0,0.28102346208465206,0.4292279271619017,0.7028155472400631,0.9738565522079663,1.495742740131354,0.8964586959731381,0.7965258887998656,1.0913977951060136,0.8431877992919069,1.0684532172892423,1.3185742170119499,1.634959239529176,1.9505581234274403,1.2289580632585868,1.4312433144441672,1.4603258717825693,1.3867474166221667,1.6401228644523098,1.7252990803987263,1.815953655205407,2.101866530600914,2.125961246027645,2.2626749377088493,2.3937997337522705,2.449185043332634,2.4883229164039204,2.472097140087226,2.5798125505260328,2.6366163601247234,2.6836348666521785,2.731569759690568,2.767905189516409,2.804293817032945,2.7555470818629897,2.7454343642367114,2.8277672851470377,2.9833838587775885,3.140487065588278,3.3977523798027573,3.0433058719187502,3.0821033364257,3.119705655746192,3.183288852589063,3.1536360847983005,3.2291818325179897,3.261171453028353,3.2796678628441494,3.2967981675507607,3.327074079486426
2.734816093030536,2.4988129043918996,2.0418849575623788,1.919703037100602,3.06323295333662,2.696535860556779,3.0437759328826606,2.5863796039507903,3.0002636757322745,2.939763532748138,2.568948187967818,2.9616732336961986,2.7315240090752035,2.967510931804509,3.0923551937021743,2.523987451336751,2.9590173284663615,2.591936931546159,2.6057549426686686,2.8624995054903732,2.5073835825571824,2.8642381950057985,2.646717142503239,2.2962043603953117,2.1206975768398073,2.38227156984544,2.487892300248893,2.374687852780024,2.174035817424937,2.451825772468603,2.2315397653543076,1.8797218553820332,1.8525376223762764,1.8689015197129133,1.815796646776429,1.7776820605649832,1.745558437754332,1.7303094242506847,1.6879716727600211,1.6034460398939736,1.6816174082887099,1.5193174211355784,1.5624018614308695,1.3655396972215885,1.4303660742727944,1.3716865052231988,1.175372612834113,1.471074082173217,1.2417334906266955,1.2580340494447826,1.2111751523426764,1.2988856467928025,1.2949883966596227,1.3596609106129431,1.4902968045048963,1.4151697423409093,1.4122287406923844,1.3349685799666609,1.3810692693424982,1.2754690721877595,1.286658960840619,1.290777394878576,1.6109610022458234,1.585292728055531,1.5063782878710479,1.4613829550667787,1.5329341719488065,1.661330909680004,2.0345919172007236,2.2181836927893293,1.2643241318752039,1.2673548473361573,1.192785859346838,1.379802751795365,1.4808605675164965,1.172949219394704,1.2230295397733206,1.163787308281637,1.2312054567267108,1.5368581038012685,1.1191256633893256,1.1170025686282319,1.4593895509319608,1.485813565286986,1.136259341040376,0.8670811119917925,0.6664811164990176,0.35837571182475536,0.1593946503478314,0.2506606002974291,0.5844389349374793,1.1128565006705464,1.5462585149250885,1.9231687975958338,2.3468687714264687,2.6088502176880364,1.5957314002036078,1.102207285426652,1.4968623819475415,1.5762876119224667,1.6778905726742879,1.4022241214476918,1.661671786809967,1.5694517799159053,1.2669648094808565,1.737851900051691,1.4919659636393354,1.8489015580742834,1.718211256059488,1.7437342859597218,1.565360972217908,1.6337370986825313,1.550134663998699,1.0535513723555874,1.3251633087109944,1.2163250654162092,1.02701172118998,1.3087032086714743,1.2424137782676357,1.1958556174468884,0.6991250271743005,1.1668031777142702,1.340941867935458,1.0198816345232071,0.7507469683582474,0.6845262101453237,0.6668807522686426,0.8086924651833766,1.0677559136674672,1.0561309968654715,0.8669533417720404,0.6122047942801103,0.44626468349360726,0.28102346208465206,0.0,0.14850189929107022,0.422602288685892,0.70589905848775,1.2418387222889393,1.155359363258557,0.8921303604418241,1.2902663126968201,0.8232718711817335,0.9402826215790062,1.1412933758915154,1.4045329202280583,1.6877302549761326,1.4271004285321593,1.6142778239190918,1.6111692264632467,1.4755796651100208,1.8045155850172112,1.8825853717547567,1.950571204412378,2.2088234872105565,2.1895279579241835,2.3700973828741967,2.5042208151824568,2.558217134120002,2.596442506442384,2.540435559918422,2.698645987076182,2.741936997949781,2.793668787055856,2.8393949765779634,2.876970303262528,2.8868451150585153,2.8026311334037057,2.764584193542004,2.7830218847786212,2.893542014760838,3.0224087752364865,3.246996453312423,3.1472692548959644,3.179610386124854,3.2076366047138194,3.280872774328359,3.2405746315909196,3.326204436874146,3.3590761199676122,3.3702850763869607,3.3841155192931276,3.413722933164107
2.808912835414882,2.576664148507903,2.1149439393447507,1.9782830471559805,3.1333068987247263,2.767015878323911,3.1101074989214186,2.6542953318922327,3.063127370408872,3.00284607303535,2.632805608924903,3.021464347436855,2.7913302047583737,3.023124984168059,3.1598315815084717,2.5807295324046993,3.0131174508041565,2.645052759479507,2.6560887855954767,2.9101609988583648,2.5542929383126975,2.907088533381908,2.6723474560315075,2.3200315662991553,2.1490087399511943,2.3974245351243955,2.4954301104230465,2.3805878626399,2.1775551028459956,2.448520683939713,2.214449859992541,1.8446812449231853,1.816198474244896,1.8256250520280701,1.7720561040265908,1.7327757743898053,1.6975948102826575,1.6799846978201054,1.638196997376546,1.5524400248253585,1.6165815001218224,1.459426496121853,1.4944386468024335,1.2888478189216095,1.3358379620463106,1.2669211255829522,1.0678867543889525,1.3569615502821037,1.1262171883747156,1.1394158758810649,1.084479701894525,1.1681121148167222,1.1587508051941613,1.219238427712023,1.348033519443211,1.2710015824568566,1.2668476266784194,1.1875093888674704,1.234891573421832,1.128173777934014,1.1391067002956092,1.1428023135859324,1.4624666809725047,1.4368061798764193,1.3588841016524593,1.3164699945840703,1.3877518453172737,1.5167408734150316,1.916231521482378,2.094407254367879,1.374721905495905,1.3722984883293403,1.2933602607274675,1.4586539064238797,1.5532077080868978,1.2550650224093112,1.2950843092078963,1.2263810147752932,1.2859159625148393,1.5807637353671362,1.1711815397469552,1.1604479276648845,1.4950742570999205,1.519185490969026,1.1686661705643118,0.9194318542860976,0.7243574049680028,0.44145206768209394,0.29395570767283885,0.3500531375096845,0.6380878070577136,1.1471490900274388,1.5750052337410512,1.9502470554771307,2.377848571826967,2.6391349292614006,1.6139966346562624,1.1067071161598687,1.4979796574566195,1.576669852631183,1.680636897870131,1.3897441367924297,1.6583601581400773,1.5560639201608455,1.235501575702531,1.7282144724243715,1.4568693943666047,1.8304200826236876,1.684661370074341,1.7083435554526563,1.5139727210671532,1.745726032752242,1.659057917600137,1.1326721084439064,1.4468288603692607,1.1730227939365034,1.0498711504780864,1.4397052546653186,1.3724806178602427,1.3298106996741508,0.8025247342860666,1.3048005734230417,1.2442621882937086,0.9378926069436545,0.7092772853176382,0.6752003378428444,0.6690545040604043,0.9473358240420904,1.2155305296885444,1.2040783085840812,1.0148050661760781,0.7601059817477357,0.5943490349814641,0.4292279271619017,0.14850189929107022,0.0,0.27762455690955123,0.5749990799568135,1.119459524956821,1.2919713411132165,0.9625111739645464,1.3994876757084793,0.8396004294922098,0.8897225153703165,1.0556791535896421,1.2834672649163412,1.5470685216461364,1.5348555982815864,1.713622668398486,1.6951833387574415,1.5308730342445898,1.8936554839823363,1.9677738627961772,2.0241608446661066,2.2669965821640323,2.225648422461025,2.427671810421632,2.5627140761989033,2.615772161020064,2.65337388240465,2.5771254711942273,2.760678570811256,2.796872051240552,2.850844970040301,2.8952767360590093,2.93336577144091,2.929498209999586,2.827142771779597,2.774605763243515,2.7590549498856727,2.8449107842884565,2.958106075916172,3.1644704164036868,3.200205873564026,3.229106016791079,3.2520758759428254,3.33013393529741,3.2844055335042426,3.375055994593526,3.408303503344577,3.4156885346011427,3.427763718192662,3.4569479792456033
2.8967261778210447,2.673535299575266,2.206574641309978,2.043673397324608,3.211237069834001,2.8479396458469326,3.1807497104522104,2.7309640952039738,3.1272006609181138,3.06770222053446,2.7016850806652446,3.079756646551137,2.8511387920477196,3.0732538957883917,3.232470040044499,2.6361787920039546,3.0603621926053557,2.692963539671059,2.6985417053744905,2.945602593098618,2.591006318321652,2.9332952777797594,2.6675475435967706,2.3151850831673526,2.154635093812435,2.3754576733649158,2.4582608881363246,2.3415064711591596,2.1363482743192024,2.391659735863771,2.134628193091222,1.736826240570451,1.7064067923676522,1.7029357910108451,1.6493652304389128,1.6085969185800633,1.5683957134522113,1.5467488400218403,1.506731741327483,1.4203835006270382,1.457462898869443,1.3128571919080905,1.332177588551752,1.1149022243713118,1.1279660426456084,1.0418743914610955,0.8416227093153692,1.1148132490111966,0.8844781255698436,0.8922094680493726,0.8248255046464704,0.9019868254193739,0.8860049015065731,0.9427768401569797,1.07063696184458,0.9934136222087091,0.9897253792400719,0.9374958570764362,0.9584907233664257,0.8538681304486617,0.8655880640750836,0.8711223063785851,1.1962663989327422,1.173006859650578,1.1075297614577868,1.081458161221681,1.1507102306467503,1.281811122130905,1.7671785246354526,1.9282290714715158,1.5495157464473135,1.5365341593624207,1.4507904233555304,1.5715422278846924,1.6518615190705705,1.3789823813018307,1.3993167621118516,1.3153229054381887,1.3584597037450545,1.6253644726369898,1.24284975400959,1.2168354435019064,1.5263586975583112,1.5455447431715774,1.2045082361329924,1.0036021638077668,0.8319647199662705,0.6189786338654375,0.5474491097552175,0.6155989155754171,0.8520407237879987,1.317183914661239,1.727932943480152,2.0955264854725564,2.5252527542161056,2.7836532091780337,1.6098591053779452,1.0937494105534753,1.4646328843210665,1.5399681741564026,1.646023977234692,1.3340037280868633,1.612904129110133,1.4941100605506814,1.1491380859445446,1.669521139978999,1.356750384764991,1.7534095246967092,1.5823433617250964,1.6021678183577464,1.3820259261764518,1.9188395854439204,1.8269137793174242,1.2548435743055695,1.6432128763956293,1.0664697906481602,1.0737350768396214,1.6560438751680717,1.5874302636046163,1.5537440340049438,0.9803718316108682,1.5382748688850925,1.0341799895790487,0.76592929387833,0.6383218100872595,0.6707497428382844,0.6865193215802889,1.1859354079723958,1.4783585266955037,1.4776706056068363,1.2887578573774405,1.0340858773558155,0.8679946322273301,0.7028155472400631,0.422602288685892,0.27762455690955123,0.0,0.3175300292653582,0.866281308634109,1.5682254711721764,1.1828069876375868,1.655143315571115,0.9963101782825593,0.9320883770791087,1.0124679850264122,1.1370799566337801,1.329364297490136,1.7884226376877344,1.9575664344655574,1.9216498080210618,1.7223197975620281,2.1250085221312873,2.1939510415126886,2.2353207169130687,2.45563880535512,2.3821828782489587,2.6145006603486953,2.7501350069704427,2.8015818788540385,2.838101099691786,2.7320246803345976,2.9522374740370494,2.9780306513483903,3.035037267569124,3.0773960912492093,3.116080544568596,3.091669215392297,2.9613261013133023,2.885240667771631,2.809804748512018,2.8476575936952244,2.9280803163876676,3.0939033006262333,3.3768073797125195,3.400445368760057,3.415640032033874,3.500764204782004,3.446915267235525,3.54491404010561,3.578621380754914,3.5801501686174366,3.589483382404654,3.617915134701263
2.8647643427698295,2.6550599925024794,2.189202924244486,1.9989207643851128,3.16447397492767,2.8083834890986483,3.1257584989740317,2.6878128183671324,3.065108761086869,3.0070860454391557,2.6498229226189585,3.011482649467264,2.7870063428307086,2.9957511684316023,3.179334611668639,2.569701582329572,2.9797241551493316,2.6171665837784657,2.6165089465547595,2.8528894857308282,2.5039332610025307,2.8304826719853815,2.5341040449322096,2.1865616917949513,2.040196956380012,2.2276737592723923,2.2935112671472395,2.1763661674532724,1.9722129075323307,2.2077500320183208,1.931417999688949,1.5129560098346846,1.48125727839539,1.4654831717853105,1.4129304764520292,1.3715654944259723,1.3274131330458256,1.3023913340133888,1.2649339104043078,1.1801144059753523,1.1911154546526592,1.0613900803016667,1.0655317011710308,0.8430339319388371,0.8274235837703611,0.7314191777047381,0.5327111760975235,0.7977493681552035,0.5679447933129856,0.5747412299243221,0.5101795293270119,0.593518439980131,0.5913280473548144,0.6653814871762538,0.8020518486032705,0.7396575827599052,0.7473626120002244,0.821610846036363,0.7263797131682398,0.644691703131236,0.6611796915200594,0.6775713459400725,1.0129876138315665,0.9996715310499457,0.9770893134053343,0.9947813079562906,1.0552561035876273,1.185017902928398,1.8021611018759456,1.934682813463161,1.650992773996463,1.6251311897615417,1.534023639512561,1.5963937421360974,1.6569782276616902,1.4248795588818406,1.421063893251577,1.3234505867198796,1.345336772698295,1.568597408680657,1.23519712938982,1.1932759823319246,1.458188632720396,1.471016101087733,1.1582319756021517,1.02814274521755,0.9007274925388798,0.7886665761100597,0.7980075154205221,0.9235855683222335,1.169205942292695,1.6230834514776449,2.024642641731521,2.3867192204092555,2.8157175996185337,3.071802342295293,1.4986991806330643,0.9996415840668605,1.326606864408348,1.3954159389345655,1.500220558537601,1.1769488692249646,1.4564268596089185,1.323847734370418,0.9677562459012929,1.4972622859455353,1.1508908354098115,1.5599881892949314,1.3673795132328221,1.3828600023967121,1.1428973931139976,2.008587922075431,1.911909759647631,1.3049799903615673,1.7701487204787054,0.8675071356518179,1.02348076030748,1.8101450030227941,1.7411401846051398,1.7210148850350788,1.1126138506857202,1.7199475392062888,0.7334375901154605,0.5139767060097196,0.5363220317051675,0.6420566461745322,0.6796033042966102,1.3843238801951354,1.7109264515762435,1.7365901989472268,1.5506439127282856,1.2992772583742198,1.135179573261253,0.9738565522079663,0.70589905848775,0.5749990799568135,0.3175300292653582,0.0,0.5491288016422167,1.8612257745209586,1.4999461364301392,1.9694033264547384,1.3009727149634167,1.1852250191250933,1.1978835184526162,1.2013461069339755,1.267222503430187,2.1034378052993143,2.2745969115500113,2.2388323034907764,2.0329870116367905,2.442449864363711,2.511019147158505,2.5500489714015484,2.7638307569934972,2.6775461055654115,2.9218004018173045,3.0574396847714547,3.108228451731157,3.1442940595798046,3.0255536261947737,3.2607347162235243,3.282651818138849,3.340755504295221,3.382255631371135,3.421122091983929,3.3878536942632955,3.243332546909658,3.1535312335826537,3.036402754290058,3.0337861353599993,3.082708686511184,3.204876715975758,3.6790191354808712,3.700333461045502,3.711914536533944,3.800195758730197,3.7426346310228165,3.843935740830486,3.877808011904274,3.876603393834867,3.8845989945028885,3.9126195665908208
2.9252382763506066,2.744725698793324,2.298599523400608,2.071984536975794,3.1916433330853233,2.857407669736509,3.139407382795539,2.734315851837756,3.0676845188072255,3.0137584111035296,2.682398431148368,3.0044108437165074,2.793598383782802,2.972506507317579,3.1949857021598342,2.5792260075184683,2.951228043217327,2.608341496461066,2.5964228436429995,2.805845686009367,2.478689714453067,2.7653913238457886,2.4202278328186395,2.096469256925086,1.9850777306772338,2.097743350400838,2.1262015446931675,2.013386848582462,1.8218292771303302,2.003847091049053,1.6983638732321453,1.2593320352508064,1.2272130151737868,1.1810729657344317,1.13601465371859,1.0971492299609533,1.0469279200847965,1.01530457242669,0.9893514225373226,0.9200339714927871,0.8513399706040805,0.7873068688386515,0.7421178505120194,0.54865688790067,0.4083310706697287,0.26941194430470017,0.19219601806811584,0.26207791228076477,0.09133320642449297,0.054592739313107264,0.07023187621640069,0.14105992936063227,0.23607732440895202,0.34999972797302986,0.46644023126438117,0.4786726271645104,0.5199270832573071,0.8628947811962759,0.5386977732532996,0.5595390805332219,0.5793264634693344,0.6139002578390966,0.8618427264095129,0.8742501608720772,0.94750345317682,1.0431533670252275,1.075024644931326,1.178712659186866,1.9545071511231575,2.03278231050161,1.9655594230526405,1.9239814481897584,1.8313748472543319,1.80709551759061,1.8333297855638548,1.6794861982189966,1.6416071009795012,1.533677131194103,1.521335559726491,1.651738209102122,1.4321874521149673,1.3717061732360234,1.5323665005171088,1.5327872441533348,1.3062250256638117,1.2984568038174091,1.2443705948973338,1.2445279864752201,1.3119847584180042,1.4694151791709023,1.7163846810468555,2.153173055764106,2.5400601741831235,2.8922329091322023,3.318025003882671,3.5695058692342823,1.49084051861511,1.0960149734877391,1.2862405000020605,1.333301936263994,1.4240420174338235,1.119311049592663,1.362733497108338,1.2163178426208225,0.8983940475545171,1.3655576923415655,0.9862738716808792,1.3750766257158082,1.1503739152431751,1.1532786659561758,0.8916252177596652,2.290125755940116,2.190934564888978,1.5762017523436462,2.1122584049632827,0.7835422078815937,1.187428753994925,2.185330681239246,2.1184365030269463,2.1156893347861243,1.5014937180622066,2.131891938920976,0.3386160388501094,0.45660366200832053,0.7696847052224739,0.9302943985272069,0.9827478685412413,1.82730911329987,2.1807811005769975,2.2338583196932276,2.0535996033016355,1.8095733440439778,1.6504544876441023,1.495742740131354,1.2418387222889393,1.119459524956821,0.866281308634109,0.5491288016422167,0.0,2.391329525614585,2.046846182701319,2.5174702549381,1.8315751642498606,1.662228510163294,1.5994467204101113,1.449806792887946,1.3107030622791622,2.6519125639469125,2.8237068993704906,2.7855494047592293,2.5683448299914287,2.9900233562202527,3.0573393338075143,3.0914014447195637,3.293755861533706,3.187811710581725,3.4499830092094443,3.5853951020145174,3.6350103855988185,3.6702652531238287,3.531717719671237,3.7903849110670973,3.8057879253997005,3.865610783468849,3.9056135274739874,3.9447188803835354,3.8970991644190085,3.730863514091041,3.620563473887458,3.4415852368067874,3.377731932748988,3.3773876847955657,3.428587793401753,4.1974716195564525,4.214896355155709,4.220529434232509,4.313817402033336,4.250276579862425,4.356797853067241,4.3908819803215655,4.385162493973701,4.390945020907979,4.418231702247043
2.8916599225689863,2.646940871063738,2.289541163333788,2.2964240183606623,3.2273085691659364,2.88755432174096,3.2405705075163302,2.8091328449231314,3.228568233935414,3.1708753366307167,2.8260675089880007,3.2173759494075265,3.0055845741703466,3.2553693852289265,3.2761296255497103,2.840561804978994,3.259104553830052,2.9292779640321482,2.962337272808739,3.217790254857577,2.897526790336468,3.254108015610812,3.1684149163349997,2.8575571787054854,2.671788114106239,2.9881890576463115,3.130005026470323,3.03410597196853,2.8620089732544485,3.1562869049834994,3.020350465325386,2.7713133390308258,2.751165575243863,2.7940854016195757,2.7458676697850217,2.714453529143927,2.6956070647846726,2.6898219228532882,2.647954161250523,2.572844810265729,2.6937067155064613,2.52312071919141,2.589030242305091,2.4256622731105617,2.5315034519845114,2.4947709090717365,2.3063637236371597,2.6087251711403607,2.3834486670938597,2.4034498811215035,2.3642171823090385,2.453793209099782,2.449820305322494,2.5109448549382503,2.638226520340056,2.558056520185968,2.5503557402725456,2.4008543478268893,2.5152020640071275,2.4022336085644924,2.410734845989794,2.4092912145866667,2.7078413596216193,2.67592879392583,2.567687383463836,2.4872720669632207,2.5591926553997175,2.67542638643673,2.792782115127696,3.008387041738678,1.3677089145361498,1.4243567890435525,1.4204728789154293,1.7205894456935857,1.8431284168518616,1.5563182482015319,1.6597323068638339,1.6799022424026615,1.7749580503647846,2.0756627152883955,1.710066156515205,1.7546578252448128,2.0605797610133254,2.0950237146661554,1.8243247241343765,1.5422294916494355,1.4053920133567537,1.2086869604303272,1.0822430402106582,0.9612404821647422,0.9090232582690762,1.062997170415148,1.334855562914164,1.6200255530262644,1.93668052566408,2.1708133351703505,2.268487814473475,1.9210444082973286,2.2672169089537184,2.3399484925377916,2.4181597811142326,2.2437335741473063,2.43267588693511,2.3957082131628025,2.196084049419746,2.5303067327893674,2.4124939427448204,2.6716524882368695,2.614862695198265,2.645871915292366,2.5384391014294447,1.594447167795446,1.5692113995861379,1.5033857786901441,1.2724877236390497,2.1898347698427876,1.786004861731103,1.1284501242392158,1.1089632664027735,1.0231243990351409,1.1806920923707946,0.9348594181595482,2.448858766206923,2.1088159068024654,1.775159007153535,1.6417463039241893,1.5971496677981833,0.8493554029523384,0.5915828688870722,0.3815158098094847,0.43444171177954033,0.6082931855517331,0.7497466023654369,0.8964586959731381,1.155359363258557,1.2919713411132165,1.5682254711721764,1.8612257745209586,2.391329525614585,0.0,0.7636298873631508,0.45205049985026774,1.090044712779363,1.486255041950769,1.8076557214214788,2.2413167625286294,2.657988749168923,0.5413139902732618,0.7567713295210314,0.9032196850692464,1.075518408088281,0.9989560138624939,1.0970640909739986,1.25403788710277,1.5985548375446068,1.7624366859768166,1.7423330665858343,1.85318583221016,1.9089004589878937,1.9481592297941517,2.059528407602797,2.000355387608659,2.0955826112056473,2.125259939777545,2.177304984486257,2.207878487912937,2.32405725965204,2.389685619130136,2.4688590157214563,2.749253518033643,3.0403670653572306,3.2814682533990682,3.637083973856772,2.485556303156677,2.5420975212817085,2.6070131085444426,2.6388307060755154,2.642473104776678,2.6845878120856055,2.712720261287754,2.7522718523160776,2.7786355118043176,2.809753265613362
3.3508322132000212,3.1046407809212018,2.686304819744218,2.624328104511374,3.6893180357031743,3.32973565535092,3.6865797995461524,3.2335618192721673,3.658429610881758,3.598302522486447,3.2331970796030225,3.632924162105416,3.4076512789905857,3.6546694623382927,3.729226871159126,3.2165627344884875,3.6519537047636583,3.2959231126130493,3.3190945875244666,3.579928287076001,3.2342512326300743,3.5974924205204486,3.432593618302354,3.091745802415236,2.90854915453249,3.1961570561390706,3.3160884680161242,3.2071528802048888,3.0129334675076884,3.299572280991759,3.099918201512511,2.7654944250573257,2.739141299139164,2.758702018978537,2.705842172398063,2.668163379134006,2.636879173299213,2.622071171125975,2.5796753015070273,2.4953622355681233,2.572253472441898,2.41103110896911,2.451899891781849,2.250047902736159,2.296336689004773,2.2206419060336855,2.020340473130264,2.2975912392527156,2.067270547904017,2.0746085217459314,2.001276470372055,2.068920378591092,2.0353433645503127,2.0667090630259652,2.1739178022570043,2.0805892719551746,2.0607005866001105,1.8178747223911336,2.0180740941325643,1.8963521116236517,1.899596726288812,1.8890004200924226,2.1431430219232177,2.1051480138873955,1.9717660102746484,1.866139640922524,1.9348767494871428,2.0374429071088263,2.049167334460585,2.2682739248134216,1.7794609851899665,1.8145895279799975,1.7731497081335486,2.0392575904159367,2.158072360130123,1.838237328493981,1.9206020323462436,1.8966677392366578,1.9820819837423957,2.301469677110732,1.8845564598967106,1.9034973007717946,2.2476625628389773,2.278495510311879,1.9453927178104664,1.6516624852110422,1.4604561356363521,1.1598998408530832,0.93433594682886,0.6435157161220291,0.33076638130720193,0.3347417757040668,0.7285129671987539,1.0923196254149146,1.4962529712586523,1.7564867585779849,2.417065922429925,1.95795228614766,2.3488402337728393,2.4280256727171583,2.5245313470356345,2.2722919363287932,2.5173902796427297,2.4386440795244053,2.1531580162028505,2.6009714196758074,2.3790455831760933,2.7211859074498785,2.6035982746121498,2.630117862425662,2.4573336218952644,2.0959740688642574,2.041292378221926,1.7427117624716204,1.7517242547497225,2.1073020469921397,1.8585343644389147,1.6520598222762408,1.607058404579597,1.527712382498658,1.3527786608084968,1.4541367279967607,2.2039813239251425,1.8999684579252263,1.6425123593417958,1.5645577962297774,1.5389076414152836,1.18978128764042,1.1591744564085742,0.9922738903935544,0.8801900558609554,0.7911734861779038,0.7793963900889306,0.7965258887998656,0.8921303604418241,0.9625111739645464,1.1828069876375868,1.4999461364301392,2.046846182701319,0.7636298873631508,0.0,0.5579470694302076,0.34819293854983413,0.7522844588649225,1.0758881240118863,1.5356256167862015,1.9935839000675666,0.6670362963014705,0.7947134617113766,0.738887327462634,0.5918363153995123,0.9434452626846828,1.0111483488512463,1.061790910565192,1.3185636421897826,1.329717447066728,1.4799273520402165,1.6134337267108072,1.667826437491665,1.7063385139609866,1.6755895831389283,1.8066803551861965,1.8528518932277336,1.9032404775477776,1.9496126865862256,1.9868676798451372,2.010138679283659,1.9615341424176331,1.964655139203128,2.114678279193758,2.344649036257437,2.5582275509721697,2.8908698102128803,2.259044831468112,2.2941620045948112,2.3275505950857576,2.395474415423619,2.3611521425341144,2.4411146434000757,2.473588341311885,2.4886856154624906,2.5045586161639295,2.5346196109941546
3.3344666333001958,3.0888554832936905,2.718353967570704,2.708434816494529,3.671250545499934,3.3276569777382816,3.682155323245313,3.245876829266129,3.667470616315038,3.609212693130282,3.259555590887729,3.6536961167648747,3.4386866582001048,3.6886847244056105,3.7188717052160873,3.2675379298855245,3.691137984949478,3.354512176176236,3.3854191719964977,3.6430848634973563,3.3154662605973515,3.6751536521762054,3.568017541939247,3.2463713925426907,3.0601269768066657,3.369497862051339,3.504979986901431,3.4040918623711485,3.223113133138271,3.5166942198744233,3.3562535550595225,3.070543600471297,3.047562169700224,3.080796580440158,3.030083753476458,2.9955993279287556,2.9710327517115145,2.9611357102507796,2.9185916556462894,2.8384846445084406,2.9402259741709607,2.7721663503730394,2.826934493284333,2.6427806920173165,2.71951346827612,2.661567181596827,2.46430890904363,2.756297125593256,2.525658257308646,2.538723833961036,2.4792564872604315,2.556739508523192,2.5345395200893277,2.577300584377919,2.692381097138357,2.6027670456259195,2.5866784684895574,2.3671420836788295,2.5460988277776515,2.426180001043931,2.431045634598861,2.423077038626726,2.6899378344113467,2.653096108736781,2.524017982635351,2.421738094290886,2.49096833546879,2.5948200447235332,2.579106636002096,2.800534831887413,1.7909802162602149,1.8430191902912112,1.8287039445618711,2.1239058472093832,2.2470144431375236,1.9455784847758881,2.0441125950970953,2.049762370358769,2.1432259683078816,2.4547634197558588,2.0654317521303596,2.1014167262949237,2.4262928350445176,2.4599351841409405,2.1619006881914777,1.868709452968672,1.7051713897086012,1.4534102157170146,1.2708578794760417,1.049843773652123,0.8418294763096297,0.751891092853154,0.9251367648425889,1.1792317158837595,1.484829788066264,1.7190431981189422,2.623128984133175,2.226771314062754,2.5965277556647,2.672699598137937,2.758853133813436,2.5513042899159752,2.7652090471162483,2.7111777254092284,2.4722654805174584,2.8584115473911105,2.695886046477371,2.992789293289459,2.9102095210524315,2.93962040688163,2.8020306147736114,2.0384821697710187,2.0081084907954763,1.8773114529977566,1.7096616200237356,2.4480383604043565,2.10361356994438,1.5719731891005921,1.5476085346999318,1.4616853013187132,1.5194271229012464,1.3747713622286026,2.6307724665085273,2.30446592276721,2.0015441899266686,1.890666937103248,1.8534511335298602,1.2349408071822936,1.0329263140637233,0.8238763823101026,0.8238091940485051,0.9019315711970077,0.9900557533721006,1.0913977951060136,1.2902663126968201,1.3994876757084793,1.655143315571115,1.9694033264547384,2.5174702549381,0.45205049985026774,0.5579470694302076,0.0,0.9018992152394132,1.3017214247888698,1.6225026161448413,2.0890495532996773,2.5514083306819435,0.13770710780201767,0.3485411301931224,0.4551848745899744,0.646758618027864,0.5806027340656029,0.6758221186601083,0.8151798946997416,1.153601558459601,1.3107319663804504,1.3017228462417538,1.4178685488283966,1.474059019669537,1.513662355547871,1.6086963849223186,1.5766264039152873,1.6625793966651974,1.696770185428457,1.7481810431886262,1.780493193119732,1.8812108785209833,1.9378319423906842,2.018722028093998,2.3215945834066165,2.6383948330183977,2.89857306289951,3.279500372719558,2.059531793420718,2.1119829125421816,2.1713347603934015,2.2103449580252903,2.206678384910178,2.2563878202808256,2.2856294628883944,2.320422955786345,2.3449372560248767,2.376028871428635
3.473476876051497,3.230276300020687,2.79130087764186,2.699124179868869,3.8090702923294,3.4444021973713093,3.7984500391349147,3.3411092602081323,3.762710402219936,3.702144701062845,3.3324620732463797,3.730543377099469,3.5018183308036916,3.744133692993762,3.8441030579014415,3.3012952184567808,3.738335827365542,3.3749146424061007,3.3930310712834193,3.6525330472194666,3.3001596943806697,3.660924420877898,3.461268244455999,3.1126492080502466,2.93454063968071,3.2029486059682397,3.3106225212470872,3.19769608260467,2.997275263783473,3.2747881375679104,3.049918240069506,2.6842815558822575,2.65577494012252,2.664244929758824,2.610612475372635,2.5710693846918016,2.5349640386837335,2.516451902859044,2.474979600503221,2.3888979445154,2.443568770770811,2.29129552301862,2.3194626472006514,2.106308860695347,2.123667933862785,2.032388004147011,1.83328929564112,2.0902760691491786,1.8644713264257118,1.8656934791261996,1.7789096886047193,1.8344269478325455,1.788349114304204,1.8056408679945548,1.901870281991086,1.804780901971285,1.7800998778490025,1.503426590914763,1.7351467193869097,1.6122319272628425,1.6131391835615323,1.5988518785367907,1.8313424690509983,1.7915469347341673,1.6505918816714638,1.5373976447201498,1.6045055858832147,1.7022565409504073,1.7062808993905538,1.9241341131046936,1.9224169592539586,1.9466099127203167,1.8913064191524098,2.129636627115991,2.2419176205844584,1.9222681811773616,1.9910566322645546,1.9488490928193374,2.0255888758678586,2.3398767468519903,1.9185379789717463,1.9249165736564242,2.2705759012061906,2.2985992860702167,1.952017336193578,1.671121029598754,1.4708696080305514,1.156402291229748,0.920770477200116,0.6166759865173255,0.2880401544086971,0.322195399812635,0.7370392484857863,1.1110136943924724,1.5394019589586552,1.8002618326064843,2.416390559898244,1.925417670103632,2.320014520672615,2.3994077503826907,2.5011558415950716,2.2219958380715266,2.4843572975684407,2.3890507348032854,2.07462833278095,2.559020078519849,2.2964468989390645,2.6662812414981594,2.52421094854466,2.547943984944482,2.3503610056509836,2.265098802517668,2.199166910239621,1.8137171022883536,1.9245131010515797,2.012284053010358,1.8477985249884474,1.848035981438047,1.7948662817448275,1.722515258235167,1.4261684856745775,1.6590633493608724,2.0297375942491733,1.7546337279310116,1.5488352581270162,1.5035488476291055,1.4890894682715599,1.3498731332233693,1.4024246840346402,1.2636431648976607,1.1204644410222637,0.9647565870355373,0.8933830780732525,0.8431877992919069,0.8232718711817335,0.8396004294922098,0.9963101782825593,1.3009727149634167,1.8315751642498606,1.090044712779363,0.34819293854983413,0.9018992152394132,0.0,0.4044158709748033,0.7283277162807171,1.1880011753634512,1.651841873354643,1.0022890480725055,1.1018397313334398,1.001148058698516,0.7379622089016443,1.2107424996584752,1.2619711217179215,1.269485057643582,1.4633538707947753,1.3903070511418854,1.6209124588556334,1.7565379992309749,1.807255736771225,1.8433529675985056,1.7414094604054717,1.9602713009603803,1.9822573108897439,2.039923481783953,2.0817507859551045,2.1205375901906542,2.0979380441174538,1.9875703168515435,1.9415445147628236,1.985111678569835,2.1503119717158845,2.328949520901427,2.6264707448814417,2.3804989732412287,2.404487078796682,2.4215939988082043,2.5049413618667646,2.4532657290143134,2.5492396230679417,2.5828736881267016,2.585880629684108,2.5962108518259215,2.6249617857667022
3.6730642943518585,3.435405466473593,2.9810008169207225,2.8591142934083744,4.002707449298704,3.6360263150305587,3.983934691846745,3.5264132661414447,3.9405235995222943,3.880029805457244,3.5092247547764805,3.901608249584684,3.6714254699977174,3.9064214465346403,4.032362407335767,3.463128387722089,3.897391836414224,3.52980895819998,3.5423273294609565,3.7976463608989026,3.441949177653317,3.796048846016397,3.560478704937896,3.2078415097612707,3.038119478875983,3.2810724378990894,3.3733996911720667,3.257500426620322,3.053084401903515,3.315914935396003,3.0649987310183033,2.668743728502919,2.63821841826971,2.6329409342619097,2.5795059422024305,2.5385408319443648,2.4972905284217135,2.4746011133283776,2.4352663496962355,2.3491350468975774,2.3743262237025067,2.2374412501229237,2.2485783695507537,2.027008782752249,2.0050586722864154,1.895064900221674,1.7048011906149017,1.924133463505464,1.712204509729219,1.704468509223647,1.6009228776819424,1.6359653568614194,1.5719942537662197,1.5662204099694443,1.6419317929989161,1.5411284663557154,1.5090376496004834,1.177821693545478,1.4613294692838026,1.34001175905642,1.3367608330214262,1.3163379826512096,1.504335426047083,1.461860307465557,1.3087390974427002,1.1819343978735577,1.2446972636001106,1.331322315189794,1.3065278232885775,1.5226462282773638,2.1664213703395676,2.179822039697331,2.113019775791097,2.317718750320891,2.4206160393601723,2.1100014206746542,2.163048536783295,2.103548242694738,2.168772631897982,2.4688685586055894,2.0553482237124734,2.048187234391298,2.384670987866148,2.408902034821314,2.0583490868649426,1.8028473807933274,1.6038121956630111,1.2986510889277576,1.079859619057216,0.8209352911331504,0.6070565570155227,0.6205857334603007,0.9099268121045045,1.2387598278986853,1.6596791713720465,1.9084061723077894,2.5008035308369063,1.9890989588956973,2.3750738092027377,2.4526120365841253,2.5578794323121574,2.2549551061797817,2.530375933527956,2.4181642791639812,2.0786903277194404,2.5929434212388442,2.288628599435589,2.682641792784227,2.514422639955259,2.5342209894819283,2.3109789179301323,2.5259470856309365,2.450779038818055,1.9922226892021726,2.1954487970831136,1.9983856185104543,1.939104286438781,2.1408377000459122,2.081892174851472,2.0171870593287253,1.6244045613823355,1.9636314970467172,1.9119543593729118,1.6869226614938218,1.558558074221894,1.5553710743903504,1.5548178659763037,1.6281459952632866,1.742585316567717,1.6260255873253961,1.4665802191242459,1.2742797222031879,1.1662459719307234,1.0684532172892423,0.9402826215790062,0.8897225153703165,0.9320883770791087,1.1852250191250933,1.662228510163294,1.486255041950769,0.7522844588649225,1.3017214247888698,0.4044158709748033,0.0,0.3240061473291205,0.7882692445352321,1.2668090353258483,1.3953843443764022,1.4739848083323746,1.3449315514880946,1.0228830016339139,1.5508777907813465,1.587664203347357,1.559834124699528,1.6890264733866773,1.5378351339044203,1.8361127409050024,1.9687505505065832,2.0141204798058228,2.046629791550028,1.8756217060662677,2.176579484974445,2.1735913522634087,2.237038018984319,2.2731061063599793,2.312454623833616,2.24263136848472,2.0689159546237876,1.9689223405767036,1.8811304186904665,1.9561785636842868,2.0836542212080764,2.3293358159712594,2.553634525753574,2.5653352808405945,2.5646731096645574,2.6627786061957437,2.5935714441804087,2.7047633020945647,2.7389927498081224,2.728932353971143,2.733062883785452,2.7598334350206333
3.8645308818052606,3.6322155266000515,3.170564587568758,3.0291851215916563,4.188163052005176,3.822090066315242,4.163654358633654,3.7087023659972886,4.114968117645092,4.054863530467757,3.685570541022241,4.071410990961755,3.8415788804358857,4.069850325558225,4.213820772059896,3.629146167686505,4.0585297298754925,3.6903510075148755,3.698734715905089,3.9492540695391063,3.593683067785014,3.940355303009227,3.6799547164711877,3.3275031930230297,3.165740661784198,3.387271773386045,3.4671175469298876,3.3501072745515654,3.1448962876617808,3.3936601532866075,3.1253738581220447,2.710624445902661,2.6789985497993327,2.6628511861744912,2.610485173886319,2.5691047427097393,2.524476734032328,2.4988470461114187,2.461991518488688,2.377561551545818,2.3782035630161795,2.2569192981564337,2.2538309927501667,2.0309003549111546,1.9761776333456917,1.8530758823573381,1.6772679697934398,1.855359380490978,1.6631376470466752,1.6475344419973992,1.5325797339946614,1.5467128281317122,1.4678239674914857,1.4390448867383747,1.4908212010642101,1.3896228778995037,1.350789226706289,0.9698563806452944,1.301940059610056,1.1877417013519294,1.1800032990334774,1.1536358217722351,1.2829472927073962,1.2384274147404468,1.0747504906625738,0.9339924971473641,0.9888474835034301,1.0582422937066507,0.9868180125532449,1.200821353888759,2.4004722422461597,2.4069380407056915,2.3338086746538695,2.5137014242853235,2.6088716041351208,2.3090011194848135,2.350763355249306,2.280774274065647,2.3369589689622225,2.6221348042601225,2.221433500206697,2.20514935249086,2.528751176532265,2.549877559237695,2.2033132217082763,1.971511174086708,1.7792315688203764,1.4919321749090433,1.2945264030768413,1.0758743770117594,0.9155681747922375,0.916682021168231,1.129945767521895,1.4098929620186373,1.8074313331863514,2.04006243113052,2.6215657064675857,2.1053275139756082,2.4763946407885578,2.551125339399733,2.6572269247890277,2.3421223825994053,2.622141813309095,2.499129591255706,2.1479675679195798,2.6744969856627243,2.343706389629508,2.7492704270639132,2.563482045070497,2.579822539485491,2.340523721444788,2.7668299669734036,2.686478829715633,2.1873571890322157,2.4457521154536597,2.055890382205814,2.0763955514215047,2.4048034847834274,2.3430173987759937,2.2834432388455284,1.8402501672056977,2.2361019084958014,1.8865574078601548,1.7118401867883024,1.6497118778996798,1.6773794132107873,1.686664090924931,1.8901970613985661,2.036392084050593,1.9317726548961236,1.7656929582581793,1.5587007054591748,1.4358721446769749,1.3185742170119499,1.1412933758915154,1.0556791535896421,1.0124679850264122,1.1978835184526162,1.5994467204101113,1.8076557214214788,1.0758881240118863,1.6225026161448413,0.7283277162807171,0.3240061473291205,0.0,0.47730128665635724,0.9747610127698587,1.712289815707118,1.7792454716327009,1.6364164508794763,1.292754485889449,1.8378873002291451,1.8660823846932333,1.8183478603292604,1.9055708945229624,1.708352410315089,2.0426658174276637,2.170689086713441,2.2116454017887257,2.241147558784964,2.026588057276196,2.3777074727115672,2.357740803884981,2.4241203107049056,2.4556408415585627,2.494771106826783,2.392889608216717,2.1769505912534397,2.0390248854092228,1.8476212044487077,1.8402746532980592,1.9168173863999463,2.1089009180888802,2.7192715018088256,2.7220079456065593,2.708507497766634,2.8159755746625676,2.7349730370664393,2.8557445223930973,2.8899787810034367,2.870509857214753,2.870040079491069,2.895008644540445
4.030716999048334,3.809653817510094,3.342382005173663,3.172508015516147,4.341402340563117,3.9799346645283022,4.3077870562738685,3.861711397426725,4.251035512032662,4.192148283684331,3.8293054748747557,4.200445607366168,3.9736086946106677,4.188710584997851,4.3603156386414605,3.7571229071270626,4.173857857357329,3.8088976311140117,3.8106558246802615,4.05066560504304,3.699619883095858,4.030396733191274,3.734724941990668,3.3878061966941324,3.2409870749253646,3.4260931571860787,3.485763902442634,3.368968794469244,3.1662181353614804,3.3894531662627596,3.1000688171379984,2.6673182498565113,2.6349045925553787,2.603163727726364,2.5538210854159065,2.513015730847151,2.4647362377624304,2.4355588625869657,2.4035072814816223,2.3243623462794054,2.2888547060032316,2.1948739431185453,2.17095591761754,1.9553967696618888,1.8548417199337068,1.7186201241673325,1.5751643068456844,1.6808038565937726,1.5297138398462724,1.5033249069546706,1.3795759412000888,1.3605772653188737,1.2648138908149462,1.2023366647415081,1.2126568316542912,1.1183007822887967,1.071824418504229,0.6474480108092285,1.025376024222266,0.9347222191426456,0.9203599057154058,0.8870727484150261,0.9070395808148233,0.8620226735259484,0.6928830728835675,0.5405237562306217,0.5758393811321761,0.6133856775150353,0.6336283293235907,0.8143941939671252,2.657506419742889,2.6526752582601696,2.5711095731930738,2.7079120587867127,2.7888968075747314,2.512924214562862,2.53621471118949,2.452186617117003,2.493026396594103,2.7479422138409566,2.3778442402234328,2.3484133380891774,2.6429785486202504,2.6588470518067515,2.3287290723405496,2.1406468211544025,1.9664857939864397,1.719636428478836,1.5639038586433749,1.412833546692078,1.333382596198847,1.3938524306955027,1.5873544063985527,1.8347542331254039,2.206968801742112,2.422000623902815,2.698152863933973,2.1918280662762637,2.527927433099969,2.596288822813213,2.700741916179628,2.3769125602795405,2.6552619738238556,2.5196897007756442,2.1635939587333257,2.6909870889647003,2.330985621132697,2.741623800838055,2.534851823067873,2.5456079194106365,2.2902552465811885,3.0286681954548618,2.9409477625049263,2.3887552445089177,2.7286375561200495,2.0581616625427417,2.195101584699931,2.711582537089831,2.6459632202640293,2.596198330115715,2.084354904986539,2.5604263123077504,1.774960823153349,1.6850643872624385,1.7232076491879214,1.7933078195908174,1.8161077595794113,2.2041348868300528,2.402568569416268,2.323250259868486,2.146211478687359,1.9176894757349607,1.7754378398462864,1.634959239529176,1.4045329202280583,1.2834672649163412,1.1370799566337801,1.2013461069339755,1.449806792887946,2.2413167625286294,1.5356256167862015,2.0890495532996773,1.1880011753634512,0.7882692445352321,0.47730128665635724,0.0,0.5074514798941167,2.1836110318854063,2.255907414824791,2.1134458713546405,1.7664039219011385,2.3142137553346576,2.340532326179545,2.2862605666546405,2.3517182847266658,2.126767409820225,2.481387107187976,2.605234137683306,2.642802534237169,2.6699313347657307,2.4248488651986233,2.810044018325202,2.7778982936960848,2.8458962600140354,2.873701847716187,2.912329276876801,2.785514557244153,2.53520549911518,2.3634428661925417,2.061250195951597,1.939255609631076,1.9277259324625873,2.0080294756799515,3.1215275746084963,3.116646447042525,3.092037943027606,3.2067493613583427,3.116053903620054,3.24421676130686,3.278155395445071,3.250420341346284,3.245748465088507,3.2688112838401797
4.125547108199355,3.919941986109575,3.4550898920232576,3.258716652351264,4.418069404849097,4.066525316085557,4.375056543431766,3.944924677481804,4.310364370885344,4.253584512462202,3.90309450396578,4.252898814908855,4.032570308677388,4.23040303995643,4.429462356476035,3.815254213971059,4.211970102040393,3.8560700070041527,3.8507192342012573,4.075669385947363,3.735228971697965,4.043556170088931,3.715195397924806,3.381028876573975,3.2534198509968584,3.3956539988269148,3.4326210558848493,3.3185506619225076,3.1231913345480846,3.314051571479823,3.009058702062576,2.570031934168519,2.5379159689777966,2.4905121450981627,2.446265404948609,2.407653307951978,2.3573503457963514,2.3255285806859156,2.300039894355803,2.2301428901937976,2.15686540542763,2.097347374056957,2.0518730946483563,1.8569776778594849,1.7120505757339939,1.5711821520439664,1.477651932968404,1.4898263978550976,1.4008798733737506,1.3646796967950063,1.2449779238894565,1.188226341751653,1.0844159688420996,0.9876754853128753,0.9404496301224945,0.870082907789242,0.8209924040677662,0.4630594484389574,0.7871092857260363,0.7518803544641057,0.7317925887556856,0.6977192789359542,0.5335642903442153,0.49678684796567896,0.3681823564677555,0.2782339524381559,0.23572368667833318,0.15684632250450303,0.6754851584258034,0.7230638895964062,2.8762232355411146,2.859785634018512,2.7718391566816902,2.8598872058109364,2.9237131374123995,2.6811042838002304,2.6845677653720883,2.5890548070164177,2.612558750709232,2.827276355006075,2.502151840129643,2.4604082821392894,2.7136481538514383,2.7234675801482235,2.423171950886838,2.2883203392252125,2.1411503275968666,1.947952075679195,1.8409263626146137,1.7591205560782788,1.7534876213224864,1.8841379067730957,2.0944640035513458,2.3391189973023874,2.7033968405276414,2.9111232974698567,2.727408421039869,2.25243481301713,2.536962711644828,2.5959878450863383,2.6949638112504193,2.3745394802149145,2.640053867316363,2.4962369737522043,2.1513184784366066,2.6568481516727425,2.280104782811077,2.680018178415566,2.4582284391359064,2.4625644936704516,2.200809603205184,3.243644757944102,3.1500092508903306,2.558720058163608,2.9725509247051853,2.0376279945548226,2.288785272804033,2.9810374174433685,2.912887574366197,2.874583929695664,2.309494582328171,2.851785993171989,1.6490816170674079,1.6604299044434347,1.8003095795456452,1.9079078129895986,1.94261268557377,2.4943991222926165,2.741580847386987,2.6909774561656534,2.5059992203095387,2.2619820115091223,2.106149467594946,1.9505581234274403,1.6877302549761326,1.5470685216461364,1.329364297490136,1.267222503430187,1.3107030622791622,2.657988749168923,1.9935839000675666,2.5514083306819435,1.651841873354643,1.2668090353258483,0.9747610127698587,0.5074514798941167,0.0,2.654101304401718,2.7407455983945623,2.607571018377905,2.267514105430607,2.8108429250855216,2.8406510870507673,2.7912737606219564,2.858835020199416,2.6289986099144538,2.987497176613369,3.110495492733027,3.1473128658132414,3.1738641551984097,2.920071094806221,3.3146666254293233,3.2794019835432793,3.3477713552909303,3.3744395185522045,3.41285488708044,3.2774963707870652,3.0136060388275405,2.8268924373998563,2.466992329125275,2.2707032042790374,2.189404444747049,2.1608397470659244,3.616392777685548,3.608537679934043,3.5793387370069434,3.696829363697086,3.602209514706806,3.733227632932733,3.7669539209463556,3.7356501783469462,3.7290758009881584,3.7511815296819164
3.4329673399931084,3.188189340839881,2.826595043778893,2.8240301726822215,3.7685998246367642,3.4285844020649066,3.7818120831770434,3.3493788786383365,3.7693996699556354,3.7115779421304946,3.3652422975957927,3.7575551852607263,3.544651474467841,3.7945590011490893,3.8174391194095523,3.376936769985882,3.7978071011826713,3.4648172673628075,3.4967693486651736,3.7534389997356676,3.429059784594951,3.787523266139286,3.68812131849691,3.3692464799351614,3.183013377006437,3.4942026316353414,3.6310993210554536,3.5311424069199515,3.3516538578294215,3.645501296008829,3.4884460578433654,3.205982451754506,3.1831804937151205,3.2170052098945474,3.166405942800886,3.132063121611896,3.107749874786601,3.098017781794011,3.055486681832932,2.9755364686595107,3.0777788831329866,2.9096458537948577,2.964584496636059,2.7804698327492647,2.8567097740510063,2.798063970060456,2.6005538902894827,2.8918120353903096,2.661064591811048,2.6737173474341986,2.6129814378794696,2.6894452217226235,2.6657196456433008,2.7066373597627447,2.820218201540972,2.729702104281269,2.712658409417969,2.483913652585616,2.6715058940947225,2.5510024920718894,2.5553954595616823,2.5466009405840255,2.808261924723184,2.770749645921615,2.6386581021085953,2.5329039859118536,2.6014045313014167,2.7025844816439806,2.654815891786934,2.8770935554964643,1.901236460953785,1.955278077058714,1.9447080267821188,2.2418742355331998,2.364947545866697,2.067134444251898,2.166976788757267,2.1756591803579224,2.269554827245794,2.5792983984018316,2.1938555611048693,2.231176818887258,2.5534246001869083,2.5872443041403987,2.292965962476924,2.0006595854359834,1.8393738757792228,1.5902857679308027,1.4085633588948663,1.1855945748169878,0.9660647873702329,0.8175306962967405,0.9265590568858674,1.1418639324006636,1.4164572280842707,1.641241681209616,2.7522943169384835,2.3611755751341152,2.7290083773953753,2.8048502365922827,2.8900992638492746,2.6858291254203452,2.8974531208773855,2.8451341271262764,2.608739488268424,2.991212424614309,2.832111887103027,3.1263849431379636,3.045835019117716,3.075361143273954,2.939139799069468,2.135760881545264,2.109756312510709,2.002133673689507,1.8123727750140672,2.585198085176076,2.236823098021788,1.6697068411367375,1.6492004769909505,1.5632670769858246,1.6491225657817088,1.4753285420723758,2.7678263322216043,2.4419682171415404,2.13918894858368,2.027826606592214,1.9903411934968103,1.3554138803644054,1.132059542678421,0.9218416291650732,0.9402693891895642,1.0334113580956363,1.1259215804593874,1.2289580632585868,1.4271004285321593,1.5348555982815864,1.7884226376877344,2.1034378052993143,2.6519125639469125,0.5413139902732618,0.6670362963014705,0.13770710780201767,1.0022890480725055,1.3953843443764022,1.712289815707118,2.1836110318854063,2.654101304401718,0.0,0.22115047014991246,0.37116968670265205,0.6373732980593607,0.4612861670770991,0.5587511795515943,0.7128794208856826,1.0588088124284825,1.2444406429338406,1.2011467734781611,1.3121200116009766,1.3679260548953076,1.4072576057000765,1.5261654100524902,1.4628757326439734,1.555046281237809,1.5860469683082221,1.6379105354351775,1.6691113462283043,1.7830777555144137,1.8603778599142675,1.9573813908520068,2.2935736098152044,2.6307954193910597,2.9027167299145415,3.296797072717791,1.9474768835880367,2.002554641711921,2.066080149600279,2.0998840065274322,2.1015265448363496,2.145763656542279,2.1743270996232185,2.212268847799971,2.2381491501565494,2.2692676193074504
3.646853249835848,3.402623186008227,3.0452318133285035,3.044725587186213,3.9817168164183148,3.643781064444042,3.996228681042917,3.5658783585526868,3.98502005076656,3.9274323581172803,3.5827293681689643,3.9741280591768304,3.7622214298805567,4.012043609361593,4.031240093517187,3.5958876922720617,4.015631912417297,3.684068257742124,3.716353282924951,3.9726715487064106,3.649277523172676,4.0073831140608815,3.909266044266938,3.5902664559382247,3.404028423600158,3.7149147711750645,3.851423564955618,3.7511213366281377,3.570914284239638,3.8646171558901763,3.7047529634553347,3.416827599770854,3.393558220808876,3.4255820493927573,3.3745907535447057,3.3397220549469013,3.314350561820676,3.3038294654447946,3.2612432492251475,3.1804571808575326,3.2784786829134847,3.1112970695128848,3.1636753715851578,2.975406816592323,3.04426552214366,2.980348629551988,2.7815063087713816,3.0683668079948863,2.837366659523508,2.8479916799639486,2.7817933587500923,2.854104915791765,2.8248967613957823,2.859590628647781,2.96823631964301,2.8752084646541682,2.8554100262278346,2.6031648540359056,2.812719500373939,2.6908989014304456,2.6939648316556815,2.6829324285093645,2.9302733815777247,2.891199100210062,2.7522167441723395,2.638758571043188,2.7053220501003192,2.800099377707264,2.687961111020927,2.9107694663859665,2.1208200550066656,2.1753860699600156,2.165556500258336,2.462925321812134,2.585989531257963,2.288239811127563,2.3879624018296224,2.3959900557504255,2.4897493678657066,2.8000169171015012,2.4131293077244127,2.4496376183334387,2.7733316137997823,2.8070783395655816,2.510405441835237,2.2172463481559186,2.052984620598118,1.7968385524110586,1.6070718342026964,1.367831689278798,1.1157303996138426,0.8633810415551365,0.8626301536167386,1.0113770247839082,1.2400061268910918,1.4522596613140513,2.9711677961086926,2.5743528517600263,2.9449920113962103,3.021211757093492,3.107381455035446,2.898742986411026,3.113708423438226,3.059043081494353,2.8164865637229552,3.2067949276579517,3.0407052109334973,3.340851218128425,3.256212787748526,3.2854163105629666,3.143726799626014,2.3497074202975257,2.3259166317122926,2.2227497156344374,2.0292404956463,2.7895953975762535,2.451897786050551,1.884400147636684,1.8657343863431015,1.7798931566753653,1.8675879078514632,1.691618335781393,2.954205568105181,2.633306426816196,2.3389212454980584,2.232514906062267,2.1965413260497066,1.5765455538052457,1.348354051532252,1.138254394250003,1.1613498120347727,1.2504324137807152,1.3363787228364172,1.4312433144441672,1.6142778239190918,1.713622668398486,1.9575664344655574,2.2745969115500113,2.8237068993704906,0.7567713295210314,0.7947134617113766,0.3485411301931224,1.1018397313334398,1.4739848083323746,1.7792454716327009,2.255907414824791,2.7407455983945623,0.22115047014991246,0.0,0.21812634033572303,0.5755175084790756,0.24218567969938182,0.34030267022769745,0.5059756469378542,0.8556986067647799,1.072460579232195,0.9916964070502583,1.0981712093775684,1.1535682585525997,1.1926256566688287,1.3326761128811153,1.2439301204678066,1.3394078616520906,1.3684905347049003,1.420547457462656,1.4511308860477934,1.5738960638584094,1.6707640002411572,1.7857384105882903,2.163169951819433,2.5274774140224108,2.8154868562231394,3.2281109354161495,1.7289782207438344,1.7853463614416132,1.8512977159863886,1.8820754974453717,1.8867777724366357,1.9278488248677321,1.9560684409607016,1.9956261878159651,2.0222801704437754,2.053393638102653
3.7896514994109864,3.5440279435027917,3.1713358504798554,3.155838330680783,4.126412925375082,3.7827053363322327,4.137301622176962,3.7004774459206775,4.122358497998119,4.064025817460932,3.7134961696347952,4.10816125713805,3.892492545507322,4.142485959184573,4.174055431565607,3.7197096309856543,4.1446135810768565,3.806087008534583,3.8362511477010317,4.094540097357467,3.764472947296271,4.1250837992821054,4.0087932516321745,3.6824288017185984,3.4963712062137358,3.801435403631652,3.9332024666621304,3.8298399240215066,3.644482911481262,3.936707765740942,3.762315676721658,3.455217028488155,3.430574918189298,3.457238310683287,3.405283385591858,3.3690585765788508,3.3409119252066324,3.3283594513907886,3.28575887615929,3.2030989095197673,3.2907479229959664,3.1262991956225687,3.1727424213129765,2.9764566194576974,3.0309843818914164,2.958149648703032,2.7579917992647784,3.036455352753214,2.8060770176986973,2.8134930047388336,2.739421634474368,2.8054154181851834,2.7687973267723462,2.7951402146966715,2.8970608619975478,2.8013803175251604,2.778357731049089,2.50137626191707,2.734049874665578,2.6113127900518385,2.612813950762933,2.5992608826169747,2.829720621688048,2.7891955706684426,2.6438687025884295,2.52347163837416,2.587854781098359,2.6762509817534728,2.515461491107132,2.737901420715145,2.2434128591034943,2.294142601208047,2.276668101584392,2.569221652891616,2.6922014024528833,2.3860741071369445,2.4820870500060987,2.481259402030995,2.5733805045222806,2.888458547406212,2.4899391088291436,2.5213422491195754,2.8535645098318545,2.8866240242229337,2.5765408091092614,2.2808124064312953,2.106065109221816,1.8313988986990113,1.6254796139548204,1.3606754317598135,1.069633576415218,0.7244287941832097,0.6549713428541811,0.794730924578117,1.045658558344654,1.270669120658509,3.043574781219247,2.623142973661332,3.0030275864360942,3.0806408531884224,3.170798189620082,2.9453832463337117,3.1724135525891097,3.108655003124401,2.847818753157832,3.262415824166211,3.0735604772210183,3.3917447624571904,3.2936070496447853,3.321756497200629,3.1656540688598644,2.4935793050094888,2.4631777914867707,2.311796281208016,2.164652095189583,2.8123772523901494,2.508117098246602,2.027058067129786,2.0027386598400803,1.9168267339113303,1.9423791510045016,1.8299551494432131,2.9391924055936074,2.628895050063761,2.3532252601809853,2.258937291580676,2.226978359792363,1.6792317224801845,1.4880194662538337,1.278721666588136,1.2741295302541291,1.324679304823531,1.3871916746174306,1.4603258717825693,1.6111692264632467,1.6951833387574415,1.9216498080210618,2.2388323034907764,2.7855494047592293,0.9032196850692464,0.738887327462634,0.4551848745899744,1.001148058698516,1.3449315514880946,1.6364164508794763,2.1134458713546405,2.607571018377905,0.37116968670265205,0.21812634033572303,0.0,0.37689202125811505,0.20962171188281237,0.2727032225679145,0.36654763995191253,0.6985818032689832,0.87428393171552,0.8484106517493716,0.9678834546499698,1.0242287204265217,1.0639527536234927,1.1570112993986663,1.136026046708563,1.213500559834893,1.2511689350838164,1.301840924650225,1.335454093116704,1.4264312397862027,1.4898057982063575,1.5878981625941588,1.9476868604707571,2.3093548973712976,2.597981705125605,3.0129238128564704,1.6145794160628018,1.6638264123987572,1.719514828404168,1.7631366973713942,1.7547543691506577,1.8092851583076714,1.8392667160072105,1.8707236666338085,1.8940640410415577,1.9251041497082875
3.8830304357893914,3.6361777892039657,3.2350456041444104,3.1899408284576087,4.221834902626232,3.8678772982009506,4.22485670075775,3.7771331122837033,4.202051000779692,4.142486385035336,3.782104200930192,4.18098136990616,3.958836243155071,4.207626500668743,4.265148809810013,3.774073984706221,4.206721675459116,3.8561801408553724,3.881863051096187,4.1424223724129385,3.801223053113628,4.164395526308275,4.01329917994781,3.6753519171775526,3.491206842239057,3.7828710490205038,3.9048872866311712,3.796651199986959,3.603362542533892,3.8906698602312573,3.6916377946471997,3.3538890988986028,3.3271328357556205,3.3444804952096994,3.2913724908391617,3.2532032722928785,3.2206708292408153,3.2048465256061185,3.1626322833772367,3.0776782019635154,3.1473712194380825,2.989044751939786,3.025303375830527,2.818147121551743,2.849326116920823,2.7633864668511885,2.563451405486412,2.8260897140954286,2.599032390801458,2.601495704672472,2.5164206085426097,2.572364817511609,2.5253400637728687,2.53951996626712,2.63119502041838,2.532665151038617,2.5054362038584315,2.1982861963581293,2.459310203050864,2.336434048300914,2.335795850267488,2.318965960572852,2.525825231028348,2.483760828746516,2.33161534364996,2.2037214948114294,2.265151120932863,2.345846586919644,2.1436420301622308,2.3656910294167472,2.3132572495125556,2.355492814136807,2.323582207388595,2.6016555248466178,2.722589955755656,2.40565008364371,2.4929605806056565,2.4757103048223716,2.563231870793349,2.882562984526682,2.4687492994997915,2.490349611133493,2.8329783319213537,2.864336849237245,2.5345952303971786,2.2398730926783514,2.0506268937691448,1.7516765660963989,1.5257427201102234,1.230630855244689,0.8943654717207927,0.4208162853469163,0.291277957906651,0.5496931982364497,0.9182440821751061,1.174641406873447,3.0063213614350675,2.5497843307036754,2.9405701818607657,3.019722183667691,3.1159437877965277,2.8636939700212714,3.109178851179904,3.030176149051903,2.7411447987027335,3.192786945169049,2.966691665878368,3.3125595701266093,3.192112274362344,3.2181902449290245,3.0394334030836396,2.602097004914321,2.5584956256656763,2.3164510528251068,2.2615360335268924,2.6917765703103003,2.4497279441235524,2.14152026873852,2.106336884398494,2.0223692184066286,1.930062660142288,1.940578412730769,2.755799392831633,2.4662377937461533,2.2258396238579414,2.153856346081229,2.1294291192943233,1.7265756863237751,1.6125570141176464,1.4143356470427244,1.359109862300704,1.337870680009431,1.3554603604549458,1.3867474166221667,1.4755796651100208,1.5308730342445898,1.7223197975620281,2.0329870116367905,2.5683448299914287,1.075518408088281,0.5918363153995123,0.646758618027864,0.7379622089016443,1.0228830016339139,1.292754485889449,1.7664039219011385,2.267514105430607,0.6373732980593607,0.5755175084790756,0.37689202125811505,0.0,0.5566379897053085,0.5743703152077398,0.5391207474450479,0.7362049142276129,0.7469898983702482,0.8967992379071393,1.0318825377772887,1.084912223969642,1.1226037771894062,1.0873928968144602,1.2312042708961235,1.2669130383995089,1.3200670205729494,1.3648893524022845,1.4028021599468208,1.4183193127171831,1.3851433562270146,1.4187120275207596,1.676396853973208,1.9953926031254483,2.26542850601686,2.6639644335379606,1.6717634878884886,1.7044462311344137,1.7359402434514053,1.8057463442137383,1.7694582777475518,1.8512118128031403,1.8839291897229482,1.897411631588859,1.9129030239669005,1.9429140583176625
3.8886192971111586,3.644519358596488,3.2872096925746397,3.2851150537247324,4.223270149370568,3.8858107604845507,4.238104066055261,3.8080512368983706,4.227106730812018,4.169548578529311,3.824899221019257,4.216302985107163,4.004386203684778,4.254215126745828,4.272972218705626,3.8377709008946916,4.257773801894587,3.925828110070793,3.9579351330918944,4.2144421304582,3.8903431671228037,4.248776247139483,4.147708114755083,3.826896177437068,3.6406490861438714,3.9500557916914434,4.085201955295248,3.983906701122382,3.8019149133458368,4.095201009675201,3.929677474523979,3.6328423313530083,3.608874705663329,3.638160684726992,3.5866368985574812,3.5510305504571154,3.524150333956203,3.512509969205135,3.4698930161007353,3.3880203648551097,3.480085141052528,3.314433745795338,3.3632804487943466,3.1698777848344446,3.229192741236511,3.158882769822536,2.9589656722400357,3.2396682064821003,3.0090325613811246,3.01718959891284,2.9447198716341307,3.011875389742475,2.976362153668299,3.0036929519939752,3.106195413736076,3.01066560114439,2.987798701855989,2.710384152038448,2.9435482274868656,2.8208304834881144,2.822375594190687,2.8088676951018354,3.038755437892792,2.998117782637102,2.852168118786138,2.7308327194674127,2.794811507690042,2.8818777854484425,2.6995376113570324,2.921342385690074,2.3623838743253014,2.4165612824880074,2.405644174159735,2.702300251371817,2.8253999485300905,2.525718862022683,2.624590783976898,2.6301681569548623,2.7234967559571377,3.0353535774920024,2.644622106802761,2.679372712206853,3.006190546419772,3.039735334199869,2.738109815956618,2.443679086360806,2.274818873754259,2.009409737577402,1.8104655311470377,1.554809731003358,1.2736433035926573,0.9304093729208623,0.8094801732420623,0.8680215765963658,1.035499874643657,1.2323707196254903,3.2014945706375273,2.794794961947578,3.1697456824082337,3.2465884468325434,3.334412456030916,3.1184342201312987,3.3388376656930183,3.28019807451682,3.028531662847959,3.4306756502762203,3.253697194053563,3.5627339627897685,3.4716479202400095,3.5003360397038126,3.3508680973493465,2.59155691958514,2.5680803529947998,2.457896963347455,2.2714256268709647,2.99698303590894,2.6755218875027027,2.1264197586061804,2.1079184626759853,2.0220786513966256,2.0978289034397264,1.9337979747156069,3.137871501654987,2.82398442917159,2.541040484384738,2.4413962713376036,2.4075379876105703,1.814521183182747,1.590538320825443,1.3804396371311172,1.4007862493628382,1.4792555659950344,1.5557829161862256,1.6401228644523098,1.8045155850172112,1.8936554839823363,2.1250085221312873,2.442449864363711,2.9900233562202527,0.9989560138624939,0.9434452626846828,0.5806027340656029,1.2107424996584752,1.5508777907813465,1.8378873002291451,2.3142137553346576,2.8108429250855216,0.4612861670770991,0.24218567969938182,0.20962171188281237,0.5566379897053085,0.0,0.0981824040476972,0.2771151297761533,0.6253439599285817,0.8758025357770601,0.7542469939346069,0.8572944335022072,0.912428699623542,0.9513265330430821,1.1088881112510487,1.001929238896674,1.0976367517498764,1.1263103376294399,1.1783787142549538,1.2089512980408912,1.3355544051203159,1.44920124238135,1.5818073963370225,2.0005774691025975,2.391531515022021,2.6950869423100587,3.12549032230971,1.4868723230063423,1.5431808756020287,1.609718548877325,1.6398925511583253,1.645204614137846,1.6856711780384894,1.713925742156124,1.7535245576252265,1.7803390031660065,1.8114487314993701
3.986792663823934,3.742701008183308,3.385062708591507,3.382070788294008,4.321417833862909,3.9839896891833173,4.33628480946262,3.9061804932032387,4.325277589218557,4.267711738699499,3.922940324666963,4.314429522027871,4.102418315457112,4.352258789079161,4.371142066921672,3.935551435334428,4.355773328260192,4.023524967424976,4.055520301331831,4.312143960763552,3.9876353599444254,4.346246928012464,4.2436992525915205,3.9220768167230635,3.7358379365094536,4.04456866682141,4.17910897255147,4.077392655592109,3.8946572053922455,4.187733525513247,4.019855148095827,3.719433858567176,3.695190303698432,3.7233618087098943,3.6716395282846173,3.635748018533558,3.608271172157962,3.596186312650261,3.5535728080484037,3.471297794401853,3.560949621773669,3.3959817022937293,3.443403728933896,3.2480777588522938,3.3035991281372468,3.230829456478729,3.030658587010235,3.3087121093435305,3.0784187190424013,3.085604231729087,3.010760021469675,3.075831663300981,3.03789488322726,3.0623154456432635,3.162289370567304,3.0658952107029025,3.0418557386646237,2.7550151856181446,2.997053615350265,2.8741603835357705,2.8751091878452724,2.860654732323705,3.083349754989289,3.0421559348557308,2.8936957819017173,2.769478729097447,2.8323193165487726,2.9161820204902718,2.7061642794262206,2.927094868897862,2.459984175937929,2.5139478811616844,2.502494777567007,2.7987984223773914,2.921906512177201,2.621387389280592,2.7198794867973426,2.7244191232421575,2.817551232520973,3.1300361501589964,2.7377598592659913,2.771784455874736,3.0998258091349826,3.133280550295733,2.8296822364067564,2.5348379990503083,2.364249451562596,2.095493903977475,1.8933710079216601,1.6322678766329417,1.3419119950631893,0.9697940860788545,0.8036183520556133,0.8193625637560558,0.9550019286853518,1.143801152357262,3.2940396308911404,2.8834385860852536,3.26000629099682,3.3370847457514854,3.425568715436584,3.206662833254802,3.429211874661752,3.368968755555485,3.113744117266571,3.5205183080133913,3.339194571720999,3.651729803512261,3.558051984955441,3.5865234989600987,3.433992535671305,2.689737072539374,2.6662188890883907,2.552584015228096,2.369511533727103,3.080368951958092,2.7654772840910113,2.224598841220064,2.2060263778537204,2.12017802151134,2.1906284152543196,2.0319175624369517,3.2118470422857346,2.9009422757002157,2.622663564961497,2.5257073963703136,2.4926902772811617,1.9105142897831533,1.6886462591974638,1.4785292432880885,1.4974773442885552,1.57187557424302,1.644895317271249,1.7252990803987263,1.8825853717547567,1.9677738627961772,2.1939510415126886,2.511019147158505,3.0573393338075143,1.0970640909739986,1.0111483488512463,0.6758221186601083,1.2619711217179215,1.587664203347357,1.8660823846932333,2.340532326179545,2.8406510870507673,0.5587511795515943,0.34030267022769745,0.2727032225679145,0.5743703152077398,0.0981824040476972,0.0,0.19122367804693652,0.5332500641296649,0.800282992304526,0.6579725305287862,0.7594195093249858,0.8144529484904033,0.8532954324636896,1.018716087903776,0.9041566151829116,0.9994789798289574,1.0281970760696009,1.080245442165806,1.1109080811767864,1.2385702817090831,1.3595095839941622,1.4998890965955547,1.936084522332673,2.337670282445126,2.647239876105255,3.084409169639533,1.3889544199522743,1.4450437388710795,1.5115918551217433,1.54183226759898,1.5470787583530052,1.5876296125599036,1.6159525902372447,1.6553541191583778,1.6821577090351394,1.7132672453840008
4.145457473488724,3.900453157702236,3.5335185135230422,3.5212593686422586,4.481316324248762,4.140347258681551,4.494030855416467,4.05991425329661,4.4807737558610885,4.422743168203007,4.074350060221364,4.467915539951139,4.253560398144442,4.503550569082072,4.52993851906876,4.082688156989357,4.5061641521176865,4.169548088379888,4.200217991614886,4.45809588831307,4.1293672234506635,4.489569004197408,4.375295001163922,4.048919975737755,3.8628760783786045,4.167609360289815,4.2988934352474315,4.1951588423627015,4.009042497363395,4.300901532091518,4.123066499059578,3.809421738156154,3.784231471480439,3.8084882961832123,3.7561573887152697,3.7193471107531337,3.6899045483967567,3.676361829494657,3.6338237211861193,3.5503552476014018,3.6321617740861885,3.4696132502979578,3.512517816268865,3.311748298874085,3.356195307527349,3.2767690959751454,3.076382657885879,3.346692132408573,3.1178430859547523,3.122453823895122,3.0416651278947278,3.1012906510988802,3.057448464115824,3.0747521633279624,3.168465684948967,3.0703083470909776,3.0436148902465905,2.736612949508108,2.9976695621880993,2.8747470505349324,2.8743262028034278,2.8577606162579583,3.063838664100331,3.021559813233511,2.8681761952077807,2.7383068808855136,2.7985677251739585,2.875586699754206,2.6141649871409185,2.8329474031675734,2.606132878903721,2.657834586810021,2.6418041961026515,2.9350951962057246,3.058115583600521,2.752524373309692,2.848631371347972,2.8475617542999907,2.9395479345306077,3.254865892774525,2.8554527618616623,2.886109078619809,3.219335281006846,3.252307088793326,2.9402536077742156,2.644274953714913,2.467264657807114,2.187385928854384,1.9758171055886713,1.7001963567505654,1.388345157332407,0.9582648726000244,0.7101970510853503,0.6562486656637068,0.7638242230742852,0.955306443194829,3.408170998093017,2.9822539634313654,3.3644588516465115,3.4423814446693477,3.5334770136351876,3.3033478550301645,3.5338884704161933,3.467441896315184,3.1998782536292265,3.6229451609674137,3.4259067893277244,3.7506853689848514,3.6475923962598436,3.6752605459179395,3.5126113461840442,2.8483550977177314,2.821024876271946,2.678294794189473,2.5230558534211687,3.1604852473941225,2.8695674946291487,2.3821080773075116,2.360344661001643,2.2743778871336904,2.307980030592724,2.1868104566895625,3.263430057246233,2.961757196505023,2.69826146799279,2.6102022895752586,2.580080193253491,2.0451091977127436,1.8438055587997975,1.6337180267436564,1.6380163054557293,1.6907815657001521,1.7495900130298707,1.815953655205407,1.950571204412378,2.0241608446661066,2.2353207169130687,2.5500489714015484,3.0914014447195637,1.25403788710277,1.061790910565192,0.8151798946997416,1.269485057643582,1.559834124699528,1.8183478603292604,2.2862605666546405,2.7912737606219564,0.7128794208856826,0.5059756469378542,0.36654763995191253,0.5391207474450479,0.2771151297761533,0.19122367804693652,0.0,0.3500677751108456,0.6106526361757305,0.4882951827291962,0.602814701779634,0.6590693745259129,0.6987267137111642,0.8318703952339054,0.7700456921981149,0.8479626664589209,0.8846746919146172,0.9354526886844481,0.968929170131421,1.070239669745624,1.172094232903019,1.3086977254986267,1.7516702961488881,2.1619315493643665,2.477264054906706,2.921499938882153,1.2480774451610446,1.2980090569544,1.3561720124518042,1.3970377586884766,1.3915265653710645,1.4431664673218791,1.4729851825856144,1.5056702256640322,1.5298246594258795,1.5609089115702186
4.487883612505725,4.242385538214441,3.8690045395419066,3.849075278767413,4.824416640606205,4.481247160074303,4.83573437043872,4.399010815938651,4.820940213371961,4.76260402738557,4.411724715401299,4.806641761535896,4.59063417725073,4.840613890322856,4.872321288805329,4.4167138796091185,4.842530080699596,4.502604081708966,4.532147776841796,4.790906857280322,4.458809082578607,4.8201267973081805,4.695133116542958,4.364424114902086,4.178827116423179,4.479073441942926,4.606757176561583,4.501009606272159,4.31152409646228,4.601566892533512,4.4127111009352795,4.083963841837571,4.057678909813124,4.077000521832152,4.024061760227181,3.9862099740073034,3.954379226590968,3.9390290836059663,3.8967287797394055,3.8120305115496285,3.8833810937412077,3.72461441359804,3.761434592727541,3.554305970972605,3.583427831921775,3.495081092039704,3.2955757150613976,3.5531816178946563,3.32780153297263,3.3286620578811363,3.2397298400190655,3.29083417459155,3.2383784295590243,3.2445822267805227,3.327734096198316,3.2275332530770937,3.196813646754897,2.859553395379055,3.149417988627423,3.0275410111132617,3.0249235924188005,3.005105609034076,3.1816831531647103,3.1379321818246284,2.977569127919945,2.8392617767723785,2.8943106368615865,2.9582758493548313,2.59952006361946,2.811055614638107,2.940916068801737,2.9907847790306032,2.9710740087953846,3.2612309488160234,3.3839593197859554,3.074412311395154,3.16808590493475,3.161634153667726,3.252245456279441,3.569651007404376,3.1640486570299773,3.1911339582599125,3.528830560827668,3.5612288576032194,3.241134417156286,2.9450142253315557,2.761909967635781,2.471447531039686,2.2509384462563835,1.9617039110453374,1.6299270433110509,1.1411899263122376,0.7806885157056446,0.5460052053625039,0.45879581881227904,0.6137152411085183,3.7115804411445454,3.2699566233896533,3.657317077477466,3.735979674725784,3.8297754733152467,3.5874483119284544,3.8265451941433652,3.753128621369587,3.471713126628012,3.912799513897916,3.697609168849514,4.036172230773382,3.922050291737921,3.9486496181304216,3.7738637623033977,3.1914129070917525,3.161704190442616,2.9953141206298572,2.8632141742185406,3.425036107922047,3.163635485498021,2.7249081974733604,2.7012064606144652,2.6152783490310525,2.6182192114176024,2.528266303034678,3.489738082813221,3.2023576294283522,2.959553823704492,2.8829040309473895,2.856399261971396,2.3720535752456557,2.1859747516561203,1.9763309242267482,1.9711636387022249,2.0059613562721177,2.050786303328829,2.101866530600914,2.2088234872105565,2.2669965821640323,2.45563880535512,2.7638307569934972,3.293755861533706,1.5985548375446068,1.3185636421897826,1.153601558459601,1.4633538707947753,1.6890264733866773,1.9055708945229624,2.3517182847266658,2.858835020199416,1.0588088124284825,0.8556986067647799,0.6985818032689832,0.7362049142276129,0.6253439599285817,0.5332500641296649,0.3500677751108456,0.0,0.349500204913681,0.16136374870062875,0.2957317152929218,0.3493949190817456,0.38777618899270455,0.4863937049542861,0.4969273610904884,0.5349276024434825,0.5848501587851586,0.6310776661110022,0.6683181908250273,0.727980726191131,0.8273003779804619,0.985850301644037,1.486401617184357,1.9298177953822013,2.2628735299062037,2.7264799388728345,0.9416081793018495,0.9812424692040742,1.0270517476601995,1.0821956841456297,1.0619279904387255,1.128226003363315,1.1598518260553896,1.1827866694510671,1.203251984039262,1.234071696901339
4.619526147956009,4.372796787162111,3.978157348573005,3.9365572227293666,4.957993404434408,4.606743541375693,4.9633662794960225,4.5180661026065705,4.942598090686646,4.883286272131194,4.524769378881843,4.923073972228603,4.7020593609484385,4.951220030144614,5.002670552728755,4.519076182478321,4.950825804653957,4.601748250855395,4.627899807879999,4.888342140901682,4.547880370507841,4.910994806036766,4.759317127337375,4.420254457826947,4.236502145840549,4.525805599366645,4.6455931819526715,4.536313284252963,4.3412173066059045,4.626485939087518,4.418770986150682,4.067188265524283,4.039366546540376,4.051048706792422,3.997526015441873,3.95835882473052,3.923199155161238,3.9053033501393735,3.863633282202919,3.777733922360264,3.8337981635124447,3.681440225628337,3.709563958634079,3.4955046086980466,3.5046403927227683,3.406070073398445,3.209489446882198,3.449643423200936,3.2303609848414685,3.2268275422785577,3.12943797156521,3.170509447653216,3.1092030540653472,3.103612923283331,3.175152691457875,3.0738609603906166,3.0394319741801965,2.6770079803739177,2.99108386626857,2.8715615134810597,2.8667977124977266,2.8440058712340943,2.99104168305861,2.946390501513051,2.7814598091465226,2.6373174284620213,2.687254010824041,2.739605437561083,2.3144294639081457,2.519916267539711,3.0536742015716225,3.0977998119435033,3.0682184569626982,3.3480806988405063,3.46921143123404,3.1525676326276346,3.2399221350953105,3.221891777968086,3.308886853406809,3.628308937109052,3.2131724030574653,3.2330953955726494,3.5768461128392066,3.6078683816513477,3.2748934452327423,2.981378234320602,2.789552518358985,2.4856103054058987,2.2551814270322312,1.9529509477929754,1.60574510989864,1.0788969555663317,0.6543014322258199,0.3001156639920034,0.17482346061999215,0.4277447363073584,3.746471423676978,3.2804001687011137,3.673424598209762,3.7528307466116972,3.850789249066466,3.589291165608844,3.8411468040484547,3.756380023543391,3.4551325265651354,3.9220116934866853,3.679043195444662,4.0372652401741576,3.906160280822885,3.930932947229719,3.7392287727748155,3.3313241564004983,3.29237111669624,3.063320245585804,2.9940888346887613,3.3979828276162496,3.1859137625892546,2.866988895589401,2.835970473367572,2.7509485706792076,2.6763901201313094,2.6668187268985095,3.410595965803587,3.1442508242703773,2.9325284076937077,2.873610575794783,2.8529651965396656,2.469769161347222,2.3309916441023883,2.1259138295315347,2.090983258689089,2.08393641472425,2.1015653422759137,2.125961246027645,2.1895279579241835,2.225648422461025,2.3821828782489587,2.6775461055654115,3.187811710581725,1.7624366859768166,1.329717447066728,1.3107319663804504,1.3903070511418854,1.5378351339044203,1.708352410315089,2.126767409820225,2.6289986099144538,1.2444406429338406,1.072460579232195,0.87428393171552,0.7469898983702482,0.8758025357770601,0.800282992304526,0.6106526361757305,0.349500204913681,0.0,0.39929920813587527,0.4976531455865821,0.5256146419451452,0.5482303554189064,0.3514792575658414,0.6920584530948612,0.6513465959430605,0.7191360237011718,0.7480967437923863,0.7870526625004256,0.7103327590668842,0.6393373718819843,0.7139196151958871,1.1493603443749552,1.5827768744319601,1.9138472692928068,2.3770134383419195,1.0162951770710624,1.0280334024366233,1.0343753499045907,1.1262973610118252,1.0651483855376853,1.169040332162196,1.2031565119853875,1.1990750567593025,1.2074128218680222,1.2357479545873509
4.633695226047981,4.388626320642951,4.019593835377389,4.0030883197866345,4.969604235651658,4.628342288423201,4.9821813218288025,4.547430205387116,4.968608216042947,4.910495911852595,4.561263105376368,4.955330649465179,4.740365623148737,4.990364597204729,5.018176461987626,4.568113007641429,4.992693191526689,4.654485931115657,4.684555332577407,4.942926346337766,4.612265822499191,4.973155573799792,4.851716310750425,4.522003772300839,4.336287496625099,4.63747058367763,4.76577602193879,4.660319618762431,4.47126307634198,4.761544550217245,4.573605580107732,4.245321159718811,4.219041137345503,4.238341227668129,4.185396111865413,4.1475303670913615,4.115655820628372,4.100262580136891,4.05797060264453,3.9732436658976855,4.044157046883925,3.885592398251999,3.9220981486593,3.7145994946355385,3.7424254610556966,3.653173303710289,3.453849887477679,3.7098130299659244,3.48498792721232,3.4853752289856565,3.3954051392163613,3.4452343903408216,3.391471630110658,3.395798682139687,3.476946848419075,3.3764672117610672,3.345011178335868,3.0019659395722686,3.297390739393367,3.1758702255635503,3.172831498817145,3.1524023623564497,3.322393008289957,3.2783724738747417,3.116659293089712,2.9766112594279233,3.030260172188079,3.090754160941525,2.7035024782148387,2.9116495569136025,3.0917614263502937,3.1425368383581658,3.1243906139914355,3.4157450694156166,3.538594289609711,3.2302018620231263,3.324549390870634,3.3193295697993985,3.410233897600236,3.7272760673474803,3.322750650556745,3.3503842538892687,3.687450357943406,3.7199498687123103,3.4009264667613857,3.1047658944196916,2.922246601209651,2.6324419483060253,2.4122131794520207,2.123052198837981,1.790856888803296,1.2987383059210622,0.926191446243861,0.6536739677103807,0.44830448973670467,0.5327873567762041,3.871133533679705,3.430871740079055,3.8179343044734155,3.8965477782189186,3.9901238242894466,3.748565945991432,3.987194357687861,3.9141887945291733,3.6330765360155524,4.0736470149978645,3.858972898199683,4.197259199685607,4.083406496680846,4.110011474681016,3.935067036884323,3.3366267068703555,3.308912128328713,3.1523294263921375,3.0107837878087063,3.5863370216429886,3.3240938309511363,2.870346039195701,2.8482400656411184,2.7622745080569193,2.7765018039929537,2.674824015607871,3.6486755142960074,3.3625942849713737,3.120815511064176,3.0442555682770167,3.01769941299255,2.52605643968632,2.3319233107940778,2.1218863374199795,2.1225338366705824,2.163015026480217,2.210194511759955,2.2626749377088493,2.3700973828741967,2.427671810421632,2.6145006603486953,2.9218004018173045,3.4499830092094443,1.7423330665858343,1.4799273520402165,1.3017228462417538,1.6209124588556334,1.8361127409050024,2.0426658174276637,2.481387107187976,2.987497176613369,1.2011467734781611,0.9916964070502583,0.8484106517493716,0.8967992379071393,0.7542469939346069,0.6579725305287862,0.4882951827291962,0.16136374870062875,0.39929920813587527,0.0,0.13565044886071123,0.18818143316772212,0.22641433225409446,0.4008242853440208,0.34137133229209143,0.37394202896075307,0.42358658134833427,0.4697266685347488,0.5069625371663109,0.5822903472002687,0.732104960266057,0.925782141767322,1.4734207980192868,1.9353413718300183,2.2769735574001198,2.749335951447201,0.7806346388988751,0.8217916150407232,0.8716000205602586,0.922496292832914,0.9067382852979944,0.9685973826542331,0.9999347643437326,1.0251744566531609,1.0469384092939644,1.077891231821995
4.744617396311319,4.500088219237771,4.136063706084241,4.12366858523719,5.079757517869189,4.740685782040322,5.093720397486381,4.661280182544182,5.081515036235589,5.023667383678596,4.67638569692134,5.0693967535454645,4.855671931695282,5.105644013807733,5.129052493060814,4.685404638445491,5.10845133198669,4.772335857392099,4.80303263266992,5.060891084900107,4.732040098499694,5.092344061737948,4.975526118720243,4.647259429612783,4.4613920020886955,4.763937667483075,4.893222186779832,4.788260615061905,4.599970786939839,4.890678217598174,4.704773199572202,4.3784698021122015,4.352303791627813,4.372095300385431,4.3191982709481325,4.2814200633360135,4.249743561887544,4.23449194318222,4.192175519002988,4.107530448682615,4.179112301604391,4.02031704706406,4.057152722900242,3.849892572158338,3.8780525636797956,3.7888163949628004,3.589498851640285,3.8452941912113094,3.620553238348031,3.6208724137636468,3.5307047514186447,3.5802152033445034,3.526066176035338,3.529751130344129,3.610122208549546,3.5095394187907023,3.4777833173137784,3.1321883958918035,3.4300742612868147,3.3087169319382808,3.305503238519841,3.2848180855046474,3.451710690829871,3.407565631844598,3.2452136609907916,3.1043170320464193,3.157217694043803,3.2158259206843485,2.811824627506443,3.0175694061252605,3.208847744830397,3.260648235959516,3.2443604913883193,3.5370923408405286,3.6600609739127647,3.353225748549513,3.448440047940286,3.444927602993185,3.5362402253276057,3.852701495587495,3.4498482735010443,3.4783564138383714,3.814366604499922,3.847019987656308,3.5298259374372525,3.233630742618797,3.052240465803403,2.764008676230057,2.5448022419843994,2.256791503792694,1.9256500970523862,1.4343701634735295,1.0589554820607228,0.7721304982215941,0.5054158632604795,0.521387295379967,3.9995595580394103,3.5621524481646163,3.948450696527345,4.02694749115531,4.120042623285113,3.880441624041443,4.117774206986438,4.04586782591298,3.766406650265369,4.2047109235683715,3.992358830637392,4.329013402707603,4.216539782291525,4.243263892595071,4.0693797410437895,3.447379770550821,3.421836023219814,3.277009469677437,3.124257102323065,3.7203310261795646,3.454297404420859,2.981614709001977,2.9612301332684408,2.8752813044897003,2.903073357305607,2.7874235904892033,3.7843073789183044,3.4979140617625206,3.2549669221132107,3.177352354153695,3.1503888400968663,2.6471099860233114,2.4441741771807264,2.233959427005936,2.2408180598897087,2.2880848829089455,2.338657705326374,2.3937997337522705,2.5042208151824568,2.5627140761989033,2.7501350069704427,3.0574396847714547,3.5853951020145174,1.85318583221016,1.6134337267108072,1.4178685488283966,1.7565379992309749,1.9687505505065832,2.170689086713441,2.605234137683306,3.110495492733027,1.3121200116009766,1.0981712093775684,0.9678834546499698,1.0318825377772887,0.8572944335022072,0.7594195093249858,0.602814701779634,0.2957317152929218,0.4976531455865821,0.13565044886071123,0.0,0.056355328834952596,0.09609217130084245,0.39556785796660304,0.20789491376396096,0.24580321944410452,0.29002904560492043,0.3379018289680027,0.3741342221055256,0.4851328043660455,0.6962637667611279,0.9201227434917258,1.501095082387073,1.9749010796030084,2.3218855259420628,2.7997352779232236,0.6506065224983231,0.6962070362026308,0.7540284065134595,0.7960245465795864,0.7894561611712133,0.8421972043596532,0.8727625808850122,0.9029433901125317,0.9270708269436109,0.9581650359411857
4.8002120457076005,4.555748931145322,4.192193278707412,4.180001157860475,5.135254861209059,4.796438579554645,5.149379892947025,4.717185518758598,5.137321876581637,5.079501828798284,4.732404681244413,5.12531749647095,4.911704376318848,5.161671848881775,5.184635343706894,4.74158471090826,5.164518075470158,4.828549499868585,4.8592806345534365,5.117109694583585,4.7883457438862065,5.148624804521762,5.031864959146026,4.703541621124143,4.517681496421305,4.820137432572232,4.9493270787348,4.844305526745453,4.655905394043013,4.946543741599578,4.76017257765209,4.433091307827036,4.406864297885496,4.426361911690972,4.373432758556578,4.3355945613295335,4.303773586990411,4.28841003356455,4.24611342119621,4.1614006462446325,4.232282995273929,4.0737667360742735,4.11018511345166,3.9025208807278395,3.9295449394081485,3.839642716184653,3.6404648878309622,3.8951420936141274,3.6707751764376053,3.67078918276236,3.579989169046111,3.6287485909291184,3.573877367259194,3.5765619799920545,3.6558960292783285,3.5551937655671826,3.523080601919263,3.1748706742595707,3.4752721182347783,3.3541171760452713,3.350698859669826,3.329723464377968,3.493518243931167,3.4492671503934615,3.2863760695148954,3.1447811977678506,3.1970568183146253,3.254167981436335,2.839267768282059,3.043532381882449,3.265030735971742,3.3168894576410253,3.3006797591601966,3.593441376665388,3.7164113084489214,3.409576130049068,3.504773225806208,3.501183972578989,3.5924693787707658,3.908970831693016,3.5059812610541106,3.534388001053587,3.870520629686533,3.903158981068615,3.5857212505564124,3.28952844035581,3.107921532417051,2.8192661947341966,2.5996737187424457,2.311054628129736,1.97902773164153,1.4851889067158397,1.1049042536841815,0.8081983238166129,0.5152444378945878,0.502428116097376,4.055532876369135,3.617509547942453,4.00402032284486,4.082546251995515,4.1757511251748225,3.935607338859231,4.17332935583556,4.101102540324475,3.8209271093645425,4.260137029219137,4.046849058875441,4.384224610614952,4.271168541084449,4.2978294780217166,4.123227884465472,3.502986969829163,3.4776753142421306,3.333313724756501,3.180157712254175,3.7744294949126345,3.5099367540760786,3.0372970303781424,3.01709013311934,2.931146035236151,2.959250962306755,2.843252160542909,3.8357564582851476,3.5504905588640527,3.3089450542609735,3.231993083598507,3.2052240834519115,2.703457498325144,2.4999847522247465,2.2897652072593724,2.2970844103072805,2.34436091189129,2.3946032346721826,2.449185043332634,2.558217134120002,2.615772161020064,2.8015818788540385,3.108228451731157,3.6350103855988185,1.9089004589878937,1.667826437491665,1.474059019669537,1.807255736771225,2.0141204798058228,2.2116454017887257,2.642802534237169,3.1473128658132414,1.3679260548953076,1.1535682585525997,1.0242287204265217,1.084912223969642,0.912428699623542,0.8144529484904033,0.6590693745259129,0.3493949190817456,0.5256146419451452,0.18818143316772212,0.056355328834952596,0.0,0.03973764687301495,0.38234130464769644,0.16741810427620715,0.18946918933443788,0.23545646462939032,0.2823891135759974,0.3191158961544923,0.4344388476585739,0.6653849115430491,0.8992633861869223,1.4914935853774682,1.96947232830881,2.3183728020543244,2.798252059903191,0.5947124266272478,0.6398602323100891,0.698154281354883,0.7397177040106694,0.7336010362946968,0.7858901848712528,0.8165088820992731,0.8466372465653761,0.8709110569486208,0.9020112361334724
4.83936923894643,4.594954698636203,4.231744942477426,4.219712535334468,5.1743406783918875,4.8357109360018145,5.188583521554505,4.756569849390457,5.176633211786328,5.118833504541852,4.771873064179359,5.164712644773993,4.951182591841142,5.201146391367336,5.2237831244860775,4.781174254392888,5.204021690337535,4.868164781043166,4.898922642734953,5.156728691821632,4.828034029763799,5.188292714196957,5.07159771840816,4.743243957110925,4.557388058160708,4.859790369279964,4.98892084441698,4.883861358444505,4.695390766431347,4.9859841400152085,4.799307912646095,4.4717110067850125,4.445443407555473,4.464744296242748,4.411793985358628,4.373915866846976,4.34199828536538,4.326559761059536,4.284276795318878,4.199519334699509,4.269930665478407,4.111603901789669,4.1477410422434104,3.9398073835000442,3.9660639043966146,3.8757127640585423,3.676634279573902,3.930547335537715,3.706440151965557,3.706247364633831,3.615021437796255,3.6632693663777705,3.607909438317108,3.609913365263012,3.688537102324671,3.587758257835737,3.55540329492641,3.2054321413936293,3.507529578785444,3.3865193250475425,3.3829618353847435,3.361789960826995,3.5234587246863245,3.479138143128737,3.315890517523467,3.173830271433232,3.225673617450686,3.2817540951714714,2.859412408116969,3.062620077563855,3.304623768716703,3.356527018030923,3.3403797862373485,3.633168505508406,3.7561398509595416,3.4493133183630005,3.5445033996125637,3.5408715610830663,3.6321407218673136,3.9486658801261627,3.5455937579570107,3.573936810110899,3.9101458590634643,3.9427748468317905,3.625183060643734,3.328992470377159,3.1472466615871855,2.8583175255926716,2.638474723236693,2.349461562426239,2.0168643568582043,1.5213927668383165,1.138047160142259,0.835220786176907,0.526022723251791,0.492832377913693,4.0950438517072145,3.6566210529414716,4.043269713299531,4.12181447586512,4.215090755101543,3.9745912422779046,4.212568770993093,4.140131296291505,3.8594834524119883,4.2992914223619945,4.08538356096029,4.423236716409583,4.309794005729369,4.3364126249858295,4.161332125428101,3.5421573647050977,3.5170139175760053,3.3730287993997843,3.2195419320350207,3.8127046834831355,3.5492332556821604,3.076523756096713,3.0564453859484986,2.970505065127888,2.998891558741101,2.8825853759224445,3.872248023608675,3.5877481159642897,3.3471453166979774,3.2706345773237326,3.243994490828198,2.743183112666743,2.539306826721011,2.329085262179054,2.3367425415691927,2.3840605570965065,2.4341005872195725,2.4883229164039204,2.596442506442384,2.65337388240465,2.838101099691786,3.1442940595798046,3.6702652531238287,1.9481592297941517,1.7063385139609866,1.513662355547871,1.8433529675985056,2.046629791550028,2.241147558784964,2.6699313347657307,3.1738641551984097,1.4072576057000765,1.1926256566688287,1.0639527536234927,1.1226037771894062,0.9513265330430821,0.8532954324636896,0.6987267137111642,0.38777618899270455,0.5482303554189064,0.22641433225409446,0.09609217130084245,0.03973764687301495,0.0,0.3781500664579532,0.14508779463848961,0.14974485063450865,0.1974711207022287,0.24340786280616564,0.2805536589760844,0.3997728831723726,0.6459755570533621,0.8867306988516469,1.4862991048641985,1.9669360452519993,2.317046977792675,2.798218369483369,0.5553102928468152,0.6001246345735185,0.6588540796054662,0.7000053753280666,0.6943142446817706,0.7461775285217346,0.7768316554653976,0.8069547903223834,0.8313583499147267,0.8624629979656175
4.937144119301854,4.69079528925902,4.304478451747438,4.270240763672062,5.274943804144183,4.927017651704229,5.282936696103031,4.840945232635159,5.264671226055723,5.205726346079469,4.850019552724775,5.247242123034192,5.028038501557375,5.277650261998265,5.321080201440174,4.848255810591491,5.278117753501545,4.932096998609395,4.959408763426545,5.219435528596425,4.881496754786867,5.244248881080454,5.099951532996251,4.762648473795041,4.578381477762242,4.870143447020113,4.9914390493262415,4.882711776064365,4.688419688642863,4.974480006394855,4.7688129646612705,4.418502372007264,4.390720571759445,4.402522663476816,4.349001828838814,4.309837827644088,4.274668206467842,4.256745821834017,4.2150861267524755,4.12917575785974,4.1846927534064875,4.032665673507531,4.060356006822603,3.845887764988466,3.852904451262845,3.7528932272224687,3.556953291383589,3.793728457986979,3.5758967930161125,3.5715242336345767,3.472483296975826,3.5110843412154344,3.4474914146942375,3.4383098393497256,3.505638817149595,3.4041903264981297,3.368443032639135,2.996339312708085,3.3198577731701047,3.2015768345222786,3.196010147827678,3.172127059985359,3.3050601941695232,3.260096677394529,3.09335854335726,2.9465974688758765,2.9932736217830986,3.037950497933773,2.5541492997345467,2.749641278499796,3.377610177843593,3.423962376039346,3.3978369849966508,3.681399097235476,3.8031527577251496,3.488254812180791,3.577472985064025,3.562369005039597,3.6502987260877298,3.969541321474846,3.5561397615739083,3.577517130038854,3.9203587722042648,3.951682890334928,3.620828763314005,3.3265950281916585,3.1360456708234725,2.833720064803366,2.604217348995643,2.302896350676969,1.9563871457190565,1.4303436433968966,1.0047974501961596,0.6396470365962491,0.21918319760960814,0.1319693932343743,4.092545270689657,3.6295848088691853,4.022163555986588,4.101517533140061,4.198997011935919,3.9394435853170697,4.190137305352424,4.1064720876796175,3.8063552127675204,4.271610141151189,4.030365018137771,4.387617477130915,4.257427511095138,4.2822598299729595,4.090668119273224,3.6440506880430017,3.609249495209538,3.4016791430449556,3.3104665422860835,3.7494435213449124,3.5335599241166626,3.1780403755224707,3.15036151422943,3.0647811847533877,3.016668670614721,2.9791731209834555,3.7588802749236376,3.494832530020107,3.283951059021345,3.2242946913425206,3.203218763124859,2.798151514791879,2.6395575239546267,2.431687648169129,2.4100595493174577,2.417659637984976,2.4424503527875516,2.472097140087226,2.540435559918422,2.5771254711942273,2.7320246803345976,3.0255536261947737,3.531717719671237,2.059528407602797,1.6755895831389283,1.6086963849223186,1.7414094604054717,1.8756217060662677,2.026588057276196,2.4248488651986233,2.920071094806221,1.5261654100524902,1.3326761128811153,1.1570112993986663,1.0873928968144602,1.1088881112510487,1.018716087903776,0.8318703952339054,0.4863937049542861,0.3514792575658414,0.4008242853440208,0.39556785796660304,0.38234130464769644,0.3781500664579532,0.0,0.508051815119269,0.4033048547597404,0.4714120687454961,0.48068187598191825,0.5150559072546922,0.36753105212626513,0.34092312005571324,0.5280774511936576,1.1091970558019448,1.5887859935094288,1.939083511655675,2.4208495619680925,0.6966871050347215,0.6954220559227968,0.6891594248311431,0.7899927880917786,0.7185715012685945,0.8307257099107065,0.8650026176974487,0.8536232484516464,0.8595022239963697,0.8872134010755709
4.886523233887496,4.643211356166579,4.289133788875564,4.284955722475399,5.21996690029967,4.8852995356015425,5.236553437285342,4.808846146169922,5.226977907531351,5.169677042388983,4.826409985205143,5.217108941538177,5.005935404325094,5.255702004516481,5.270599570234005,4.839690801456537,5.259448267214604,4.9276800314547735,4.95961644716045,5.216299587147041,4.8912908831462945,5.250207447146177,5.143099964169355,4.818129074870371,4.632017980262453,4.937460487195305,5.06893755822157,4.965167631793244,4.778762950761275,5.070401933103898,4.889710046380904,4.569110263488478,4.543303816018372,4.56467544600768,4.511950125818018,4.4744758265409725,4.443492606533666,4.428751516425675,4.386354411105769,4.302024207225446,4.376313231519656,4.21653422275841,4.254841375229084,4.048874205355757,4.079880996278035,3.991955530353346,3.7924063363376472,4.04995818488984,3.824699934710543,3.825459692877821,3.73609892845092,3.786380021923876,3.732820092379771,3.737094632184104,3.817838965584398,3.7172866201102828,3.685601565224326,3.339864102075825,3.6379083501590004,3.516518999320459,3.5133386727654985,3.492687975794675,3.659118726948507,3.6149333361639693,3.4523550339590385,3.3111139130080423,3.363662357173119,3.421256693370802,3.0043253475672267,3.207681691796882,3.364104131148683,3.4178310494444446,3.405230309764084,3.700428354925493,3.8235290199791243,3.5201846811944657,3.6171249481287715,3.617268444537974,3.709403270195228,4.024374553289762,3.6254964814818385,3.655971542112018,3.989368662377153,4.022350193392686,3.7095709507451136,3.4134852610470814,3.23491874104573,2.9508424977633028,2.7345400149243773,2.4501131298740915,2.1228549803457515,1.638097093987598,1.2667300670291999,0.9755484253511709,0.6693499796706291,0.6115747891875083,4.177935205218724,3.747787286696572,4.131947678848603,4.210116974612628,4.301969456942096,4.067541872834586,4.301366802355858,4.232375165370749,3.9577673708192678,4.389525382633568,4.183832299387778,4.515636445362104,4.4071712817733735,4.434257170380125,4.263976539866329,3.590314578339439,3.568865483437435,3.4475199317810934,3.2727555770677332,3.9138709488779284,3.6372419786234174,3.126256584124972,3.1090990408688177,3.0233388221592596,3.078024930375545,2.934897698847475,3.9862387099304897,3.6971058918403243,3.449185302451661,3.3682082958100366,3.340063917040651,2.8109670490997556,2.5917979985350788,2.3818615043974476,2.4001523321089464,2.4606753613291814,2.5184577249579125,2.5798125505260328,2.698645987076182,2.760678570811256,2.9522374740370494,3.2607347162235243,3.7903849110670973,2.000355387608659,1.8066803551861965,1.5766264039152873,1.9602713009603803,2.176579484974445,2.3777074727115672,2.810044018325202,3.3146666254293233,1.4628757326439734,1.2439301204678066,1.136026046708563,1.2312042708961235,1.001929238896674,0.9041566151829116,0.7700456921981149,0.4969273610904884,0.6920584530948612,0.34137133229209143,0.20789491376396096,0.16741810427620715,0.14508779463848961,0.508051815119269,0.0,0.14838700924190792,0.13564463242012945,0.18682816846818265,0.21073000919296192,0.431681142153077,0.737665382920809,0.9944840720438032,1.6077414440927456,2.0926322386518983,2.4445562971119807,2.927609934400377,0.48532893746822436,0.5459398171274,0.6264139592124839,0.6398633704180822,0.6613636079682027,0.6852378252563044,0.7126568144384287,0.7575675469141516,0.7879232250369911,0.8187464119163145
4.9862310866617685,4.742028373949905,4.380353159441362,4.3691491174951596,5.320893594874245,4.983065077140439,5.335636195402541,4.904413372287456,5.324150657426679,5.266440524348841,4.920091797648962,5.312598502042998,5.099443951732484,5.3493884704053345,5.370597164425131,4.929957989703769,5.352396906593508,5.017074218619489,5.04796705752751,5.305655011780781,4.977328665800086,5.33747257389389,5.221329333962307,4.8929767860020545,4.707125262152156,5.009441479813689,5.138440464615432,5.033288014960913,4.844634211623921,5.135103560198139,4.947539150628996,4.618343634273824,4.591947633985422,4.610617424260937,4.557600902590875,4.519595482395881,4.4873667585408015,4.471685627040587,4.429448944377568,4.344550418643794,4.413414815440524,4.255721069863963,4.2909305199800185,4.08212168695778,4.105813304469518,4.013961992386189,3.8152466716544797,4.066535932065966,3.843346335143336,3.8424532489463057,3.749798697898248,3.796293481516108,3.7392749270540664,3.7389417043336826,3.815093321023383,3.7140803670753626,3.6809001386363613,3.324969777488948,3.632816928903185,3.5123484103150364,3.5083121129459895,3.486469859645277,3.6406872926150853,3.5961436149725223,3.4317293802944904,3.2881222394936924,3.3384255572769086,3.3908602304934883,2.942522007086953,3.1417160816665324,3.4534396372338985,3.5055601986212666,3.4897494632360475,3.7827189866588724,3.905701794532918,3.599015670409869,3.694241311460413,3.69058532286796,3.7818278000894607,4.098389980118507,3.6951602852492016,3.7233507327633233,4.059739858555857,4.092347939520136,3.7743697177449915,3.4781877629487554,3.2960604123934423,3.0063401789569504,2.785753237188185,2.4955532664845497,2.161234235946925,1.6608488323068764,1.268435084532274,0.9478892497655558,0.5930525283404208,0.489375565280339,4.244358084646677,3.8047997781837037,4.191850765201931,4.270449619094236,4.363931525201859,4.1223757766041205,4.361118246993352,4.288049349637402,4.005936284329685,4.447586935416506,4.231758036888991,4.571098354069236,4.456449857624059,4.482933151954154,4.306318187573906,3.6891128761863516,3.664684109407234,3.522772265365613,3.367418276443392,3.9582616801045263,3.6979584530086083,3.2237353194443155,3.204202421364148,3.118281574703096,3.148520454823802,3.0302552573399497,4.011916538992209,3.7300006971410036,3.4924909764525385,3.417383060759285,3.3911454764446347,2.8927244609892218,2.686946636401427,2.4767295707817816,2.4858941833024004,2.533791086606943,2.5833940544723855,2.6366163601247234,2.741936997949781,2.796872051240552,2.9780306513483903,3.282651818138849,3.8057879253997005,2.0955826112056473,1.8528518932277336,1.6625793966651974,1.9822573108897439,2.1735913522634087,2.357740803884981,2.7778982936960848,3.2794019835432793,1.555046281237809,1.3394078616520906,1.213500559834893,1.2669130383995089,1.0976367517498764,0.9994789798289574,0.8479626664589209,0.5349276024434825,0.6513465959430605,0.37394202896075307,0.24580321944410452,0.18946918933443788,0.14974485063450865,0.4033048547597404,0.14838700924190792,0.0,0.06979113740860349,0.0998557169851771,0.1390965013953471,0.2846681972306555,0.5956240129433549,0.8589159545387927,1.4805606180287285,1.9689400785047624,2.3225249697620955,2.807504469140348,0.4067035342069974,0.4504143964780277,0.5123008786711272,0.550266004003574,0.5477873297125024,0.5964376501210088,0.627156588524204,0.657844196275283,0.6831038250885302,0.7142224416529682
5.013855569896038,4.7701471970062705,4.4125820812757475,4.404905816247805,5.347829569882907,5.011794774660237,5.363639244015078,4.93435878709503,5.353232999643028,5.295747842549841,4.951060961218703,5.342611989395458,5.130518033075446,5.38038249040957,5.398075986312548,4.962725861434052,5.3837857502952,5.05029733046126,5.081723595725723,5.33891730765603,5.012236413821409,5.371795090527288,5.259959923574888,4.933096676305089,4.747114105931454,5.050816411618896,5.180874561745239,5.076287551573846,4.888534624329528,5.179498509950955,4.994571037169175,4.668423197654233,4.64222639322527,4.661809073661072,4.608883668859882,4.5710498820512475,4.539226182577891,4.523848374938067,4.481555080209399,4.396830087914851,4.467401387268543,4.309046864245917,4.345209801092672,4.137219797627921,4.162978411935537,4.072158179947619,3.873197924226639,4.126107443846184,3.9023771202318507,3.9018939218625857,3.8100205272445997,3.8573965761084312,3.8011343380949523,3.8017668167005243,3.878830866816931,3.777893190479077,3.744988404672922,3.390754126564443,3.69697115112451,3.5763164166589605,3.5724382889470534,3.550810651363944,3.7070432180825392,3.6625471045810785,3.498377020751963,3.355077384436437,3.4056784089099668,3.458732628478945,3.0123048883782224,3.2114970291489526,3.486530928419913,3.5394708315810197,3.5252387332203883,3.819318435403829,3.9423732336184654,3.637198613587986,3.733216087112115,3.731235973900838,3.822876880198771,4.138793014992641,3.7373656766419923,3.766504809364857,4.101700109508046,4.134469309735349,3.8185735833620518,3.5223809047319343,3.3416128329993917,3.0539421014045987,2.8348269001812354,2.5464993540653125,2.2143037310525484,1.718105602826417,1.3303448340624586,1.0145516700281068,0.6628380054025604,0.5526728062476958,4.287972460870935,3.8520007333236728,4.238020244005726,4.316464892507498,4.409329957960086,4.170420005742892,4.40736582858426,4.335808484347004,4.056305677965421,4.49448170042155,4.282239817858037,4.618967117020101,4.506496312838198,4.533189090115246,4.358652633069559,3.7171496341525714,3.694379281776962,3.5625502166464114,3.3977024966204303,4.009885756899309,3.743746910829161,3.2524527870340405,3.2342229464206835,3.1483748268949987,3.1902771421761145,3.0601080782250785,4.069138503728408,3.7851514911800854,3.544393542733819,3.4673124577572074,3.440409059435268,2.9294164654386283,2.716842633899844,2.506724057843563,2.5205689177662642,2.5742694094695726,2.6272766374128476,2.6836348666521785,2.793668787055856,2.850844970040301,3.035037267569124,3.340755504295221,3.865610783468849,2.125259939777545,1.9032404775477776,1.696770185428457,2.039923481783953,2.237038018984319,2.4241203107049056,2.8458962600140354,3.3477713552909303,1.5860469683082221,1.3684905347049003,1.2511689350838164,1.3200670205729494,1.1263103376294399,1.0281970760696009,0.8846746919146172,0.5848501587851586,0.7191360237011718,0.42358658134833427,0.29002904560492043,0.23545646462939032,0.1974711207022287,0.4714120687454961,0.13564463242012945,0.06979113740860349,0.0,0.05246201654995975,0.08451987941638536,0.3096901188723931,0.6452190388417963,0.9135757594739039,1.5393414999252815,2.029023488206876,2.38316347863047,2.868768264949443,0.3634111056340174,0.4169578818535746,0.49212650045250395,0.5138634066486949,0.5272682309241096,0.5598020511237592,0.5888602094037437,0.6278877959794463,0.656535585130511,0.687523866761952
5.066121518379285,4.822375397257149,4.46437672814609,4.456137240394682,5.400142237930779,5.063975193184475,5.415879557678871,4.986425805183161,5.40538482705536,5.347878939754715,5.003017423326692,5.394674923537876,5.182463761125612,5.432339320805342,5.450353878367138,5.014452295236841,5.435696003466526,5.1019589491257635,5.133304723794762,5.390575692204918,5.063627867708863,5.423288548187867,5.310598946690932,4.9833637686368055,4.797412677066458,5.1007433697031255,5.230491330688557,5.1257273973520965,4.937678527428408,5.228477801300086,5.042556566004057,4.715040677235175,4.688745326910733,4.707862793500498,4.654888798169327,4.616963571333048,4.584921049215608,4.569375899788944,4.52711347398988,4.442290649092609,4.511854354229984,4.3539010176398305,4.389477287260358,4.18095148207512,4.205229760468591,4.113588279637509,3.9148269069151236,4.166343044163174,3.9430961721445943,3.94224779123616,3.849645345058604,3.8961420185820024,3.839070484828875,3.838584205644845,3.9144860681101696,3.813448687013744,3.780167502556536,3.423312475362609,3.7320589716230037,3.6116640371016153,3.607567328806786,3.5856368597056596,3.738549592383425,3.6939634347750325,3.5293172662740644,3.3853841650263403,3.4353240223469377,3.4868429929645486,3.0302838644400443,3.2278639015764368,3.5381907581051943,3.5910063956143414,3.5765040840173126,3.8703769770324117,3.993419638502809,3.687915007237262,3.7837495820994516,3.7813412386798793,3.8728748614876376,4.188973188149515,3.7870272038536648,3.815872885760625,4.151442501865673,4.18416444768374,3.867595770621252,3.5713994426046276,3.390141762994538,3.1016504235054025,2.881879538180151,2.592629405857337,2.259254073018642,1.7602365061095178,1.3682532393064142,1.0457660548383672,0.6808907652014066,0.5509166274872437,4.337201901151895,3.899897822642593,4.28633623507622,4.364841571882076,4.457939820320361,4.2179675864148125,4.455654553841009,4.383481368506217,4.102770359411798,4.542515615637207,4.328652135891426,4.666597700977658,4.553127697107204,4.579717797093371,4.404081934940147,3.769375482181018,3.7464590556469397,3.612880764249654,3.449717096009001,4.055700112675152,3.792198084700236,3.304617025503743,3.2862626256198233,3.200405309319432,3.2400565388638896,3.1121617912514483,4.111345335133657,3.8288432909373262,3.5900479269378116,3.513980861775424,3.4873930746680935,2.980433488850025,2.76888424665555,2.5587495754713485,2.5719485011691137,2.624382359678392,2.6763680118839197,2.731569759690568,2.8393949765779634,2.8952767360590093,3.0773960912492093,3.382255631371135,3.9056135274739874,2.177304984486257,1.9496126865862256,1.7481810431886262,2.0817507859551045,2.2731061063599793,2.4556408415585627,2.873701847716187,3.3744395185522045,1.6379105354351775,1.420547457462656,1.301840924650225,1.3648893524022845,1.1783787142549538,1.080245442165806,0.9354526886844481,0.6310776661110022,0.7480967437923863,0.4697266685347488,0.3379018289680027,0.2823891135759974,0.24340786280616564,0.48068187598191825,0.18682816846818265,0.0998557169851771,0.05246201654995975,0.0,0.03934944583332977,0.27575077077090543,0.6259023511161125,0.8984301941720513,1.5282039635987061,2.0193323324108463,2.3741153709268854,2.860503609893145,0.31315377676312095,0.3648042034480302,0.4399602105554605,0.46219727947787115,0.47504562234102704,0.5082130956677545,0.5376102747692982,0.5755564538508495,0.6040803559889095,0.6350728332331437
5.095635558656426,4.852096780126187,4.495705553258872,4.488767471928218,5.429366735304186,5.093928310085194,5.445531279200019,5.01685846603074,5.435464569771976,5.3780491175701455,5.033845535659759,5.425119797800972,5.2133260549716365,5.463162912631382,5.479794789909289,5.045964136840026,5.466671225730262,5.133638822277911,5.165182515586216,5.422262039513946,5.095931868396125,5.455368206617634,5.344222461954472,5.01750177163598,4.831510132707617,5.135297271922573,5.265388574010816,5.16080732907647,4.9730450756901785,5.26399471381108,5.0788643943391625,4.752190776942118,4.725947476424903,4.745297935340079,4.692346875949518,4.654464442153391,4.6225215008565,4.607049738621547,4.564773770381146,4.479992690633378,4.5499470484594315,4.391846614205163,4.427633346634632,4.219278621479223,4.24394603324814,4.152472051438094,3.95367186402743,4.205418727853603,3.982100362441224,3.9813061415634547,3.8887960528800734,3.935379250979975,3.878364207011856,3.8779231234540084,3.953834464123543,3.852796267868733,3.8195096124573245,3.4625247613111725,3.7713992707128683,3.651009190253376,3.6469086421484795,3.624970922306959,3.777664881562379,3.733069854596193,3.5683738635478575,3.4243675183694204,3.474220839722554,3.5255090198397565,3.0665411302601404,3.263598481789704,3.5698892956351345,3.623003749022571,3.609074831078028,3.903329660994937,4.026392897463676,3.7214283178241514,3.817530614674842,3.8156849698532707,3.907347269953553,4.223223329491016,3.82187757074447,3.8510242851808867,4.186205127312489,4.218978425241947,3.903073084171798,3.60687970119186,3.4260366492641197,3.1381424733673695,2.918777794127317,2.630014068747927,2.2971441075540886,1.7989513060908346,1.4075307315213557,1.0849184964264815,0.7176937318564603,0.5804438524153672,4.372487673269584,3.9362649398099827,4.322399508626819,4.4008583982671,4.493771530854151,4.25456968533114,4.491738901559962,4.4200020429776945,4.139998500499489,4.578787938815576,4.365908220005839,4.703147039834978,4.59026981046893,4.616914445659624,4.4417970955407045,3.7991243607022356,3.7768574765873253,3.64693941602011,3.480363840218601,4.093244313575506,3.828155618684652,3.3346706335640883,3.3168216236285177,3.230999780168483,3.2747795295047917,3.142672396685812,4.150071067793018,3.8671805501005108,3.627661329039426,3.551098383985423,3.5243349805975646,3.0134660903915704,2.799448718371006,2.5893791552826886,2.604302311257228,2.6587205508788694,2.7117808744415566,2.767905189516409,2.876970303262528,2.93336577144091,3.116080544568596,3.421122091983929,3.9447188803835354,2.207878487912937,1.9868676798451372,1.780493193119732,2.1205375901906542,2.312454623833616,2.494771106826783,2.912329276876801,3.41285488708044,1.6691113462283043,1.4511308860477934,1.335454093116704,1.4028021599468208,1.2089512980408912,1.1109080811767864,0.968929170131421,0.6683181908250273,0.7870526625004256,0.5069625371663109,0.3741342221055256,0.3191158961544923,0.2805536589760844,0.5150559072546922,0.21073000919296192,0.1390965013953471,0.08451987941638536,0.03934944583332977,0.0,0.28536551146618633,0.6447758371872676,0.9194861520774406,1.5512107137504427,2.0430197531618153,2.3980963449981156,2.8848619795241315,0.27919993865681314,0.33553646411842886,0.41741754354820054,0.4309577846674106,0.45202813750384646,0.47672176659108023,0.505287595949086,0.5470726600204399,0.5771934247635697,0.6080188131741889
5.2148747608849755,4.969580421005005,4.596872909837732,4.574851469388056,5.551071081770475,5.208799959134353,5.5630385176182005,5.126908159853522,5.548679984485822,5.490400204042364,5.139704144907147,5.534581433949124,5.318605229787376,5.568582425087836,5.599345014432378,5.1443218871388865,5.570455364630329,5.229990520128331,5.259229840641121,5.51820485775517,5.185068616751235,5.546730807452148,5.416410637439934,5.083068648513159,4.897916166220543,5.194728926781364,5.319504748136473,5.2122427815113905,5.02019533164166,5.3082775690974575,5.109577821269212,4.7665099830073325,4.739168137405683,4.75318755945725,4.699790579026757,4.6609624411420425,4.626673722701486,4.609415304208219,4.567555694096535,4.48189092917403,4.5412081421441375,4.387539974114505,4.417285108249171,4.20412430458904,4.214886909987901,4.116360094245135,3.9198221825128914,4.159033765131869,3.940340943862454,3.936487182098999,3.8382554594127147,3.8777032963236775,3.8145994605070213,3.8057937259741705,3.8731113186007606,3.771658503608233,3.7358294169533686,3.3624026540506824,3.687228986351786,3.5690368324577695,3.5634214185158886,3.539455200428544,3.6697866539624724,3.6247608588347426,3.4576215563292907,3.310217627863606,3.3558882278401696,3.397956766416359,2.8884402099148017,3.077557901720575,3.6687632650696984,3.718340077547801,3.69768055062309,3.986549187722671,4.109091852617076,3.797892217897371,3.8902006002192566,3.880557124653408,3.9701518186016074,4.28853311158654,3.879297552519973,3.903741999354141,4.244126551355344,4.27606145955609,3.950449185046405,3.6549796487039803,3.467710428299489,3.169993355445966,2.9435081481048777,2.6456422955991403,2.302470682872255,1.7826955398069866,1.3638854679592962,1.0050812473881967,0.5859776189879897,0.3703367070936221,4.421950195712796,3.9680342675853137,4.358859373581415,4.437988495071139,4.5339571306090765,4.281130916701434,4.527495312485928,4.447806191223367,4.153801482140624,4.6109713578096025,4.378604757383498,4.729880216952876,4.605050036499572,4.630449897907435,4.443439077896429,3.9180214129495154,3.8892519269217756,3.7162437172646974,3.5908658429131077,4.0998520475536395,3.8675992676307076,3.451614510959665,3.4286645540714162,3.3427161590619523,3.3356694403727385,3.255517152143199,4.1208401371699575,3.8525549429086015,3.6338097510837852,3.5688706004818735,3.5459128875257755,3.098213475570681,2.912903263189494,2.7030240437943704,2.698959560781252,2.727665562359858,2.7643060144031093,2.804293817032945,2.8868451150585153,2.929498209999586,3.091669215392297,3.3878536942632955,3.8970991644190085,2.32405725965204,2.010138679283659,1.8812108785209833,2.0979380441174538,2.24263136848472,2.392889608216717,2.785514557244153,3.2774963707870652,1.7830777555144137,1.5738960638584094,1.4264312397862027,1.4183193127171831,1.3355544051203159,1.2385702817090831,1.070239669745624,0.727980726191131,0.7103327590668842,0.5822903472002687,0.4851328043660455,0.4344388476585739,0.3997728831723726,0.36753105212626513,0.431681142153077,0.2846681972306555,0.3096901188723931,0.27575077077090543,0.28536551146618633,0.0,0.370788373082715,0.648775943083021,1.2835277517421386,1.7764712481073588,2.1320092325230946,2.619558422563515,0.34632639188188413,0.33115804155912165,0.3240728098546027,0.4230898414375901,0.3553314529548707,0.4632783042433852,0.4975532944667667,0.4887497218221015,0.4983824156163918,0.5274504626521219
5.257455707693594,5.010803673007007,4.61747249644156,4.57507953572456,5.595768416845506,5.2453144844614865,5.601810912585559,5.1570884049030195,5.581522089438243,5.5222637431411545,5.164039639795255,5.562266438523948,5.3413726759642355,5.5905503060320925,5.640841687473947,5.158339686971027,5.590162177794929,5.240889567759627,5.26686005624888,5.527359704054814,5.186350530707029,5.549533844853912,5.393914176102618,5.05322513270117,4.8700817218774,5.156265420748418,5.273507623617879,5.163198516684417,4.9664353076419445,5.249486509976093,5.03412369548893,4.671792741340496,4.643200040886069,4.6504071583379805,4.596725671986862,4.556911179523791,4.519852948660152,4.500441955924213,4.459335337010145,4.373043551983501,4.418721750295222,4.271464125649647,4.293496459042048,4.075659099162813,4.069196551464629,3.962659414715002,3.7702046378900755,3.992600378798889,3.7809211503692124,3.7733764420522404,3.668896543623602,3.6994794600044885,3.6295186632065026,3.6108298451661156,3.667598369047191,3.566307794748277,3.527736749556361,3.1378238227821327,3.4788887824973753,3.3641129556247424,3.356756519929061,3.330583750114318,3.4341953700618135,3.3889584202575196,3.220131127864634,3.0699005279298364,3.1104941133064736,3.141936494136531,2.5815007901280667,2.7617412324867474,3.6927318438458956,3.7370797796374995,3.707505202243938,3.986783246262233,4.107729766970012,3.7905748414134766,3.8770711329648258,3.8571510592373697,3.943307748694717,4.262745172492333,3.8460643502749194,3.8641347011228055,4.2088746195052025,4.2394932856594805,3.9034834669858873,3.6114344166872114,3.4175681964545404,3.1103700508600176,2.8776072775312604,2.5726147009400564,2.2229605577197336,1.6905406904031963,1.2564872822593807,0.879565014343091,0.4669233553498303,0.21914147946038978,4.374453822165778,3.900665367543688,4.294842454503518,4.374348401139335,4.473704489511768,4.204851857784209,4.461544291624018,4.372080409678726,4.062065707678383,4.539930696619928,4.284009319648164,4.651184794416015,4.51178095710421,4.53546137491443,4.334492774988431,3.9674304022158076,3.9298982329623056,3.7000905057693436,3.63139197532174,3.999360287808276,3.810955352556074,3.5022842055113403,3.4725550355982002,3.3873009526520117,3.3120957663419364,3.3025710316029477,3.9755310908065207,3.727200346398705,3.5364018370855566,3.486876691153231,3.469015933356451,3.1091060613901,2.9649460478198404,2.7583788888881284,2.7287928238567396,2.722820253778157,2.7372567263679075,2.7555470818629897,2.8026311334037057,2.827142771779597,2.9613261013133023,3.243332546909658,3.730863514091041,2.389685619130136,1.9615341424176331,1.9378319423906842,1.9875703168515435,2.0689159546237876,2.1769505912534397,2.53520549911518,3.0136060388275405,1.8603778599142675,1.6707640002411572,1.4898057982063575,1.3851433562270146,1.44920124238135,1.3595095839941622,1.172094232903019,0.8273003779804619,0.6393373718819843,0.732104960266057,0.6962637667611279,0.6653849115430491,0.6459755570533621,0.34092312005571324,0.737665382920809,0.5956240129433549,0.6452190388417963,0.6259023511161125,0.6447758371872676,0.370788373082715,0.0,0.2780241802931637,0.9127930614292563,1.4057476357091272,1.7612850664988813,2.248861232482986,0.6930256318001363,0.6512362927646826,0.587691880171607,0.7186106051715209,0.6038336319220928,0.7464125637068606,0.7778215807935438,0.731133304795085,0.7194626935002674,0.7397157356934195
5.300324538092326,5.053492412195065,4.646379727539128,4.588977846674709,5.639191732278351,5.2837296514150855,5.640827153870758,5.191094515486948,5.616195273830616,5.556380912421848,5.193680667954344,5.5931627761510025,5.369274054918937,5.617111490631488,5.6817683518539805,5.1803178248554245,5.615040288581805,5.260267445743869,5.283712601063264,5.544547753073315,5.198721424911118,5.561908063988755,5.387764281154897,5.0426600152635634,4.861702433910618,5.138829906514818,5.249979921509369,5.137721498174031,4.938060470381108,5.216319666903703,4.988964348717169,4.6131802132648545,4.583736233594363,4.5856550897168225,4.531967240516538,4.491551363021899,4.45250157210763,4.431503033342505,4.391153182531419,4.304748815673086,4.339622412409475,4.198007070173438,4.2139263077558615,3.993454767164065,3.973480716292061,3.861130191087774,3.6729207827033385,3.880817474486368,3.675787677612048,3.6653420435396975,3.5564383914801403,3.579742394292224,3.5046375772259886,3.4780573624788738,3.5259736978978404,3.425330224786365,3.384726067420997,2.983477673395645,3.33593828473316,3.224610144748606,3.215870585139083,3.1880424836957837,3.2690565752731544,3.223870263591376,3.0545348026735217,2.9028102919051766,2.9388951972525827,2.9612114430880814,2.359581473944991,2.5311845972867055,3.7289564198592204,3.769148497275109,3.7331452243522514,4.003581984901331,4.122672495017039,3.802889536653145,3.884497488255585,3.856964501653273,3.9400177138802603,4.258542520776355,3.8385210464369792,3.8516514439694474,4.197789212920778,4.227257040453987,3.8851748942490376,3.597583883149489,3.4000984686787765,3.088223704042805,2.852944315526742,2.5460912076684785,2.1967906226037264,1.666848320127759,1.2382798482707453,0.8753789391095302,0.5466622528507321,0.39884141043333027,4.353273519303933,3.8667859399988744,4.26144571633698,4.340864613538505,4.4423570882286745,4.16249681065705,4.425898343200192,4.329351464822787,4.0085259840489265,4.500049080892637,4.2271578372179635,4.604974538350685,4.454938340022388,4.477192717596075,4.266293036618842,4.0207398109967825,3.976981705830838,3.7063543972732758,3.6802168977651797,3.9393688177143313,3.7858228280719275,3.559416136513722,3.524943857797459,3.440827440263882,3.315619091353359,3.3585571367354223,3.8805748906406827,3.649326174532091,3.4816213547131634,3.4444114611849423,3.430620503901011,3.1401633735203736,3.027527252752486,2.825507332197049,2.77774162135671,2.7462455035972146,2.7438490940599696,2.7454343642367114,2.764584193542004,2.774605763243515,2.885240667771631,3.1535312335826537,3.620563473887458,2.4688590157214563,1.964655139203128,2.018722028093998,1.9415445147628236,1.9689223405767036,2.0390248854092228,2.3634428661925417,2.8268924373998563,1.9573813908520068,1.7857384105882903,1.5878981625941588,1.4187120275207596,1.5818073963370225,1.4998890965955547,1.3086977254986267,0.985850301644037,0.7139196151958871,0.925782141767322,0.9201227434917258,0.8992633861869223,0.8867306988516469,0.5280774511936576,0.9944840720438032,0.8589159545387927,0.9135757594739039,0.8984301941720513,0.9194861520774406,0.648775943083021,0.2780241802931637,0.0,0.6347692128704897,1.1277234914823098,1.483261048533958,1.970838019219116,0.965831434241252,0.9181134273621657,0.8422726657081436,0.976515721338076,0.8529810431202672,0.9993438630201603,1.028637541975478,0.9704748856404385,0.9515156729437191,0.9670091824109172
5.45146432925109,5.206707034349293,4.773939035595047,4.683981187113634,5.788505145215171,5.425213601394772,5.7803908063238305,5.323756921318242,5.746353235622125,5.6858305587861775,5.316652330318786,5.715140073883244,5.486651155790017,5.7292350170552275,5.8252097607359,5.286398138408647,5.723431405909238,5.35973287917085,5.377300630493044,5.636391088232814,5.283146154162774,5.6428010754376094,5.428508172513222,5.07702293616562,4.9031436050295865,5.156475425420914,5.252498165176147,5.1369711311485435,4.932928634657532,5.197027948418284,4.944428314087555,4.541914965783325,4.510870969864986,4.500306776927797,4.447344524105379,4.40607772037002,4.3628788393582,4.338425822473723,4.300461961903148,4.215099540430688,4.223729592628866,4.097784511375184,4.0988566795433705,3.8757849392289967,3.8235125197225774,3.699013553106035,3.5248745624124997,3.6931296105916935,3.508428767619161,3.4910431456588413,3.3734656841032042,3.3781236965121457,3.2917000019308174,3.245720513558435,3.270037147272111,3.1731642151747574,3.128216164759966,2.7072907881225334,3.0806766088952005,2.9808860219676028,2.968792156260582,2.937374707138866,2.957214714242148,2.9131598223909156,2.74648747066466,2.594763149884254,2.6176425696641163,2.614450108447142,1.9097171705232077,2.0502736888736997,3.8867713859578,3.9171725731889,3.8678244364158716,4.11386871242624,4.226853548800203,3.906890709552369,3.976110113394952,3.932094503742687,4.006644395682732,4.317736312864995,3.8974782046977374,3.8992026895031513,4.242399113939094,4.268784322645137,3.9188717218850004,3.6472611665118553,3.4461787997823157,3.1321519713816146,2.8987456667527844,2.5996159788086763,2.268564998959313,1.783284870070264,1.4184326068319215,1.1536748856858026,1.0314450266883564,0.9962572925667127,4.372479720806276,3.8651885033224964,4.254045522409302,4.332023140719386,4.436917230411767,4.135984488741233,4.410787499720199,4.299293392078836,3.958593401046873,4.474062060225728,4.165731503854288,4.562824215950927,4.390046326888168,4.408630390830776,4.177468601000638,4.210372614760896,4.153905256366376,3.798828573479898,3.8661249708901715,3.875537350528013,3.805896261093281,3.765382556015881,3.721517750465889,3.6415702195338766,3.410842068324649,3.566291798781689,3.7341345392415004,3.548772480629233,3.4396845073538262,3.432115205856191,3.4280842765213064,3.300069448736444,3.2570549201947627,3.070028500390311,2.98613807517822,2.901754591194163,2.8630496729431725,2.8277672851470377,2.7830218847786212,2.7590549498856727,2.809804748512018,3.036402754290058,3.4415852368067874,2.749253518033643,2.114678279193758,2.3215945834066165,1.985111678569835,1.8811304186904665,1.8476212044487077,2.061250195951597,2.466992329125275,2.2935736098152044,2.163169951819433,1.9476868604707571,1.676396853973208,2.0005774691025975,1.936084522332673,1.7516702961488881,1.486401617184357,1.1493603443749552,1.4734207980192868,1.501095082387073,1.4914935853774682,1.4862991048641985,1.1091970558019448,1.6077414440927456,1.4805606180287285,1.5393414999252815,1.5282039635987061,1.5512107137504427,1.2835277517421386,0.9127930614292563,0.6347692128704897,0.0,0.49295547521425465,0.8484920883882672,1.3360790160563496,1.5953362826017912,1.5420988304036753,1.455792182930541,1.5907257961753325,1.4611418188002594,1.607916288142777,1.634340108913895,1.5652713103947782,1.5391646749568255,1.5488937429983016
5.614379724776082,5.3732794159076285,4.926080184414028,4.81315878280342,5.947415381315163,5.581255466138054,5.93216640362396,5.474187213326,5.8914286302869,5.830852803200439,5.45999317594382,5.854390785662377,5.624357216045339,5.861047292575469,5.979514888044836,5.41749605196739,5.852508187897786,5.485236704761112,5.498261026534237,5.7538077036436786,5.398125729858011,5.75195114990944,5.509197512536381,5.156309722532944,4.989680924658747,5.222199165246474,5.305658843120553,5.188791298641297,4.983583254056767,5.233924512910384,4.9644148311974075,4.545887508037922,4.514000078260055,4.493712731000927,4.442054284058993,4.400693339381524,4.354822364712109,4.327980629544224,4.292472714090932,4.209233700383024,4.196777818069202,4.085370964697756,4.074542780654556,3.853228428844966,3.7757342357130974,3.643661488537156,3.4846847714556666,3.616730232455845,3.4527195356457354,3.4299709041523694,3.3078576109097395,3.296771296249376,3.202827505451029,3.141405852999896,3.144732282401024,3.0535203725017324,3.0059402771031847,2.580192806400702,2.960749520572067,2.873815237310166,2.8591501973879323,2.82552252124656,2.790232085348753,2.7484331282306678,2.589219734852686,2.4426709312257606,2.4525147638715343,2.4255056267323285,1.6453291037053241,1.7447689507640627,4.0725455332358,4.095478413285908,4.037357128168939,4.261869511916477,4.368734571684925,4.0535695126024045,4.112588999541556,4.057163573127152,4.124182689882063,4.4250061385889135,4.011151306664775,4.004343542242378,4.339828316320662,4.363506653865126,4.013283899883571,3.758658182206828,3.559103645191938,3.251085710389413,3.025717919954503,2.742342658319377,2.4382043592496174,2.0107627933242878,1.7134677936568519,1.5241049297369724,1.4874691797766804,1.4815825492327592,4.448825611621305,3.9338087080555044,4.311796533500829,4.387513020179182,4.4935307985166,4.180844128764454,4.4603261190562895,4.338891600524443,3.9882296309600065,4.514320675919471,4.182919038678458,4.589332957103323,4.401134123964148,4.416566561258201,4.17284568984173,4.414066318777079,4.349336782931193,3.9389444019954816,4.072090813621188,3.895779375910647,3.89206394079126,3.986933276780871,3.9372445863470658,3.8615239074175305,3.5605603155923697,3.7923692731703795,3.690936961946674,3.5464579006856356,3.4859689778649963,3.5013934042003956,3.504894109004445,3.49816381796681,3.5037264681360782,3.3305668399668438,3.2245802085909694,3.1064943359063557,3.043694600072614,2.9833838587775885,2.893542014760838,2.8449107842884565,2.8476575936952244,3.0337861353599993,3.377731932748988,3.0403670653572306,2.344649036257437,2.6383948330183977,2.1503119717158845,1.9561785636842868,1.8402746532980592,1.939255609631076,2.2707032042790374,2.6307954193910597,2.5274774140224108,2.3093548973712976,1.9953926031254483,2.391531515022021,2.337670282445126,2.1619315493643665,1.9298177953822013,1.5827768744319601,1.9353413718300183,1.9749010796030084,1.96947232830881,1.9669360452519993,1.5887859935094288,2.0926322386518983,1.9689400785047624,2.029023488206876,2.0193323324108463,2.0430197531618153,1.7764712481073588,1.4057476357091272,1.1277234914823098,0.49295547521425465,0.0,0.3555384290713977,0.843129640085973,2.0865142671603656,2.0314486897503214,1.941902049430908,2.0764816947978524,1.9454334396141308,2.0915467274684114,2.116770485817271,2.044143192922454,2.015666353257316,2.0231887705405707
5.756623970195769,5.519029141411248,5.064192722466523,4.9362570467284685,6.085641725089281,5.718944553068425,6.0655574526770675,5.608496654087937,6.020370816663832,5.959991054632807,5.589513671124728,5.979468590335952,5.749302345943336,5.9809728996835645,6.114467603546101,5.5388063175099855,5.97057930111424,5.6023896222433,5.612222030816809,5.864215626749852,5.508417689476422,5.856636122869522,5.595134091210926,5.243035866653508,5.082374772210329,5.2990869576102675,5.373279258295681,5.256085577689185,5.05121243877322,5.290435140459759,5.010455285826181,4.58326623204691,4.551007448453498,4.523907344744205,4.473570243370391,4.4324575848861825,4.385027639302601,4.356684006723796,4.32322413532462,4.242194643781928,4.214670317725661,4.114709695952977,4.095410732558277,3.877471812572987,3.782489577350736,3.6463215012835914,3.5002725165356336,3.60421476457323,3.4573883568938517,3.4309957396140307,3.307156861046988,3.2845877749542796,3.186375121231157,3.114296712785832,3.1016940299702656,3.0161776455877893,2.967357594144296,2.545969366301242,2.924698363186134,2.849009892222236,2.8326653404953084,2.79797853821595,2.720829699164342,2.6815756670740956,2.5314077728171105,2.392247040279796,2.39160087706036,2.3462407635616844,1.528173386017408,1.5855891368028503,4.238479309789255,4.256307739052288,4.192797823839385,4.401266079268338,4.503259212379947,4.193630583636053,4.245329109680088,4.18263162796702,4.244004404601991,4.535575598994881,4.12926654154091,4.116705048716177,4.444250998569115,4.465892967019205,4.1182310876976205,3.8774898927839887,3.6809747907617214,3.3805300006765413,3.163492633159444,2.8947539309169827,2.6132228014633254,2.2298612429790365,1.9768079967166026,1.828268912174758,1.8286888035480129,1.8343161060104487,4.537887210425117,4.021690327279508,4.388929768163856,4.462488352152136,4.568516038522718,4.250004512086626,4.530592918797274,4.403086251809769,4.048371201716617,4.577672097637784,4.232539527749408,4.642438142137972,4.444663792320572,4.457732508061459,4.207005670214986,4.589592731704218,4.51979690598149,4.075529358845052,4.251298715206462,3.950161395228731,3.9924319658368503,4.176882750134582,4.123764146595165,4.051333070358904,3.707009700741029,3.986643152433324,3.7019396402783986,3.588557067735585,3.563017625371764,3.5941719216463164,3.6028056006352402,3.6768674371524614,3.7133901313358013,3.5503731460553696,3.4315793398281706,3.293524799818233,3.216128674960924,3.140487065588278,3.0224087752364865,2.958106075916172,2.9280803163876676,3.082708686511184,3.3773876847955657,3.2814682533990682,2.5582275509721697,2.89857306289951,2.328949520901427,2.0836542212080764,1.9168173863999463,1.9277259324625873,2.189404444747049,2.9027167299145415,2.8154868562231394,2.597981705125605,2.26542850601686,2.6950869423100587,2.647239876105255,2.477264054906706,2.2628735299062037,1.9138472692928068,2.2769735574001198,2.3218855259420628,2.3183728020543244,2.317046977792675,1.939083511655675,2.4445562971119807,2.3225249697620955,2.38316347863047,2.3741153709268854,2.3980963449981156,2.1320092325230946,1.7612850664988813,1.483261048533958,0.8484920883882672,0.3555384290713977,0.0,0.48762481123468265,2.4411183306367095,2.385172267532129,2.294133126580209,2.4284365089313065,2.296805434592155,2.442455553412498,2.4670682825234804,2.392809746565689,2.363243439308756,2.3696946050688696
5.972940771342101,5.741102622553892,5.279029009736842,5.132534647203247,6.2951816419341755,5.929524266671478,6.268868126574032,5.81524879587217,6.218068773525075,6.158230865960191,5.790131360419819,6.1722990378648825,5.943104551844462,6.167039765512702,6.319600055714516,5.728992253676973,6.154262252443401,5.786785569847126,5.792383150098471,6.038362339907641,5.684361138818661,6.023288764262306,5.7384916851969665,5.389661607538248,5.237962294956025,5.432334428757269,5.493733683688976,5.376899739154685,5.173943984645575,5.396650761143472,5.104743774319449,4.669626810639963,4.637176277286947,4.601205752273173,4.553135275350441,4.512766675914803,4.463730784496986,4.433667417259809,4.403305974032871,4.326108791617163,4.2786633061766866,4.195222277231933,4.164789735827211,3.9541112453387415,3.8369027209913766,3.697186519322124,3.570840085956455,3.6351092717810705,3.513981709642044,3.483115733550599,3.3591401167242108,3.3214130745525394,3.2192834653879676,3.134089453527166,3.0997429250794712,3.023989951308493,2.974566314961518,2.570532773892817,2.936410301899056,2.878035235798961,2.8598004695578982,2.8245488698645094,2.6910957657662964,2.6565446199296865,2.52364173566506,2.399495157082975,2.384174285689992,2.3143920096618738,1.486724975713629,1.4738240053012848,4.494686411591582,4.5059522205175115,4.4361891851765884,4.62255901152705,4.717495298458748,4.417565841893894,4.459484365969412,4.38808706902829,4.441653010741384,4.718705226557007,4.32583474338197,4.306020987920482,4.6202113432955745,4.639019537884096,4.297994288257602,4.07762218657863,3.887258199698002,3.6002613250661906,3.396750219536155,3.1502485496061405,2.900643740577762,2.5745186368169564,2.3727091954422823,2.2664361589189737,2.3018948920111493,2.3186392001519964,4.693020964154027,4.180424984426267,4.5298242296663735,4.599849691566352,4.704917605229337,4.381825551512034,4.661125299800329,4.526820806435856,4.170547281069868,4.698643059841111,4.338748711397777,4.749234247178101,4.540578095983056,4.550364502530048,4.2929120802668415,4.855272192089507,4.779569651587258,4.296159296351283,4.5240230177149545,4.06592111763658,4.16763659184629,4.463537319342699,4.406573859948085,4.338787725597036,3.9438860228436927,4.280121788263035,3.7632376070450904,3.693019186426622,3.713542403839398,3.764522118706983,3.7796143474687653,3.954002030173947,4.027909411714886,3.8784910926030003,3.7454779752209504,3.584961340420451,3.4909312412833926,3.3977523798027573,3.246996453312423,3.1644704164036868,3.0939033006262333,3.204876715975758,3.428587793401753,3.637083973856772,2.8908698102128803,3.279500372719558,2.6264707448814417,2.3293358159712594,2.1089009180888802,2.0080294756799515,2.1608397470659244,3.296797072717791,3.2281109354161495,3.0129238128564704,2.6639644335379606,3.12549032230971,3.084409169639533,2.921499938882153,2.7264799388728345,2.3770134383419195,2.749335951447201,2.7997352779232236,2.798252059903191,2.798218369483369,2.4208495619680925,2.927609934400377,2.807504469140348,2.868768264949443,2.860503609893145,2.8848619795241315,2.619558422563515,2.248861232482986,1.970838019219116,1.3360790160563496,0.843129640085973,0.48762481123468265,0.0,2.9282562017845786,2.871653206360519,2.7794380210790295,2.913458820295505,2.781396702428818,2.9265788257369247,2.9506479005618713,2.8750111989101055,2.84451135588328,2.8500058793028136
5.371634821067485,5.128427748786751,4.774005912495723,4.767877648683961,5.704878735598589,5.37058726001911,5.7217276354490565,5.294166501271384,5.712288633719723,5.654999841067485,5.311623751190724,5.702429846021517,5.491137451621701,5.740924891485546,5.755658561476511,5.324413598425813,5.744599363003831,5.412222520565261,5.443909822953223,5.700846850711985,5.374908751769583,5.7342216189827635,5.623368617773727,5.296423282373639,5.110455729551924,5.413895323931094,5.543611212847214,5.4387867743694915,5.250577192804999,5.5412541553896615,5.354239490331694,5.024447365945457,4.997961780191623,5.016127539650717,4.963055599748922,4.924938514676803,4.892421669222176,4.876504093050911,4.834316372416805,4.7492831238429165,4.816419887859846,4.659483408418353,4.6935945379547235,4.483718218915912,4.503864386439697,4.409812118967826,4.2117271479319855,4.458822497485664,4.237203169927636,4.235207125101907,4.140312719103812,4.183877406146383,4.124094446816563,4.119701840558108,4.191356354276301,4.090040706725562,4.0554071789682995,3.6890591320282344,4.007007117372714,3.887684111541574,3.8827897682474557,3.8597649096271534,3.9997689107948093,3.954882294078508,3.7885683140623314,3.6423235462666983,3.6895140211621418,3.7346371190772194,3.234538368356801,3.423884105539955,3.8485178959658892,3.901831211515317,3.888171568045298,4.182513829281018,4.305579431066584,4.000596539801907,4.096623978946189,4.094461348679244,4.186018346825752,4.502069364557095,4.100160489127531,4.128907126431661,4.464588490248567,4.4973032599588,4.180420860188173,3.884226666577919,3.702539067066248,3.4130412184595786,3.1922686842296355,2.901390650694956,2.56567111974178,2.060238376794525,1.6574132922285891,1.316273143289937,0.9148687776192542,0.7160878848106443,4.650158926782531,4.211502275509775,4.5984666090802175,4.67704084803573,4.770391039440045,4.529038951532334,4.7677473203424965,4.694736631804814,4.411933199486394,4.854280332793835,4.637689040387193,4.977775500817419,4.862573669051589,4.888962210565788,4.7110083532230265,4.0755662821189755,4.054180586647606,3.925904026956533,3.7580019095201362,4.363527815622909,4.104498414690716,3.611580862932932,3.594369053850339,3.5085946533658716,3.553207378658856,3.4201762487483314,4.409880545363463,4.131594746499668,3.897602439389618,3.8236007146878173,3.7975868677849096,3.2926606667465332,3.077045612834522,2.867070835356064,2.8833321677267874,2.9374973000119287,2.9892642102472333,3.0433058719187502,3.1472692548959644,3.200205873564026,3.3768073797125195,3.6790191354808712,4.1974716195564525,2.485556303156677,2.259044831468112,2.059531793420718,2.3804989732412287,2.553634525753574,2.7192715018088256,3.1215275746084963,3.616392777685548,1.9474768835880367,1.7289782207438344,1.6145794160628018,1.6717634878884886,1.4868723230063423,1.3889544199522743,1.2480774451610446,0.9416081793018495,1.0162951770710624,0.7806346388988751,0.6506065224983231,0.5947124266272478,0.5553102928468152,0.6966871050347215,0.48532893746822436,0.4067035342069974,0.3634111056340174,0.31315377676312095,0.27919993865681314,0.34632639188188413,0.6930256318001363,0.965831434241252,1.5953362826017912,2.0865142671603656,2.4411183306367095,2.9282562017845786,0.0,0.08447029604056785,0.20188550574951208,0.15703334280874787,0.22679746536860493,0.20105449384806545,0.2273733374991198,0.2814526998327345,0.3181761027446665,0.3472150615703194
5.430772982892575,5.187097054969271,4.828872924061647,4.81926485688636,5.76466079500572,5.428751186434722,5.780581389899211,5.351223585917489,5.770178827810954,5.712680173976819,5.367737732935081,5.7594711639216,5.547172234342582,5.797059122600976,5.814976466392413,5.378818073412859,5.80036172120919,5.466190431200856,5.497354244678847,5.754797163109728,5.427193929500625,5.787118167075198,5.67171527403488,5.343104364479902,5.157291288789074,5.45912029657523,5.587567441076775,5.482064254020888,5.29276107929016,5.582786564345459,5.392346472087415,5.058335266392471,5.031564055433212,5.048359714211796,4.995165640261895,4.9567991607211095,4.923670944355181,4.907287883464732,4.865203076674253,4.779929949197284,4.844294785546274,4.68850460957612,4.7210351999837155,4.509874715586718,4.526318528562837,4.430363239926219,4.232889166450127,4.476571543684656,4.2562252032035754,4.253395605578529,4.156940432622434,4.198531656861523,4.137060983745095,4.130318386420288,4.199512790902778,4.098101601533019,4.062747888824575,3.691758993422105,4.014219615778176,3.89555702213733,3.8902312172989597,3.866631984580881,4.000056964242291,3.955060035150306,3.7880900235488633,3.6409029114138995,3.686814916862792,3.7291140511999985,3.2132145542255413,3.399622974432912,3.9024425318861233,3.9549798610453197,3.939769832462192,4.233006409434059,4.356003205638979,4.049429619610995,4.144608167546945,4.1405973094354955,4.231697241795276,4.548460654416824,4.144516153908695,4.1721398938576995,4.50919292549055,4.541715749779059,4.222375126193214,3.9262497772439846,3.7429295434358467,3.4509147799037176,3.228302504165346,2.935059225136995,2.596653487708346,2.085715589347677,1.6761668421885487,1.3265778706996616,0.9145936816211966,0.6990928662831586,4.692765036867109,4.249627181642158,4.637856838465436,4.716616478240486,4.81074638428234,4.565942023380852,4.807002600099478,4.731987595389552,4.4455868779646375,4.892662675547587,4.671100683838659,5.014812597262084,4.896554826725068,4.922628882168854,4.7415838680950735,4.134101110240592,4.111260671961303,3.9730184261632697,3.814490324582094,4.395333870784187,4.144487289183551,3.669403977945472,3.651050535565959,3.5651886034424036,3.598147372720392,3.4769560800764814,4.4322864540196205,4.157860557913291,3.929204532548198,3.858124320984666,3.833055795733183,3.343007596948458,3.1336739568478054,2.9235316834811758,2.935587556736337,2.983925968312687,3.031884002876234,3.0821033364257,3.179610386124854,3.229106016791079,3.400445368760057,3.700333461045502,4.214896355155709,2.5420975212817085,2.2941620045948112,2.1119829125421816,2.404487078796682,2.5653352808405945,2.7220079456065593,3.116646447042525,3.608537679934043,2.002554641711921,1.7853463614416132,1.6638264123987572,1.7044462311344137,1.5431808756020287,1.4450437388710795,1.2980090569544,0.9812424692040742,1.0280334024366233,0.8217916150407232,0.6962070362026308,0.6398602323100891,0.6001246345735185,0.6954220559227968,0.5459398171274,0.4504143964780277,0.4169578818535746,0.3648042034480302,0.33553646411842886,0.33115804155912165,0.6512362927646826,0.9181134273621657,1.5420988304036753,2.0314486897503214,2.385172267532129,2.871653206360519,0.08447029604056785,0.0,0.11824812232475736,0.10131518376070509,0.1423350954751025,0.14707859205497922,0.17948300809169349,0.2116397163085689,0.24376436070305044,0.2740830871855942
5.4981343623702585,5.2537789427798725,4.889686616222988,4.874687440789968,5.832969476150529,5.494564977410974,5.847404846209808,5.415307944800575,5.835473518825355,5.777655990921205,5.430332615492274,5.8234249226395365,5.60959353056866,5.859573480376846,5.882532184625868,5.438732465286771,5.8622904049276805,5.525398644076142,5.5557382712215295,5.813899829923232,5.483798526541476,5.844571410823371,5.722183974351532,5.391134521891416,5.205621001880742,5.504901041636038,5.631386982587921,5.524893921625674,5.334010819531801,5.6229579977233834,5.427465607719285,5.0873429801914405,5.060162931495673,5.0749383350957835,5.02158854422093,4.982873658647324,4.948865116400735,4.931808649076881,4.889894090703868,4.804311374988117,4.864604664567878,4.710560349047029,4.740775742890519,4.527866959743098,4.5389589442067075,4.440327756288989,4.243853192766027,4.482502614255192,4.264110379204243,4.2600923453342565,4.1614777568288135,4.200236846265214,4.136417818208581,4.12636231272812,4.192049479285881,4.090574602404358,4.054236207737343,3.6770599973127287,4.005563772697286,3.887917834720503,3.88199111840197,3.857605713945534,3.9817607248183515,3.936644462632207,3.7688969875928926,3.6205312305371544,3.664636580102092,3.7030107947213975,3.1661335788185694,3.348440358492775,3.962204768589432,4.013514442111292,3.995927157871008,4.287311636242552,4.41014289564291,4.101298001115106,4.1951325307451715,4.188322650388382,4.278681764414832,4.596364459265461,4.189554435908399,4.215475243337052,4.554413997679984,4.586631799348517,4.263766406226545,3.967924830098356,3.782298421777556,3.486790146927499,3.261681020856091,2.965309180227886,2.6234855381136564,2.1056844784337505,1.6879275741501731,1.3283027334464934,0.9055749260466847,0.6704508952944405,4.7348931769597495,4.285300102747975,4.675203080775224,4.754201340578569,4.8494512873001705,4.599631773052833,4.8440686186018755,4.766110619708417,4.474549055596894,4.928391500958284,4.699587910707472,5.0484914228014,4.925771447903402,4.951370833266986,4.765880070073409,4.200946360974055,4.175828849008895,4.0223214185281355,3.8782836851287144,4.42161512648878,4.182991555858637,3.73536608658555,3.715238687261596,3.629292806184524,3.64442278385179,3.541406382363875,4.444912277071913,4.1762267925768555,3.955487699271304,3.888738751751314,3.865078536512049,3.397655390265673,3.198138293583754,2.9879183020343807,2.993507401167517,3.0329862838674675,3.075203381346496,3.119705655746192,3.2076366047138194,3.2520758759428254,3.415640032033874,3.711914536533944,4.220529434232509,2.6070131085444426,2.3275505950857576,2.1713347603934015,2.4215939988082043,2.5646731096645574,2.708507497766634,3.092037943027606,3.5793387370069434,2.066080149600279,1.8512977159863886,1.719514828404168,1.7359402434514053,1.609718548877325,1.5115918551217433,1.3561720124518042,1.0270517476601995,1.0343753499045907,0.8716000205602586,0.7540284065134595,0.698154281354883,0.6588540796054662,0.6891594248311431,0.6264139592124839,0.5123008786711272,0.49212650045250395,0.4399602105554605,0.41741754354820054,0.3240728098546027,0.587691880171607,0.8422726657081436,1.455792182930541,1.941902049430908,2.294133126580209,2.7794380210790295,0.20188550574951208,0.11824812232475736,0.0,0.13500100704609033,0.03548873841670775,0.15872086766819335,0.19050374507243972,0.1647186660691243,0.177092620765856,0.20749320120648537
5.526287718009992,5.282862971436007,4.926440406427548,4.918123417990172,5.859817360088555,5.524787872462515,5.8762569519044145,5.447814156259956,5.86636169914174,5.808968674354518,5.464771285340953,5.856075847534495,5.644244745875768,5.8940903411613235,5.910396849364791,5.476586856498571,5.897560408694738,5.564135081689538,5.595501575597182,5.852753398704947,5.525761573058378,5.885473754528348,5.7714664950533745,5.443240812985682,5.257391244691299,5.5595500129325774,5.688216598526301,5.58281539552196,5.393657407734474,5.683762299708879,5.493593467029917,5.159635187110636,5.132856992301397,5.149600346232558,5.0964005014608285,5.058021098427045,5.024856708796905,5.0084421521404225,4.966365042172809,4.8810756018755095,4.945176880770853,4.7895119407649895,4.821867963597968,4.610543823135135,4.626368838291685,4.5300245563045465,4.332691054214153,4.5755612555763285,4.3555440793246225,4.352509992907729,4.2556528745637,4.2966786247136115,4.234691122659133,4.227160815983048,4.295445783560841,4.194009044131232,4.158379882027558,3.785488767466102,4.1098069644920905,3.991416141581144,3.985923744788164,3.962101247825671,4.09261182092273,4.047568887256595,3.8803080779870096,3.732681462069655,3.7779317490770667,3.8187059768742166,3.2925795380333187,3.4766014394237854,4.000366800185972,4.053202020406993,4.03853587391528,4.332132330734525,4.45515325291949,4.149022229230261,4.244420155843336,4.240825870997867,4.332019619784785,4.648645120535802,4.2450776017315786,4.272878611202476,4.609719064031479,4.642275328788626,4.3232856728265086,4.027146700151558,3.843999677622529,3.552159253607677,3.329607244044806,3.0363636988277154,2.6978597443929346,2.1864226215663436,1.775771268883462,1.4241166616986847,1.0088586086446272,0.7857182238756599,4.793599791640562,4.350866507683807,4.739020994148547,4.817767518285064,4.911833469032542,4.667232203319753,4.908177828054809,4.833267332008568,4.5468832543646185,4.9938928384903845,4.772389594440118,5.116100423918324,4.997857184110658,5.023923878756992,4.8427246681879375,4.229915856594414,4.207812474769473,4.073031225500452,3.911313665974316,4.4965573988362655,4.24559901234441,3.7655734046322356,3.747777590520885,3.661953519878641,3.6985927466056747,3.573629833351261,4.532331036556225,4.258554474150931,4.030421669462927,3.95943712199385,3.93436956242415,3.442146690144781,3.2304035135567633,3.0203279443614943,3.0340863246436682,3.0840538835196436,3.132680194725253,3.183288852589063,3.280872774328359,3.33013393529741,3.500764204782004,3.800195758730197,4.313817402033336,2.6388307060755154,2.395474415423619,2.2103449580252903,2.5049413618667646,2.6627786061957437,2.8159755746625676,3.2067493613583427,3.696829363697086,2.0998840065274322,1.8820754974453717,1.7631366973713942,1.8057463442137383,1.6398925511583253,1.54183226759898,1.3970377586884766,1.0821956841456297,1.1262973610118252,0.922496292832914,0.7960245465795864,0.7397177040106694,0.7000053753280666,0.7899927880917786,0.6398633704180822,0.550266004003574,0.5138634066486949,0.46219727947787115,0.4309577846674106,0.4230898414375901,0.7186106051715209,0.976515721338076,1.5907257961753325,2.0764816947978524,2.4284365089313065,2.913458820295505,0.15703334280874787,0.10131518376070509,0.13500100704609033,0.0,0.1335731561661246,0.04617265853766677,0.07820777070119805,0.1268104406871227,0.1670943138420331,0.1940089202067298
5.533611383642504,5.2892492975689835,4.925032252174701,4.909820658128407,5.8684533739963,5.530023331470747,5.882875745660751,5.45073578511425,5.8709228263883375,5.813099913409013,5.465725799125977,5.858848620324253,5.644981390440969,5.894962742506664,5.918010446890308,5.474045028043518,5.897663727168947,5.560685594773946,5.5909937850378,5.849181072004075,5.51898012777497,5.8797870381478035,5.757035169561507,5.425830726319755,5.240340411122109,5.539434679736397,5.665767513476009,5.5591963145284655,5.368184308524054,5.6570317893100786,5.4610655289054755,5.1202958762188056,5.093069835614725,5.107607609737371,5.054241043072444,5.015485642990636,4.981371310453142,4.964232473968497,4.922340618911482,4.836722956335673,4.896489952635804,4.742681303912934,4.7725905115316065,4.55945458786857,4.569778912898064,4.470747740594149,4.274439204220654,4.5122800027511705,4.29421667900619,4.29000902325614,4.191049376214403,4.229328649112149,4.165106973311265,4.154457626844921,4.219484374767909,4.118006694430673,4.081483339627179,3.7031194353526735,4.032787928233881,3.9153486356709157,3.9093077765562296,3.8847736906506154,4.007032200231029,3.9618955502343525,3.79400156158314,3.645400476294432,3.689103723616409,3.7265869849784528,3.184453035384278,3.3655451260846707,3.9975248297555215,4.048790408323196,4.031106115102272,4.322398252719782,4.445219226235089,4.136257510418992,4.230011098546297,4.223020989566113,4.3133266222508295,4.631065838417898,4.22406012513239,4.249848486778291,4.5889240979918196,4.621118113298858,4.297978839154783,4.002170903355204,3.816353313185857,3.5205357970222333,3.2951928259779315,2.998515285401727,2.6563459812925703,2.1377969737868243,1.7190519943544949,1.3580962081192414,0.9340300895205553,0.6956267313612414,4.769154236342829,4.318989440573548,4.70904063065913,4.788059088091008,4.883410393838857,4.633110103419012,4.877874603191161,4.799627895812351,4.507519361470362,4.962065257221269,4.732494852008598,5.08195436329341,4.958753549656017,4.984297860859386,4.798282638440524,4.2364210174634795,4.211271470306195,4.057127924612782,3.913713244587575,4.45427487442314,4.216952974360971,3.7708323278262736,3.7506770965637055,3.664730247577379,3.679035895423758,3.5768507913914895,4.475735600444677,4.207885552564192,3.9881714887343036,3.921920857372587,3.8984135313368613,3.4327763884381146,3.233585622729908,3.023366217662778,3.0287781195819434,3.067809425284411,3.109621052404602,3.1536360847983005,3.2405746315909196,3.2844055335042426,3.446915267235525,3.7426346310228165,4.250276579862425,2.642473104776678,2.3611521425341144,2.206678384910178,2.4532657290143134,2.5935714441804087,2.7349730370664393,3.116053903620054,3.602209514706806,2.1015265448363496,1.8867777724366357,1.7547543691506577,1.7694582777475518,1.645204614137846,1.5470787583530052,1.3915265653710645,1.0619279904387255,1.0651483855376853,0.9067382852979944,0.7894561611712133,0.7336010362946968,0.6943142446817706,0.7185715012685945,0.6613636079682027,0.5477873297125024,0.5272682309241096,0.47504562234102704,0.45202813750384646,0.3553314529548707,0.6038336319220928,0.8529810431202672,1.4611418188002594,1.9454334396141308,2.296805434592155,2.781396702428818,0.22679746536860493,0.1423350954751025,0.03548873841670775,0.1335731561661246,0.0,0.14702018139843454,0.175672275041129,0.13565226147752568,0.14354621063036702,0.17347344917564186
5.5717509964610334,5.328386122003248,4.9723398282906235,4.964219967761552,5.905193161773437,5.570371391601236,5.9217561203837965,5.493518999270438,5.911976382877553,5.854606914024639,5.5105671561310725,5.901782119186455,5.690047768740185,5.939884366183344,5.955835776625791,5.522520474341657,5.943387490191626,5.610098535601257,5.641497967487402,5.898718199312161,5.571820206065376,5.931501620633739,5.817634862081376,5.489411433277859,5.303562730413002,5.6057026066812,5.734338676872016,5.62891602453241,5.439716024341918,5.729790101836488,5.539412552975725,5.205085620496973,5.178278326931923,5.194872610935237,5.141659804658122,5.103252502163485,5.070017049532038,5.053546672411604,5.011482929984231,4.926165985085348,4.989901663428624,4.8343969276900784,4.8665348407783675,4.655029961671356,4.670260980730055,4.573585855388079,4.376372200101963,4.6185896581211905,4.398831383275673,4.395637682199142,4.29847778160543,4.339090844988366,4.276741402934942,4.26867593858264,4.336361836890845,4.234911855950664,4.199106955159707,3.825046986860604,4.150507219972425,4.032294851055905,4.0266957687567535,4.002731796735712,4.131447141598208,4.086379043326784,3.918954498479363,3.771077570803396,3.8159382298772004,3.8558313107037434,3.324189196222932,3.5069361764081743,4.046331552481314,4.099213919704648,4.0846228430830935,4.378258476248351,4.501281573598306,4.195184130468051,4.290590660851341,4.286992779545225,4.378180983513448,4.694814037044558,4.291213524635011,4.31898157484758,4.655860105127345,4.688411721183675,4.369338807513637,4.073204492944888,3.8899791332517717,3.597982620248313,3.375291604537911,3.0818416359736553,2.743070578426181,2.2309833933154355,1.819374391474625,1.4663090364480431,1.0492426727036936,0.8223678714200782,4.839677904801302,4.3966970222114385,4.784933685822656,4.8636912857373105,4.957802964236966,4.71296559099438,4.954080606451046,4.879026737462167,4.592319372006968,5.039735661155527,4.817796647394759,5.161839950112671,5.043319408985399,5.069353495413447,4.8878071134047465,4.275457534929969,4.253515760435279,4.119203774672108,3.957075096144396,4.541793701878212,4.291552157663651,3.8111983698575504,3.793520692531839,3.7077050535757654,3.744742959117915,3.6193635187121367,4.5762190936517095,4.303069773022707,4.075646293913537,4.004971181357044,3.979991659686886,3.4882755037229125,3.276152016939595,3.0660922980953083,3.080142140411434,3.1302242724569185,3.1787679730313387,3.2291818325179897,3.326204436874146,3.375055994593526,3.54491404010561,3.843935740830486,4.356797853067241,2.6845878120856055,2.4411146434000757,2.2563878202808256,2.5492396230679417,2.7047633020945647,2.8557445223930973,3.24421676130686,3.733227632932733,2.145763656542279,1.9278488248677321,1.8092851583076714,1.8512118128031403,1.6856711780384894,1.5876296125599036,1.4431664673218791,1.128226003363315,1.169040332162196,0.9685973826542331,0.8421972043596532,0.7858901848712528,0.7461775285217346,0.8307257099107065,0.6852378252563044,0.5964376501210088,0.5598020511237592,0.5082130956677545,0.47672176659108023,0.4632783042433852,0.7464125637068606,0.9993438630201603,1.607916288142777,2.0915467274684114,2.442455553412498,2.9265788257369247,0.20105449384806545,0.14707859205497922,0.15872086766819335,0.04617265853766677,0.14702018139843454,0.0,0.03427694798269505,0.09279155025756931,0.1362946345033113,0.15955817108058346
5.599006130106568,5.355799562909759,5.0009158127509155,4.993724399579786,5.932226054357222,5.59794540240868,5.949100972340254,5.521442389434343,5.939634171050272,5.88233194578676,5.5387763593655785,5.929706519354228,5.718279161325592,5.968084278710369,5.983025440034868,5.551223738753553,5.971697861909254,5.638922850476707,5.6704653461103245,5.927546327671212,5.601095320799609,5.960615454465597,5.8478653936372496,5.520004848461843,5.334121991947356,5.6365978560665475,5.765484493878467,5.6601895375969775,5.471187883394935,5.76138060211091,5.571561360913628,5.237818187235677,5.211046463251069,5.227807315819711,5.174607896868603,5.13622886893371,5.103062318151439,5.086643164063749,5.044567367325281,4.959275046354216,5.023292248434661,4.867673651006032,4.899963345983503,4.688567527541873,4.704078246921892,4.607518571069087,4.410265575191444,4.652663699688296,4.432842706256376,4.42968878984428,4.332593245030002,4.37327384404871,4.310966783416328,4.302939586072191,4.37063877592391,4.269188776008805,4.233382413486873,3.859262540123719,4.184782273934296,4.066571711305381,4.060971838304719,4.037005587999467,4.165586952593819,4.120515896607249,3.9530711511436776,3.805160879594552,3.8499634268482965,3.8897034264624426,3.356601314767305,3.5389104369646205,4.075175875773888,4.128266039890607,4.114074055735521,4.407982038451442,4.531022090058589,4.225295495915212,4.320892802091072,4.317689226557423,4.408972109712405,4.725461954131646,4.322265608076391,4.350246678241307,4.686868877895525,4.71945831909376,4.4008362274712605,4.104684044405195,3.9217341041865956,3.630126094396752,3.407692282513967,3.114541046999681,2.7760671843458034,2.26447331875452,1.8532853237313023,1.5005112828222005,1.0835149764711782,0.8562351012687636,4.871065983195912,4.42882366728808,4.816870291383537,4.895599392887493,4.989584643705187,4.745279922268713,4.986041609330462,4.911293441442893,4.625069807821198,5.071834889366138,4.850581953275679,5.19414273834883,5.076037311638249,5.102111659437458,4.92092317272684,4.302933581888303,4.281448354695376,4.149692924433006,3.985191081668787,4.574765160359498,4.323382448234729,3.838910749575825,3.821582059321522,3.735794223955362,3.7756719137870705,3.647399044754278,4.610037831092233,4.336590291074766,4.108629409423567,4.037595816828972,4.01248986652994,3.518030535124462,3.3042407188682454,3.0942359113081115,3.109429126385652,3.160841376380163,3.2101181570871185,3.261171453028353,3.3590761199676122,3.408303503344577,3.578621380754914,3.877808011904274,4.3908819803215655,2.712720261287754,2.473588341311885,2.2856294628883944,2.5828736881267016,2.7389927498081224,2.8899787810034367,3.278155395445071,3.7669539209463556,2.1743270996232185,1.9560684409607016,1.8392667160072105,1.8839291897229482,1.713925742156124,1.6159525902372447,1.4729851825856144,1.1598518260553896,1.2031565119853875,0.9999347643437326,0.8727625808850122,0.8165088820992731,0.7768316554653976,0.8650026176974487,0.7126568144384287,0.627156588524204,0.5888602094037437,0.5376102747692982,0.505287595949086,0.4975532944667667,0.7778215807935438,1.028637541975478,1.634340108913895,2.116770485817271,2.4670682825234804,2.9506479005618713,0.2273733374991198,0.17948300809169349,0.19050374507243972,0.07820777070119805,0.175672275041129,0.03427694798269505,0.0,0.09251409323822715,0.13610724485274683,0.15393679899965304
5.641638912790352,5.39782702335438,5.038092298670595,5.026560006502705,5.975698206413413,5.639308605882941,5.99135377301107,5.561377877677499,5.980631215098365,5.923058545712131,5.577501400968209,5.969604997774772,5.756893669025972,6.006814246309189,6.025886034255488,5.5877752914233865,6.009951358828583,5.674917142465245,5.705798244409132,5.9634988412036805,5.634982280855625,5.995238657707096,5.876866012863923,5.547024103715502,5.36135544525404,5.661846210779679,5.789193917150031,5.683106968555196,5.4928423313267665,5.782212449731059,5.588418429345766,5.249904515264241,5.222815243828763,5.238015637771751,5.184694274440544,5.146045277446437,5.112199379047428,5.095261407735323,5.0533155469435,4.967782971174291,5.028677313978957,4.874394931051161,4.904912629675543,4.692183475574001,4.703625753873309,4.605045646654565,4.408560026282111,4.647144147575156,4.428813627627169,4.424765367739894,4.3260571144794735,4.364610190194444,4.300555564677531,4.290058782399703,4.355136390903534,4.253658695775382,4.21712888784336,3.8385333957596237,4.168432126073984,4.051000659113467,4.044956883493777,4.020414126459705,4.1421215801968225,4.0969756354568805,3.929010714937401,3.780286326329045,3.8237503175251035,3.8606066221856232,3.3126025385185933,3.4918482466915677,4.111270267780384,4.163392434791091,4.147297127433869,4.439803788226734,4.562739540813473,4.255138977338367,4.349693892533676,4.344280253312525,4.434997198375357,4.75226773163139,4.346745232923414,4.373396542404816,4.711552641096862,4.743906980978028,4.422473850434711,4.126495537071869,3.941721568150411,3.6473669883728643,3.422983170466253,3.1274068060632234,2.786311959959788,2.269594736331369,1.8525260344684196,1.4929296067834354,1.0695128504816585,0.8309025106331668,4.893344765779201,4.44601464628482,4.835403069542253,4.914326173121166,5.009195643061633,4.760963009321058,5.004372310831921,4.927326387808082,4.637089655376317,5.08913048093876,4.862247671796283,5.209851372164831,5.088277633981759,5.113986184107507,4.92936464190729,4.344826819211905,4.321483087619935,4.177491665969116,4.024501363211356,4.584720154740611,4.342759222029418,3.8799223853170703,3.861151418734132,3.775262240780484,3.801005663536085,3.687109968644449,4.6095785128265705,4.340494784769088,4.118564267005163,4.0508442941464065,4.026818033784181,3.549865465912789,3.3438029871750308,3.1336205222690183,3.143674422219073,3.1881587466183383,3.233000379536422,3.2796678628441494,3.3702850763869607,3.4156885346011427,3.5801501686174366,3.876603393834867,4.385162493973701,2.7522718523160776,2.4886856154624906,2.320422955786345,2.585880629684108,2.728932353971143,2.870509857214753,3.250420341346284,3.7356501783469462,2.212268847799971,1.9956261878159651,1.8707236666338085,1.897411631588859,1.7535245576252265,1.6553541191583778,1.5056702256640322,1.1827866694510671,1.1990750567593025,1.0251744566531609,0.9029433901125317,0.8466372465653761,0.8069547903223834,0.8536232484516464,0.7575675469141516,0.657844196275283,0.6278877959794463,0.5755564538508495,0.5470726600204399,0.4887497218221015,0.731133304795085,0.9704748856404385,1.5652713103947782,2.044143192922454,2.392809746565689,2.8750111989101055,0.2814526998327345,0.2116397163085689,0.1647186660691243,0.1268104406871227,0.13565226147752568,0.09279155025756931,0.09251409323822715,0.0,0.0440653853001304,0.06743512852877503
5.668907552760804,5.4248581096977,5.063101191543376,5.049710296458468,6.003298308407095,5.666044335921806,6.018442072157758,5.587516758161807,6.007191798062949,5.949508452666337,5.603126657963384,5.995702286781381,5.782460008004553,6.032414067317116,6.053227345356516,5.612474701907526,6.035348523371628,5.699372243486219,5.729967950866256,5.987917013028275,5.658535864403227,6.019084558495475,5.898284145432231,5.567600235337217,5.382040935861877,5.681634742002138,5.808293064847983,5.701863672611085,5.511054225996886,5.800034388612957,5.604476813614438,5.263837127174144,5.236606183858892,5.251093738302653,5.197722217134022,5.158953964854474,5.124801002794992,5.10762727311717,5.065745567839539,4.980112584987465,5.039563614382001,4.885915116173959,4.915612152185074,4.702292865617088,4.711839975849801,4.612326389378878,4.41622939913602,4.652983105582666,4.43538772357839,4.430918133683347,4.331462172365538,4.368998319161374,4.304119857998212,4.292440506190848,4.356243220151857,4.2547684220424165,4.217894333609362,3.8371872653031427,4.169158970812522,4.052125545035756,4.045867937062947,4.021050197120148,4.13937447322723,4.094199397825148,3.926008323062012,3.776910698304925,3.8197023622456876,3.855114449216702,3.2996196751601885,3.4772199661790175,4.13591733578356,4.1876199874167686,4.1707117553434765,4.462578147023054,4.58545460586032,4.277080574503721,4.371170273921329,4.364792725943326,4.455249961283346,4.772825140179554,4.366330469877836,4.3923917610826555,4.731182588456305,4.7634296765928745,4.440793068894561,4.144934000487093,3.9593800207532652,3.663854458545095,3.43864474634954,3.1420514943731632,2.7998785705306006,2.281053983991816,1.8615546281956992,1.4991380407679036,1.0734363429271259,0.8300337722919503,4.911891794064105,4.462347181538583,4.852288124987046,4.931289153541245,5.0265434828573055,4.776577398309917,5.021148250764607,4.9430790343322855,4.651062227593026,5.105433351094246,4.876031389846669,5.2254279490343425,5.1022971041715435,5.127836604623298,4.941668255610984,4.371893187409403,4.3477723440253495,4.198554538350355,4.050521641674498,4.597759250484958,4.3600837320506045,3.906676435350254,3.8873029723548753,3.80138362112147,3.8210495659077335,3.7133467743072126,4.617802279597542,4.350787809140276,4.131663731178892,4.065460571665407,4.041926261344964,3.5727778882086842,3.3700360290198645,3.159821383512125,3.167702237830506,3.209194457371932,3.2520846143594633,3.2967981675507607,3.3841155192931276,3.427763718192662,3.589483382404654,3.8845989945028885,4.390945020907979,2.7786355118043176,2.5045586161639295,2.3449372560248767,2.5962108518259215,2.733062883785452,2.870040079491069,3.245748465088507,3.7290758009881584,2.2381491501565494,2.0222801704437754,1.8940640410415577,1.9129030239669005,1.7803390031660065,1.6821577090351394,1.5298246594258795,1.203251984039262,1.2074128218680222,1.0469384092939644,0.9270708269436109,0.8709110569486208,0.8313583499147267,0.8595022239963697,0.7879232250369911,0.6831038250885302,0.656535585130511,0.6040803559889095,0.5771934247635697,0.4983824156163918,0.7194626935002674,0.9515156729437191,1.5391646749568255,2.015666353257316,2.363243439308756,2.84451135588328,0.3181761027446665,0.24376436070305044,0.177092620765856,0.1670943138420331,0.14354621063036702,0.1362946345033113,0.13610724485274683,0.0440653853001304,0.0,0.031118722590734164
5.700011875610809,5.4559680573548155,5.094203389705578,5.080722712427716,6.034392359190017,5.697159464410817,6.0495510114060655,5.61863544080348,6.038308946426187,5.980626421980601,5.634241426988629,6.02682087073259,5.813573869544613,6.063528358040057,6.084329811019302,5.6435667427047935,6.066459375398666,5.730454956598206,5.761038138753818,6.018997963595554,5.68957313794398,6.050138084380286,5.929145824470709,5.598369342490221,5.412823540357909,5.712304166324788,5.838865913346489,5.732386118547259,5.541492562061452,5.830407387083682,5.634530360044589,5.293441911870874,5.266178704827674,5.280498022840045,5.227114911727125,5.188318109643664,5.154090042153014,5.136857632747873,5.09499247906623,5.009335239974402,5.0684071582605394,4.914930413285819,4.944406165540125,4.7309252537096835,4.739911069288994,4.6401049541559605,4.444135679017171,4.680283426398638,4.4629393729901885,4.458329348258097,4.358620522177678,4.3957969957467515,4.330619641673177,4.318493808410812,4.381792685178994,4.280322045990077,4.243309967671235,3.8617303363489195,4.194560451385077,4.077691680023273,4.071348149156288,4.046419628059058,4.163286050044268,4.118099502185376,3.9498125587891773,3.800550810824533,3.8430287079781853,3.8777491461194513,3.3182556017133362,3.4948491220773708,4.167009087177706,4.218694915880374,4.20174340085559,4.493564994064116,4.616436590807364,4.30799838573581,4.402042853964346,4.395559288258623,4.485984501110315,4.803595052951029,4.396978863243158,4.4229568027970965,4.761834916294292,4.7940672125043,4.471255003922125,4.175416958907467,3.9897384096076283,3.6940082919833226,3.4686423954202468,3.171844335912439,2.8294408963664615,2.310123247234478,1.8899883159537456,1.5267530717919864,1.1003955974147004,0.8553220369101011,4.942386158005245,4.492462569869272,4.882503117084964,4.961517696342569,5.056839765328177,4.8065488214700745,5.051342026864878,4.973076825544912,4.680682249403597,5.135537670652903,4.905605762618574,5.2553879724804204,5.13192313766108,5.157423813100883,4.970884801799335,4.403001783803752,4.378890873722067,4.229384614035425,4.08164014976274,4.627161321342486,4.3903810767601685,3.937790613778498,3.9184216946355424,3.832502338112083,3.8517619770034166,3.7444653799033225,4.645877962301841,4.379477605565567,4.16108680483236,4.095230835748159,4.071801635360285,3.6037780251619163,3.4011546000755843,3.1909400034484787,3.198770503629077,3.240028226538524,3.2826730047955843,3.327074079486426,3.413722933164107,3.4569479792456033,3.617915134701263,3.9126195665908208,4.418231702247043,2.809753265613362,2.5346196109941546,2.376028871428635,2.6249617857667022,2.7598334350206333,2.895008644540445,3.2688112838401797,3.7511815296819164,2.2692676193074504,2.053393638102653,1.9251041497082875,1.9429140583176625,1.8114487314993701,1.7132672453840008,1.5609089115702186,1.234071696901339,1.2357479545873509,1.077891231821995,0.9581650359411857,0.9020112361334724,0.8624629979656175,0.8872134010755709,0.8187464119163145,0.7142224416529682,0.687523866761952,0.6350728332331437,0.6080188131741889,0.5274504626521219,0.7397157356934195,0.9670091824109172,1.5488937429983016,2.0231887705405707,2.3696946050688696,2.8500058793028136,0.3472150615703194,0.2740830871855942,0.20749320120648537,0.1940089202067298,0.17347344917564186,0.15955817108058346,0.15393679899965304,0.06743512852877503,0.031118722590734164,0.0
