0,1,2,3,4,5,6,7,8,9,10,11,12,13,14,15,16,17,18,19,20,21,22,23,24,25,26,27,28,29,30,31,32,33,34,35,36,37,38,39,40,41,42,43,44,45,46,47,48,49,50,51,52,53,54,55,56,57,58,59,60,61,62,63,64,65,66,67,68,69,70,71,72,73,74,75,76,77,78,79,80,81,82,83,84,85,86,87,88,89,90,91,92,93,94,95,96,97,98,99,100,101,102,103,104,105,106,107,108,109
0.0,0.37109859630420405,0.42944773179987517,0.4212004069610549,0.46316734455868763,0.4142500395450499,0.45903332794360696,0.4658355994511113,0.5338446295128784,0.5007559849615927,0.5824502289199669,0.5385176983226126,0.5560333584967393,0.6672762636526016,0.6003524692913033,0.6658508754788522,1.967364171199575,1.894083622510672,2.4419509409235793,2.5860063558290096,1.8785386273510247,1.9290274824813094,2.013748577818081,1.9748420542355274,2.002775396694958,2.199026409185399,1.542408043736592,1.5036325125332086,1.4772194476895844,1.4266512053102656,1.5237964912080375,1.933023879912406,1.8120109028725107,1.518728412038587,1.989108767791569,1.840777260687126,1.6204207239628765,1.8978149028823355,1.8318083638898597,1.8844744823828552,2.1511836677099008,2.0221556597295436,2.1494327523346572,2.0935909151967107,2.268560868937538,1.5483809193286426,1.2805263123314428,1.2493813946384218,1.511403313890847,1.4552542300938254,1.5684543046468362,1.5096389894825832,1.6635229127752258,1.6077875473590688,1.8922937254655638,1.823280158695867,1.994707165592001,1.9317411056502738,1.9739724377699568,2.0521790132852162,2.1011521835511147,0.8042716889754777,0.8164121118803781,0.9825588314582396,0.9592764612993031,1.0191278877143726,0.79072906560616,0.6732957279068824,0.6190992723449731,0.6349152723618839,0.604366086624115,0.5874189262339238,2.4111047608016936,2.5160906653464044,2.438838816214299,2.4876898259267164,2.6400009717685617,2.780958779537988,2.8545021103333665,2.9861911931031018,2.89380747519344,3.0361141544953516,2.8975598115237533,2.94462783663601,3.206009902683117,3.35085467654348,3.2359823633187332,3.377433229456788,3.2759118190909735,3.4097277816163754,3.83614054737072,3.9410087743530426,4.030883169818644,3.9676399143536507,4.059618703641284,3.9974936136682464,4.085983711048728,4.457692057313005,4.528150095795888,2.3564477894215536,2.539826001593624,2.376079788144166,3.49799095206441,3.3848260200404283,3.5406680356099898,3.4210612314054307,4.562645010265832,4.511482044714201,3.8804035067803073,3.520062736977363
0.37109859630420405,0.0,0.1601905995897555,0.05214814393222719,0.1111390792631702,0.125105825565355,0.12690281642487614,0.18750865688693566,0.1888522501773494,0.21913001170584603,0.22772113830295476,0.24456634637351612,0.2640936927566718,0.32150564048525715,0.3521272876439918,0.38585098982740723,1.6909171370047615,1.5973263521626087,2.1464500861118774,2.257981082128309,1.5832206326136673,1.6130892672126655,1.706518022220849,1.6491076170425012,1.6750626344102704,1.8756874042709815,1.2044421499493585,1.1688889300200018,1.1451327969814735,1.1005103121944668,1.1556133047417227,1.6110634666235506,1.4693639784271275,1.148068955186491,1.660847336760874,1.4856538110844184,1.2493233409654652,1.5438399657703432,1.467889966095346,1.519386128652709,1.8074388762176707,1.6530283455134278,1.7797356929489618,1.7226061348444486,1.9008811447810658,1.2079212209865968,0.9095090760038853,0.8790310079321321,1.1406067761244174,1.1205989651983232,1.1979997744730264,1.1734400295941718,1.292905113272208,1.2689790259782538,1.5217645787919347,1.4781987769074163,1.6246535157179771,1.5647971500787934,1.6094718821541878,1.6810806480094749,1.7311003177004736,0.579564755523451,0.6892696888975083,0.8416253812043638,0.770644123474357,0.8184126181591781,0.7492680865399107,0.6202424145024168,0.5959681920042182,0.7154501843615401,0.7208884673148196,0.722357546727435,2.0409142095328883,2.1467080468121598,2.072295391313746,2.121962626713968,2.269207383146558,2.4126948098641727,2.4837645243437154,2.6172526512569663,2.5231557588054745,2.6673932972160075,2.5311789915303615,2.5776783890686845,2.8357391549163986,2.9811106821725613,2.865978450996418,3.0072872321337645,2.905839523386331,3.039490647902981,3.4660583452403535,3.5721986814970066,3.659875251234187,3.599053169619224,3.688595957124662,3.6289702639057073,3.714950107091482,4.087909872566481,4.158490435271387,1.9855039892762603,2.173794812388668,2.0053806637698943,3.1275667814023294,3.0148976431717722,3.170328674080502,3.051210325517929,4.211910319235371,4.160922615728182,3.5307405559506884,3.1697860843153456
0.42944773179987517,0.1601905995897555,0.0,0.17439303443425952,0.10592067354311342,0.03519552037480603,0.07434544609599701,0.037065551924645786,0.12951129351711435,0.07332223412189828,0.18090755777221124,0.10976139094389396,0.1282514181546702,0.24689135866124057,0.19824885503661427,0.24645853993986308,1.5605458936827745,1.4764180561255469,2.0257441442658695,2.15804401650124,1.4615192266670172,1.503786344735018,1.591759210125619,1.5470052963086578,1.5745556212587002,1.771931395023819,1.1129628432581862,1.0742418021715356,1.0479935058095415,0.9981424607796159,1.1152997881811628,1.5060439882934549,1.3827143332528322,1.121807987044607,1.5607761030684324,1.4148506388259647,1.2315644120652605,1.4712391581097133,1.413476907991489,1.4676934602661884,1.721883873126467,1.614208130880508,1.7432956911990536,1.7059267115641097,1.8557209573970708,1.1190228089474723,0.8911608157014788,0.8772737514332933,1.1308030266029316,1.1830976541389582,1.1910152324920955,1.2335224935879814,1.2835808707359893,1.3249524809597222,1.5115897326567793,1.5246095783881972,1.5908348222753188,1.571149616953332,1.622421437367364,1.6604184165033198,1.723265957619337,0.7180439379116323,0.844266864162105,0.9926534353964298,0.9135355183498031,0.9573142954362616,0.9093264289131645,0.7803854300898108,0.755827790585931,0.8695915316279323,0.8706920097706797,0.8694684716795078,2.0066530445364186,2.107727903600092,2.0772429437233813,2.1290536810592986,2.2533646292965726,2.368617656902725,2.468003417934958,2.5755051790515173,2.5081570594336506,2.624696758760947,2.535106546683241,2.579782165492638,2.8231363500455777,2.942652310681735,2.855024998820166,2.971091896598061,2.894399891273713,3.0038434126399145,3.4537295778772727,3.5659783591937857,3.6312572933056675,3.593691149046025,3.6602660857133373,3.6238170363966415,3.6868466820959047,4.0766356489883835,4.147793597720599,1.9584737652789832,2.123133634045224,1.991364567044424,3.0931276164869956,3.0041285094799837,3.135231992802605,3.0408205694558617,4.241783729225447,4.191093846360728,3.563023320717728,3.2019417800476613
0.4212004069610549,0.05214814393222719,0.17439303443425952,0.0,0.09249299606256513,0.14036628200686987,0.11959287885952012,0.19348044973129672,0.16407739440593636,0.21953906693064773,0.19427197426931406,0.2379131150082281,0.2564502309882668,0.28948589050388107,0.35143688098146997,0.37484113640863037,1.66794744544603,1.5702485781838917,2.1187392521291972,2.22287396084872,1.556490624251588,1.5816129615762748,1.6768891250609905,1.615209151510736,1.6406364555639616,1.8420688090523631,1.1681521341092669,1.1335831552849613,1.1106203667293977,1.067734208818123,1.1087494850711903,1.578148503547987,1.4312876793530345,1.099339096444365,1.6263043864292346,1.4438039208384084,1.1995558900141383,1.5023075886071144,1.4228802818221187,1.4738565397268104,1.7686842419466056,1.6054235470309028,1.7317298741584737,1.6724430967353896,1.8540266864534438,1.1709157556094891,0.8602483443622077,0.8282692678057141,1.090203598850484,1.0696962956733795,1.1473178157662187,1.1223791148749842,1.2423418711398493,1.217675101942653,1.4711397395021788,1.4264425553807656,1.576406723073601,1.5131282452816421,1.557544520542672,1.6313139835634634,1.680214553098491,0.546817616765659,0.6704303598289681,0.8182720650274603,0.7408587536982358,0.7862372056059358,0.7423971162719898,0.6146528701490911,0.5956675443746349,0.7267377621995404,0.7368904601049581,0.7407468615248102,1.992501207218015,2.098860685241247,2.02059638766547,2.0701697890259285,2.2188008156779495,2.365455503783238,2.4333068345070026,2.569623004242852,2.472628100821786,2.6198813213511114,2.479473634495988,2.526050122510544,2.7849763706512882,2.9329569076372692,2.8150905557832377,2.9588421359011035,2.854982006177123,2.990971931433005,3.4152099186224913,3.5209361207173644,3.610464184276061,3.547738047142811,3.639151301692046,3.577641195950142,3.6654788345554588,4.03694359468411,4.10748053138312,1.936267886586024,2.1276489653069537,1.9548887146198048,3.0788860058799212,2.9639796907346097,3.1217199163415037,3.0002618048624217,4.159820434243926,4.108836959288014,3.4786838603466337,3.1177194559160815
0.46316734455868763,0.1111390792631702,0.10592067354311342,0.09249299606256513,0.0,0.08198239604833399,0.03337950782945471,0.11188663789652313,0.07779196494375097,0.1315062422487096,0.12045757609713516,0.14606084611539605,0.16426087337016795,0.21179203585174677,0.26080903869280614,0.28241598231295884,1.580735777423234,1.486269160699926,2.0353520040899755,2.1481561825961526,1.4722005416699473,1.5021940932031943,1.5954024701336103,1.5388643062122171,1.5650187058179224,1.7653185157215254,1.095465840008282,1.059381520590226,1.0352567911921537,0.9900035963758389,1.061192306118127,1.5005050584288135,1.3614906055311324,1.0594364983211664,1.5508538442470505,1.381576588956211,1.164759717540568,1.439328901211128,1.3688474914841828,1.4213465257608964,1.6999912981800491,1.5599670303857958,1.6877608270571087,1.6392530418761357,1.8055904558680318,1.0993990562035512,0.823708793252932,0.8012657398421084,1.0596121583571778,1.083964697957645,1.118542860340823,1.135102703196005,1.2124808353345677,1.2278040013832956,1.4412962035213157,1.430634142690585,1.5335934830404039,1.492944657249102,1.5413318052629532,1.5958310135436165,1.652047231959477,0.6174796501187927,0.7549471766533798,0.8985155272543663,0.8142576085768811,0.8561786859196936,0.8330927361730945,0.7058854181306579,0.6879418946416249,0.8184112301632217,0.8271441352208827,0.8299946688395281,1.9500515279760002,2.0539946789302252,2.00017980307413,2.0510442264416504,2.1866966508309833,2.3181344737415355,2.4014140553680234,2.5236887987764276,2.4411882702489867,2.5734796640839463,2.4587945854341253,2.5043462291968424,2.755063695919629,2.88899168472987,2.7861185049878507,2.9160987987209235,2.8257571745672734,2.9485385593500486,3.3857210524873698,3.494912124587559,3.572076719537054,3.522207080001069,3.6009297141479246,3.55223737726744,3.62738881317486,4.008226972132137,4.079103691210315,1.8976860467131529,2.076660648896057,1.9235560030729244,3.037143760909542,2.9351832597547616,3.079645139076526,2.971694835746083,4.1548968274158815,4.1040832138939916,3.475080270173101,3.1139542770937605
0.4142500395450499,0.125105825565355,0.03519552037480603,0.14036628200686987,0.08198239604833399,0.0,0.056358752706467063,0.06526840998918303,0.12608845202408908,0.10043279920994896,0.17789997011814598,0.13307868729321695,0.15256534914960854,0.2543134270417774,0.2304737657639728,0.2737349466967042,1.587189853968409,1.5006376922173887,2.0500909222228225,2.1773816610071317,1.485931461358198,1.525137927480943,1.6144976951643635,1.5666199460444168,1.593798095222422,1.792054243087164,1.1296393434330712,1.0916459980371214,1.065977936994309,1.0173594835410973,1.1198964233199014,1.526346898252721,1.3984894946292643,1.1232211372239085,1.5799054142623667,1.426892518447169,1.231241560922351,1.4837514640292881,1.4216972519182294,1.4753374505418253,1.737621623497139,1.6190353652884286,1.747679123554423,1.7058536152635488,1.8621544620410488,1.1350786909257617,0.8902981485468732,0.872690448657943,1.1285544727190124,1.1655737644098492,1.1882415758772367,1.2165558197126585,1.2814565179677673,1.308935272016347,1.5099105148741416,1.510771102623238,1.5945106987041529,1.5659005484307293,1.6157850471949888,1.6611972374148796,1.7212479718694447,0.6857278414352289,0.8095405890696913,0.9585183446707862,0.880652572831908,0.9251133306653293,0.874151106601491,0.7452330268848095,0.720930386940998,0.8362502213643547,0.838359363752977,0.8377416204570834,2.010702411705355,2.112891900675953,2.072639774231246,2.124009146849678,2.2534156639512393,2.3750426000977716,2.468120416179607,2.581472553284149,2.5081193082608917,2.6308935611818027,2.530916528570496,2.5760055892060487,2.822665728908225,2.9479783511771687,2.8541987979777845,2.9759158753778263,2.8936914336801207,3.0085519812144446,3.453339823736186,3.5642625202016,3.6345142484869606,3.5917913588732184,3.6634634217549604,3.6218764367848553,3.6899977116365537,4.076109963106466,4.147149785405111,1.9608730460518606,2.1309572783457256,1.990883557842547,3.0975852657123806,3.003299684081652,3.1398462885219645,3.039916841468177,4.232318770374551,4.18155889293686,3.5529470597415735,3.1918265071742256
0.45903332794360696,0.12690281642487614,0.07434544609599701,0.11959287885952012,0.03337950782945471,0.056358752706467063,0.0,0.07860142525580682,0.07487997948083472,0.10031875960989155,0.12509855321024604,0.11936383165576675,0.138478979339669,0.20889827335632322,0.23185850962016916,0.2594018618922265,1.5650236171661365,1.473488021361233,2.0228527322367107,2.141588206291281,1.4591691712540724,1.4928353334626423,1.584511972589896,1.5315344596447187,1.5581355203942409,1.7576149878237013,1.090771334869322,1.0538106638903835,1.028988750642422,0.9822457758542126,1.0689446288540116,1.4923518900088406,1.3582022230306974,1.070253438272558,1.5440838066726554,1.382270664255461,1.1773343605272246,1.4395980961031618,1.3734239068925906,1.4265518736058067,1.6970888355423208,1.5680446988509147,1.6963513180978007,1.6519669586772256,1.8122791313421511,1.0953910189228124,0.8362695015728393,0.8172361396669231,1.0738358407144153,1.1106931701536553,1.1333083534578177,1.1614485429751724,1.2267510649218292,1.2534898781190196,1.4553428508583879,1.45476131070111,1.5427519609506597,1.5101599986604324,1.5597488255266758,1.6077404981956411,1.6665171723231083,0.6507801580364787,0.7866054841502893,0.9310627399632297,0.8474658108480012,0.8895257427453587,0.8619608948972228,0.7342422748817983,0.7146400815093906,0.8408719646711186,0.8475195521476286,0.8492346976426902,1.9591013603029077,2.062032666210704,2.017033954792371,2.068287778942297,2.1995261300809505,2.325066927020724,2.414245461511734,2.5311279800317417,2.4541685715304054,2.580713510103059,2.4754055368988714,2.5206134300665486,2.768498669511385,2.8971355603517996,2.7998742444928135,2.9247229222787365,2.8394160407675404,2.9572781678509568,3.399182998559746,3.5095491042164633,3.582272099600141,3.5370066925550563,3.6111838386100903,3.56707558354664,3.637689010225145,4.021875474382729,4.092862191020883,1.9082578128724461,2.0821331601927584,1.936771662336337,3.0461368066405266,2.948967380273513,3.0884994410069444,2.9855509736229755,4.17596722850176,4.125205635806856,3.49658836723777,3.1354678777145955
0.4658355994511113,0.18750865688693566,0.037065551924645786,0.19348044973129672,0.11188663789652313,0.06526840998918303,0.07860142525580682,0.0,0.11095197393820626,0.03636767126050925,0.159426713117878,0.07284780496877959,0.09119235065081648,0.21594459539725758,0.16545485942256363,0.20994528263632917,1.5240151109984958,1.4394376891485618,1.988782768259814,2.121200110762231,1.4245591570861018,1.4667523950950938,1.5546958072733912,1.5101357235816322,1.5377374674736728,1.7349957149056439,1.0766890142156766,1.0377982636265755,1.0114272479309385,0.9613558785929792,1.0842379577414638,1.4690939574527233,1.3466508419001157,1.0927364835898181,1.5239753477595341,1.3800367625543783,1.2036194799282276,1.4362368722777548,1.3803574484547503,1.4348509199010628,1.6858061355514438,1.582857822950695,1.7121765476461306,1.6776445439259726,1.8234408431979432,1.0829111521391666,0.8638336698414621,0.8528070923183645,1.1043060420136706,1.1707894119989033,1.1648764154515774,1.2205428000960625,1.2569073882419364,1.310856352607774,1.484497827190462,1.5080950623386213,1.5601660684132157,1.5467724875526623,1.599168248270086,1.6315708501489246,1.6963575157185578,0.729363512435017,0.8633876193374384,1.009052012997437,0.9260639117848445,0.9680492174234646,0.9340897049410706,0.8056234225467689,0.7831046204501093,0.9010588902756483,0.9035751901192178,0.9030100160126521,1.9756868560245944,2.0761086182673205,2.052215485844567,2.1043658380669186,2.224896431223263,2.3362855976141232,2.4394633853228966,2.5434004473830716,2.4797173151428713,2.59246567018576,2.5096823939304613,2.5540338949040717,2.7949607622245005,2.910872506618611,2.827092513678276,2.939590415052925,2.866382181562288,2.972405170590718,3.4254522400147325,3.5386210269779115,3.6006322527054873,3.566463897688314,3.6296754894357086,3.59661734570044,3.65628272815944,4.048419763232019,4.11965580262792,1.9285171355995296,2.0901081954842304,1.9633030786466503,3.06182696749704,2.9761851560177353,3.1038396883205057,3.012926415909968,4.220624054986299,4.169999966981292,3.5424629003504826,3.1814488333434223
0.5338446295128784,0.1888522501773494,0.12951129351711435,0.16407739440593636,0.07779196494375097,0.12608845202408908,0.07487997948083472,0.11095197393820626,0.0,0.10696431128470753,0.05198412571665174,0.09960113562087862,0.11230507774289498,0.13518394747302806,0.21251104673983248,0.21735278062678234,1.504487146123167,1.4088749139337335,1.9578629786583082,2.0707607317693872,1.3948753899899584,1.4244062167729756,1.5176677050071095,1.461289705998035,1.4875342036774584,1.6876867287596695,1.018596812128807,0.9822094728187434,0.9578856791632747,0.9123340583599435,0.9945986478399879,1.4228048351558833,1.2852449320806196,0.9971482744965251,1.4733937730802058,1.3077979769108663,1.105243555282499,1.3652370118889452,1.2985531095040665,1.3517170181513654,1.623955546265841,1.4937339379059797,1.6221887162433222,1.5798382456963271,1.737627122848656,1.0228046671363193,0.7643634654971319,0.7482911861894455,1.0030325144867556,1.0600683753450766,1.0629317568101844,1.1096955040811733,1.1559053936812942,1.1999081788816035,1.3842306726712037,1.3974023482300149,1.4688030901709908,1.442016156058945,1.492989666232671,1.535113466628825,1.5956879293939994,0.6500499114004822,0.8034958423662285,0.940414622478862,0.8481524167523831,0.885858326588506,0.8925690162027358,0.7671200242756221,0.75311512662037,0.8900578679041927,0.9009547149575934,0.9047475863407055,1.8850770190381172,1.9876811581294538,1.9483466090437078,2.000005296468349,2.1273945098939517,2.250446151401987,2.342093972460962,2.456609442106355,2.382112453551245,2.5061484796208684,2.406386594777057,2.4512460503221165,2.6967302050622566,2.8227873546269273,2.728334606141065,2.8505163663233466,2.767802733036698,2.883107575045567,3.327395790939136,3.4386442454323736,3.508634129099922,3.466233142554789,3.5375706241815776,3.4963322863892263,3.5640953046096264,3.9501948612671796,4.021258375937014,1.834872745413134,2.0073099895414295,1.8649364794577108,2.9720481158797263,2.8774379081348234,3.0143630811001727,2.914072238094621,4.112391936020065,4.061714328651418,3.4337629525094373,3.0726966036836156
0.5007559849615927,0.21913001170584603,0.07332223412189828,0.21953906693064773,0.1315062422487096,0.10043279920994896,0.10031875960989155,0.03636767126050925,0.10696431128470753,0.0,0.14849296595738562,0.038209086662594385,0.05534970880555502,0.19062888007154427,0.13316401545543655,0.17370938675547223,1.4877193451835478,1.4031018373900241,1.9524368772523646,2.085726877488101,1.3882124805858127,1.4308134770664394,1.5185107727704363,1.4746187341385804,1.5023247766395256,1.699329067172691,1.0422367948980076,1.0030756316796348,0.9764993679127096,0.9260272644077254,1.056595467355856,1.4333967898156357,1.3124988317611765,1.0674418309138318,1.488597185546173,1.347627790938534,1.1795681584795474,1.4035696210905533,1.3501171211496064,1.4049423270844654,1.6516130881630764,1.5547222674908374,1.6842904635754246,1.6530448400071482,1.7941551548184957,1.0487101301558883,0.8407324907983545,0.8329750346449244,1.0819586717651555,1.1636223475720868,1.1428956031115312,1.2126405900346806,1.234274318762535,1.3017302588722457,1.4612998276813391,1.4963308911546849,1.5328400666196467,1.5265706255917635,1.5801763511746894,1.6063379272342317,1.6733019490376666,0.7457290011562502,0.8864434273543774,1.0295752898072497,0.9432088523842072,0.9835107147965629,0.9618622407238873,0.833884612097178,0.8130260307363205,0.9341531310850165,0.9376978187125686,0.937592510251354,1.9479403850999955,2.0475811508640884,2.0311615995703254,2.083673530303041,2.1999867455962923,2.3068858855481174,2.4144462389322268,2.514256757402678,2.454808819065262,2.5631683784592108,2.48811910836057,2.5321093129925196,2.7703184135096857,2.882090817497871,2.8027195426844385,2.9111340053888908,2.8419105263309175,2.944020972550254,3.4006512413777994,3.51483769641191,3.5731613865887635,3.5428230105435277,3.602243052489991,3.573005231897681,3.628879841403084,4.023657045290825,4.0949772435559275,1.9019513516932296,2.059890836069611,1.9388933908472739,3.033598677257218,2.9517877137055635,3.075502266118107,2.988581071618594,4.203502656245125,4.152951136969673,3.526021765124511,3.165112069935631
0.5824502289199669,0.22772113830295476,0.18090755777221124,0.19427197426931406,0.12045757609713516,0.17789997011814598,0.12509855321024604,0.159426713117878,0.05198412571665174,0.14849296595738562,0.0,0.12999220329927652,0.1362808990575262,0.0952227405840815,0.23072712882090177,0.21734907964950467,1.4763155289979715,1.3764516952290229,1.9247082763633887,2.03046961127008,1.3628172029167156,1.3874975070913134,1.4826208275056747,1.4219988129351397,1.4477404529184483,1.648725078432881,0.9767218742751606,0.9412751830877258,0.9177306161202715,0.8739403373785242,0.9438857144648476,1.3844665106961065,1.2418911675397608,0.9455172520073343,1.433482582235756,1.2611210499491436,1.0533476362267644,1.3188742688785755,1.2493761747156753,1.302209851692456,1.5801814009893091,1.4429693993500958,1.5712535694908984,1.5279556600484063,1.6874427466304616,0.980238138497508,0.7124322209269648,0.6964867388743515,0.9510487735149449,1.015133957246579,1.0109593752811763,1.064164240900349,1.1039212722204257,1.1534446284754967,1.3322509339202269,1.3491758366911655,1.4176689257649924,1.390292686628438,1.4415444111981235,1.4833370282098268,1.54370388409557,0.6370421352634236,0.8017204988066498,0.9327767114440068,0.8349596353769422,0.8695796836612749,0.9002745137102452,0.7770591350493118,0.7672925057888763,0.9119860125143676,0.926310624164719,0.9318286915902044,1.8340088458379817,1.9369669259037106,1.8965225839477873,1.9482412909171007,2.0755168661997887,2.200183256430384,2.2902209484651834,2.40614587707292,2.3302237651470876,2.4557694993701773,2.354513252165414,2.3993340837607615,2.6448032840144298,2.7720663919651995,2.6763845212217086,2.7996270552591995,2.7158595026702526,2.8321801618328255,3.2754727256860563,3.3866622121429253,3.457285580812007,3.414249333712167,3.486207252339917,3.4443482940213324,3.5127204824604124,3.8982607608107034,3.9693165351857016,1.7833790552886062,1.9577081350974803,1.813013750677676,2.921039762898322,2.825487301953231,2.963400899888955,2.8621174990687415,4.061696839029677,4.011044976185231,3.383310788042815,3.022272957785129
0.5385176983226126,0.24456634637351612,0.10976139094389396,0.2379131150082281,0.14606084611539605,0.13307868729321695,0.11936383165576675,0.07284780496877959,0.09960113562087862,0.038209086662594385,0.12999220329927652,0.0,0.01972776421951337,0.1568189240530571,0.1158989508412536,0.14195023139900884,1.4542151703304718,1.3678279883854092,1.9172518906238702,2.0483523352379884,1.3530589038023164,1.3940892774372908,1.4824173177741926,1.4372898569139576,1.4648909208259095,1.6621748569453112,1.0042261885526387,0.9651732737482905,0.9387026905063572,0.8885156409122674,1.0200047283595088,1.3962836644727976,1.2744034464939795,1.032087802898421,1.4511312148255047,1.3094591927187447,1.144916601079481,1.3653771139328152,1.3124405223481603,1.367373886461271,1.6135301386283238,1.5178491156902874,1.6475207665153608,1.617986850893406,1.7567956308539492,1.0106242748837382,0.8068066503953687,0.8013009608654725,1.0484113760674558,1.1420132139021328,1.1095674576990273,1.1903404349109181,1.2004930846550907,1.2782994985400096,1.427110943217004,1.4705644664843198,1.4963433804548378,1.4943374174059556,1.5487802878894357,1.570925604332223,1.6391676511298345,0.7488792560645713,0.8974275199565036,1.0371959513875175,0.9468906238779169,0.9851795999054136,0.9790739883389915,0.8519454538023983,0.8335523733428007,0.9597712991454873,0.9652856953422945,0.966147412724779,1.9112198544397463,2.010514687228166,1.9982691778743804,2.051016630971961,2.1647051528460586,2.2694694343036645,2.379092457783975,2.476931800042039,2.4195135694540104,2.525784747711475,2.454849870750551,2.4986041399867838,2.7351584957664627,2.8449003957534655,2.7677116461707656,2.874075564091167,2.8068446245111693,2.9069920901859567,3.365381567988038,3.4801474864163895,3.5365238695705816,3.5082158982105884,3.565622783702958,3.5384142792794018,3.5922728165979696,3.988394800160788,4.059760611246007,1.8658029577131972,2.0222000201433943,1.9039163186047672,2.9966341490454433,2.9167599536602253,3.0384908050506243,2.953581775411877,4.173214349595305,4.122717741555603,3.4962650960353625,3.1354552515716367
0.5560333584967393,0.2640936927566718,0.1282514181546702,0.2564502309882668,0.16426087337016795,0.15256534914960854,0.138478979339669,0.09119235065081648,0.11230507774289498,0.05534970880555502,0.1362808990575262,0.01972776421951337,0.0,0.15027603321456687,0.10037034996977258,0.12223052622515736,1.4346468297768578,1.348646888368494,1.8980477359355812,2.0303779666557826,1.333840123601196,1.3755787821139374,1.4635564543017405,1.4192690323505954,1.4469803467747981,1.643990931711059,0.9872577420969023,0.947954694981918,0.9212876976465165,0.8706965072112238,1.0083598344938118,1.3780638365051208,1.2576883897048097,1.0220735681914381,1.4332565451199617,1.2941893774459172,1.1356824826268381,1.349895579617818,1.298825865979846,1.3539925902991432,1.5967648201286933,1.5057063664085852,1.635528260729507,1.6082235983241158,1.7438038406460916,0.9938834328086542,0.7984620296086783,0.7951288372836122,1.040362454428025,1.1431052724564372,1.10171935118553,1.1909752789646673,1.1921685021854076,1.2781705153480112,1.4183231904070202,1.4687967731042,1.4847680434688115,1.4874468945796953,1.5426272447507312,1.5607532538530753,1.630409218039043,0.7623510464622727,0.9135031883149923,1.052136121707486,0.9604568530932297,0.9979609519547621,0.996858816607837,0.869960511308374,0.8521103764440374,0.9791621816063492,0.9848831900726579,0.9858142814018687,1.8992847815635994,1.9980274432902927,1.9907068079324395,2.0436710266470737,2.1546408163648625,2.2563478127813075,2.3689323047478417,2.4639759831168884,2.4094202302671377,2.5127182411998974,2.446895280188732,2.490416695959611,2.7252090683964614,2.832175583917186,2.7579340602280156,2.861573589113727,2.7969999905435463,2.8945380161571435,3.35528690588724,3.4707008710800817,3.5246619692510386,3.498858662258965,3.5537855856638774,3.5290737573429727,3.580454447745396,3.9782963033776064,4.04971361157445,1.8546789434174589,2.008513485056998,1.8942192298142204,2.9842823749509506,2.906954814951578,3.0260623430257967,2.943807563800705,4.167837718977339,4.117387173929485,3.4913376741122772,3.130621222628056
0.6672762636526016,0.32150564048525715,0.24689135866124057,0.28948589050388107,0.21179203585174677,0.2543134270417774,0.20889827335632322,0.21594459539725758,0.13518394747302806,0.19062888007154427,0.0952227405840815,0.1568189240530571,0.15027603321456687,0.0,0.21372617473580666,0.1690515817249009,1.3823746809853554,1.2814015621815116,1.8295491841838356,1.9365522912748434,1.26782623202368,1.2924555609932136,1.3874032523187487,1.3276122141059747,1.353563940700735,1.5542290005770647,0.8836855296865891,0.847630359567086,0.8236682597510618,0.7791911842033348,0.8685319463798603,1.2897530751884279,1.1500747068505364,0.8771439570714573,1.3393577158482373,1.1735718595846676,0.9889457314533684,1.230789262886953,1.1675511981577218,1.2214092400762788,1.4887717084680956,1.3673562813578373,1.4965203419557642,1.4625211787314687,1.6089686209801395,0.8877267031495983,0.6502287960844869,0.6449344475467689,0.8916798966592097,1.0027286621574831,0.9527823368354982,1.0492449535137394,1.0438568524598149,1.1344111955536194,1.2707210165397043,1.3216484038531067,1.3443032051210162,1.3376262493908513,1.3924494821098212,1.416037377760724,1.4827417953140725,0.6981193522845561,0.8756395623016041,0.9990617450393516,0.8941806256029239,0.9239668774045463,0.9831892022412781,0.8621784478510113,0.8555357734264459,1.0044068905439478,1.0200949780967978,1.0261448947304153,1.7599508505233956,1.8608390849549499,1.8414502546827938,1.8942100638713022,2.009568714897407,2.12187650550801,2.224071582782984,2.328670522389928,2.2643941236730365,2.3779056970436643,2.298066630152034,2.3418790421981197,2.5798229184255135,2.695761962989684,2.612160258583836,2.7242187561397997,2.6513725586247148,2.7569818377805304,3.2102087002389315,3.324211700655967,3.384772552601112,3.352194134399504,3.41380586847154,3.3823764185180636,3.440405887178969,3.83320566631268,3.904500515945151,1.7125782548245312,1.8769826770660234,1.7483322917649378,2.8463006521796674,2.761234437818728,2.888380933471061,2.7980176554299194,4.017562388840121,3.967113464462637,3.341119094187866,2.9804273011293247
0.6003524692913033,0.3521272876439918,0.19824885503661427,0.35143688098146997,0.26080903869280614,0.2304737657639728,0.23185850962016916,0.16545485942256363,0.21251104673983248,0.13316401545543655,0.23072712882090177,0.1158989508412536,0.10037034996977258,0.21372617473580666,0.0,0.07827235968019834,1.3705735745191567,1.2937634672358171,1.8419125758337664,1.9914766262282741,1.2782721221268334,1.3310983611368015,1.413847719437009,1.3808371728456328,1.409765517237752,1.6031491182162172,0.9616622573971798,0.9200703373658271,0.8915168768726907,0.8367953037566088,1.0232225113668176,1.3373294240080313,1.2333728150562875,1.0465479847047336,1.39648463852794,1.2823068291174782,1.1639785381873484,1.3361116150758865,1.299383704762456,1.3560043544794207,1.5710764714462326,1.515559872283479,1.6460412904754924,1.6321692577159903,1.7475365555174915,0.9704560418148583,0.8334285326744413,0.8407733711254517,1.0753746908432251,1.2162638846196363,1.1374892332497435,1.2624649869016709,1.225116596293673,1.346774914822369,1.4481050771229491,1.530860358823329,1.498261532410854,1.526840935899189,1.5854874832005212,1.5824652429216906,1.6598587042409807,0.8623897184625609,1.0133158273493017,1.1524922171393912,1.0605222625023951,1.09749702620407,1.0936757890686581,0.9660876641337903,0.9460216697627278,1.0665051102494092,1.0687382629432687,1.0677103356075126,1.9096767349546233,2.0047033402147227,2.025855587323542,2.07985792036864,2.1759919757169874,2.25844694689586,2.3894946253120493,2.466985687227121,2.4303294073780513,2.5149321454714313,2.4795225524181124,2.521781516584527,2.7466777872055292,2.8364302946721645,2.7803612359022085,2.8672818196222156,2.8190163498127485,2.9005376963751996,3.375531108258903,3.4945852527762566,3.534122377360486,3.5232311593675485,3.563389113845325,3.553526139617928,3.5901650638719698,3.9982551304418648,4.0699455856974724,1.8701832354850154,2.006998666431393,1.9180212487663217,2.9908906640936666,2.9291211201547305,3.032143096401941,2.9661261445838463,4.212405925330954,4.162186616576843,3.538224811442629,3.178093831963731
0.6658508754788522,0.38585098982740723,0.24645853993986308,0.37484113640863037,0.28241598231295884,0.2737349466967042,0.2594018618922265,0.20994528263632917,0.21735278062678234,0.17370938675547223,0.21734907964950467,0.14195023139900884,0.12223052622515736,0.1690515817249009,0.07827235968019834,0.0,1.3140983237630866,1.2312219623765088,1.780300504464493,1.9214823083170172,1.2161278422154744,1.2632003020119862,1.348517081769042,1.3104404753242123,1.3389237374422862,1.5338091913080367,0.8868927089170415,0.8458607265082805,0.8178090642733126,0.764310911576419,0.9455296212229506,1.2678227581302872,1.1584834320267852,0.970182300919311,1.3254727256097698,1.2051012794681766,1.0882523960222417,1.2591960748141489,1.2211656519121554,1.2777544222359214,1.496684646510401,1.4373949721833958,1.5678931990259695,1.555384470599304,1.6692726822486759,0.8951704362990033,0.7598758823885629,0.7708872591733196,1.0013819332766785,1.1610700961324778,1.0636253491306493,1.2058585474914534,1.1504052681434995,1.2878866972357053,1.3724896215369937,1.4675005144855389,1.4203073352379436,1.4536598336649469,1.5133762421289327,1.5053629273488145,1.5840678789735432,0.8536785423974443,1.0178791542794208,1.1501257891209469,1.0513257914077054,1.0844061637617028,1.1099217960898788,0.984342156397222,0.9691880720240058,1.1001324803783752,1.1067391104376365,1.1079247223110047,1.8315047138824028,1.9264361406081207,1.951234891170249,2.0054869527936647,2.0987135150484586,2.180230588035805,2.3120903750145545,2.3887496421531287,2.3529625177726574,2.4367190068527895,2.4041762041896604,2.446149939744432,2.669348125275676,2.7581743887656267,2.703151913482573,2.7890108704485344,2.7417497318173836,2.822265752511915,3.298013472404967,3.4175207303986705,3.455881921505473,3.446234925824337,3.4851516906664095,3.4765396352541855,3.5119299554909365,3.920679282747524,3.992396611317506,1.7923300700828788,1.9289280496313475,1.8411350585893704,2.9126185230439416,2.851864488087373,2.95387113718532,2.8888863128008366,4.14013308384601,4.089996878570346,3.4668478289250615,3.1069960168875763
1.967364171199575,1.6909171370047615,1.5605458936827745,1.66794744544603,1.580735777423234,1.587189853968409,1.5650236171661365,1.5240151109984958,1.504487146123167,1.4877193451835478,1.4763155289979715,1.4542151703304718,1.4346468297768578,1.3823746809853554,1.3705735745191567,1.3140983237630866,0.0,0.17494585249358136,0.49413811811350106,0.782868698698999,0.17249115282892144,0.32434157218081483,0.2497903323755504,0.4179885307845761,0.44125265193420476,0.4667489253024865,0.6614298876819815,0.6617057838800078,0.6622857116434958,0.6671341560041936,1.0485258517125036,0.38017875950355734,0.6073911530591929,1.1501719517733726,0.44518473605077785,0.7691339196029577,1.2197587766785913,0.7537562466375554,0.9288313839083809,0.9626146588453636,0.666267959037602,1.12635764993832,1.2015694721246497,1.3737056895356945,1.1679641087040524,0.6777882130484335,1.2211143090723824,1.3152852184061399,1.2675018427540439,1.7761915629079077,1.2948292324034512,1.782579932599926,1.2936114535020564,1.7965946642407133,1.351872801164494,1.8254878306528588,1.1659976016680123,1.5181765350726224,1.5986783253127623,1.3163660100147831,1.4636258095366999,1.9833269658923827,2.1973077024982226,2.279181609435103,2.1497240541404996,2.1525785210446036,2.336227386391826,2.225286440997873,2.22797906509259,2.3856748715879745,2.402464835560321,2.408088644906474,1.3628447733817604,1.3781747175040213,1.788369032484049,1.843106724580555,1.7066151629546256,1.5082317087006958,1.863561391966952,1.6904347367630572,1.9015266909618345,1.7204007548337823,2.106954310356207,2.1237877169960435,2.174978175981323,2.02536384429763,2.2172472908923564,2.0711918178716533,2.2451059715633654,2.1044649026166313,2.718972863252396,2.8771209931841444,2.7265940656262297,2.910109133651483,2.755645877990303,2.9391315706153134,2.781961279611263,3.2948848528080967,3.3661470134553872,1.4064043446532948,1.2686495312264836,1.552975721575891,2.19300399393978,2.3435022311642006,2.2234789968280575,2.378231895152643,3.8408109620293334,3.796993976932712,3.248447161415988,2.930706976939718
1.894083622510672,1.5973263521626087,1.4764180561255469,1.5702485781838917,1.486269160699926,1.5006376922173887,1.473488021361233,1.4394376891485618,1.4088749139337335,1.4031018373900241,1.3764516952290229,1.3678279883854092,1.348646888368494,1.2814015621815116,1.2937634672358171,1.2312219623765088,0.17494585249358136,0.0,0.549473103916644,0.7499442945835129,0.01856891066359596,0.16277548415723017,0.14406183637576891,0.26410413240383046,0.29281971333811974,0.38201149941715024,0.5016521911774737,0.5081358650267723,0.5136964086692372,0.5294942546563086,0.8788060318576327,0.21797584449249108,0.4329083061723421,0.9801325455038477,0.2930371694501135,0.5955629958112326,1.0466082264734262,0.5827637514799892,0.7546899941698382,0.7896927224640595,0.5302466282770385,0.957028335052236,1.0373262642324974,1.2034035560414116,1.0136270373490783,0.5159721317020454,1.0632111040365764,1.1579520763107753,1.0975146023928788,1.610207370517982,1.1230730610071489,1.614891393012906,1.1197585912671242,1.6262930588613493,1.1773330206720845,1.6514595453960386,0.9950150088398144,1.3434929757322989,1.4240754118393213,1.1454708740505037,1.292319339177575,1.851499485233629,2.0688524366420933,2.1429983173702563,2.011644466973167,2.011243406401255,2.2139988106628405,2.1070714618407176,2.1136923424724627,2.2777650544079,2.298464597626953,2.3061846382775593,1.2111867910057093,1.23519964489515,1.622817860792752,1.678165931177563,1.5554187358914038,1.384583634181645,1.7202074051881024,1.5746936440087629,1.759053830299833,1.6080041365726734,1.953742906256354,1.972739859620389,2.040775973883157,1.920616263229404,2.0826466475626875,1.9647471849807987,2.1120043158440542,1.9984704777816138,2.6003250011770342,2.7550442782144047,2.6289547400289464,2.787776889406087,2.658280118649438,2.817166669857889,2.6848803528866823,3.1864112322138665,3.258153335791869,1.2486642635700742,1.1365672377683098,1.3912107559584228,2.088433765040989,2.2128220092837614,2.1209582715274897,2.2481864964095677,3.6996921151732547,3.655150419964899,3.098087208268004,2.7756127935994397
2.4419509409235793,2.1464500861118774,2.0257441442658695,2.1187392521291972,2.0353520040899755,2.0500909222228225,2.0228527322367107,1.988782768259814,1.9578629786583082,1.9524368772523646,1.9247082763633887,1.9172518906238702,1.8980477359355812,1.8295491841838356,1.8419125758337664,1.780300504464493,0.49413811811350106,0.549473103916644,0.0,0.4039082760476165,0.5642250178435048,0.5592357943578586,0.4487833666964621,0.5709234200962134,0.562690157721947,0.39101991680156367,1.0030861695589728,1.0225668653742122,1.0360496569003173,1.0641577444786594,1.3150763021742655,0.5837087544725681,0.8190041322054357,1.4088709864513582,0.5770390721067903,0.9336473210352105,1.4412255696582896,0.8891225110698814,1.0826793245250692,1.0907235411209544,0.6407495984846513,1.195073017422563,1.2204191388284626,1.4325635723563233,1.1275995061959445,1.0108569546267223,1.545096115046073,1.6391224209658708,1.5214001234941072,2.0453079105054193,1.5304169999761161,2.0395876641833004,1.4994387643856868,2.0312075519963355,1.4822954749710455,2.0079313561897316,1.2484633703477621,1.6455874803381685,1.7191207612334207,1.3859039750617383,1.5287027225378993,2.3758179752902766,2.596358081669177,2.6595251025250324,2.5258146458336093,2.5196777589281396,2.7476965554591297,2.6446148975181187,2.654154550495972,2.821766986505557,2.8442601385598922,2.852787094610018,1.2897401289036026,1.260744624415005,1.780151544114166,1.8276290569428968,1.6091263192111132,1.3016279295266862,1.7196308172838743,1.4455925510160892,1.751937492130959,1.4630104374035586,2.0042776646662475,2.008703348171262,1.9800143781182198,1.73270783800307,2.022682840885103,1.782269230040004,2.0436725534479487,1.813245518913242,2.4543389401773275,2.621566047078551,2.399256623267171,2.6549387999452305,2.427168889105356,2.6822663073854285,2.452366119549492,2.990836806743086,3.059983467090325,1.3646590056134993,1.1137476863234943,1.5279050085142802,1.8952228496479357,2.1299132486712047,1.9189952373950212,2.161334610843235,3.6478844128636956,3.607694690596783,3.1065460165665106,2.8198191283955683
2.5860063558290096,2.257981082128309,2.15804401650124,2.22287396084872,2.1481561825961526,2.1773816610071317,2.141588206291281,2.121200110762231,2.0707607317693872,2.085726877488101,2.03046961127008,2.0483523352379884,2.0303779666557826,1.9365522912748434,1.9914766262282741,1.9214823083170172,0.782868698698999,0.7499442945835129,0.4039082760476165,0.0,0.7684044048771217,0.6655193487779011,0.6077496748227741,0.6111662157387803,0.5835851398048973,0.3893481961011883,1.055422023896677,1.089301183776454,1.1129002381394466,1.160035226257854,1.2596463974689383,0.6543109672879105,0.8031860831239214,1.3374755072379851,0.5975334520623219,0.8506160212056914,1.3348636346508083,0.7926908580102966,0.9627268863903553,0.9486285538635832,0.49402925170522044,0.9917549114256042,0.9768517746430554,1.1991961172765275,0.8513733939226991,1.054293966165041,1.5228192741847784,1.6104837137268724,1.436446792263717,1.9446768204761231,1.4288755232425,1.9283603991270404,1.3751216480220378,1.9008245697011168,1.2987484408477599,1.8354690379558232,1.0495786653064978,1.4485195171210963,1.5125698530968563,1.1640795160363835,1.2930285145293532,2.391575696817567,2.615072891322833,2.6539762296530682,2.5182830771288724,2.5019838304467195,2.779620281540875,2.6892646572982843,2.708355376056482,2.887942755293269,2.919148984440604,2.9323181361137727,0.9774097181299168,0.9236652215805801,1.482925253847155,1.524305762975718,1.2673861737651697,0.9196858939026678,1.352954750644667,1.0493338144436897,1.3822626466120698,1.0639333086649372,1.6501799301569797,1.6489866686601682,1.5915060307051418,1.3288826484684377,1.6339233853359423,1.3785231268206826,1.652867523607868,1.4094115617354122,2.0512651080359454,2.2190470226756442,1.9981936868084074,2.252416017336445,2.0263193970560973,2.2795662359444795,2.0517294944128475,2.587719098358433,2.657067510213207,1.0671711987193953,0.7647013933682193,1.2314139504562627,1.491322049516104,1.7355497678974645,1.515247928176858,1.7660644438141666,3.2531511729165308,3.213795655851023,2.7268520173885475,2.4527202834622575
1.8785386273510247,1.5832206326136673,1.4615192266670172,1.556490624251588,1.4722005416699473,1.485931461358198,1.4591691712540724,1.4245591570861018,1.3948753899899584,1.3882124805858127,1.3628172029167156,1.3530589038023164,1.333840123601196,1.26782623202368,1.2782721221268334,1.2161278422154744,0.17249115282892144,0.01856891066359596,0.5642250178435048,0.7684044048771217,0.0,0.1759659741686239,0.16262048821057187,0.2779825515590927,0.3074212064832024,0.40043357941045565,0.49647722251090143,0.5013493554324066,0.5058123940241069,0.5196123055333308,0.8774668113050208,0.23036713298483913,0.4382553824130687,0.978969253211788,0.30704289109942334,0.6018027773084181,1.047339444660733,0.5907138848881509,0.7602409384615694,0.7963137075184579,0.5455979648147218,0.96544034314525,1.047385388529063,1.2113022864192782,1.0258953951974585,0.511430464060568,1.0579818177680267,1.1526160432305363,1.096345928151556,1.6074856926087489,1.1228527697213504,1.612797737665059,1.1211206923476462,1.6253309056729424,1.1822148454951042,1.6530036645633404,1.002671586273181,1.348092540224821,1.4288141738531759,1.1531129018059811,1.2997145371406702,1.8416634875341686,2.0585931775745956,2.133857462042461,2.002774987684188,2.0029013311825454,2.2029634930290936,2.095537740138668,2.101714751768526,2.2651404997562965,2.2854560791801926,2.2929774355238597,1.2238145315273203,1.249079375727662,1.6323092713065568,1.6878228063250789,1.5680019473549986,1.4003919299685383,1.7338849911407341,1.5910441473513197,1.772835829270654,1.6245703526198683,1.965902541993134,1.9852559746848653,2.0554557550535297,1.9375821317707005,2.097277982415396,1.981611310668627,2.126786207219428,2.0153555251532613,2.6163120281242898,2.770750913738107,2.646212434211731,2.803460088601717,2.675548753836954,2.8328770646515484,2.7021606352180085,3.2030438074660808,3.2748109928073403,1.2601639106694986,1.1517184461908594,1.4017693761294228,2.105386685753969,2.2278291616281654,2.1380178367688223,2.2632496678477647,3.7134356442627854,3.6688064863384398,3.1105866887187505,2.787337599487992
1.9290274824813094,1.6130892672126655,1.503786344735018,1.5816129615762748,1.5021940932031943,1.525137927480943,1.4928353334626423,1.4667523950950938,1.4244062167729756,1.4308134770664394,1.3874975070913134,1.3940892774372908,1.3755787821139374,1.2924555609932136,1.3310983611368015,1.2632003020119862,0.32434157218081483,0.16277548415723017,0.5592357943578586,0.6655193487779011,0.1759659741686239,0.0,0.11861108994773428,0.10237583582907026,0.133331903980218,0.276798711465009,0.4438638344791323,0.46464387474446367,0.4802579933245162,0.5149776068082207,0.7787331342672488,0.0560402163552187,0.29804948490644334,0.8775635687726502,0.1315262754421438,0.4520614254119431,0.9304561283283933,0.4314780489252381,0.6129985165558074,0.6426664199417029,0.37273399907452504,0.8023516058597636,0.8778622040215635,1.0500363172219642,0.850975373304452,0.4518021430957135,0.9914831297042326,1.0861441372847973,0.9938886528945348,1.5148679303650374,1.0126701960622473,1.5149578198458555,0.999078946081481,1.5184115620408019,1.0367370876382112,1.527547130021677,0.8429315899384872,1.2037919359217422,1.2835033214854925,0.9931158300807332,1.1406269282398696,1.8168521021273953,2.0377435915422524,2.1003884398547163,1.9668158040110864,1.9613790323176703,2.1906520117746213,2.0895199039161745,2.101125012287018,2.272257235304015,2.2975383295751772,2.307687815022748,1.0484179480262068,1.0731599892650474,1.4643580741571756,1.519286740321602,1.3926531693831523,1.228200767348435,1.5579204062200767,1.4213076612980184,1.5968839352779245,1.4560966314334833,1.7911111859718964,1.8099828671862666,1.880211122698132,1.771799513420128,1.9219625193110088,1.8150059775521776,1.9516946771144381,1.8488929281979258,2.4445298285552597,2.597889521685104,2.4827118811912383,2.6305160994722336,2.5121451132479677,2.6600226328517724,2.538862811322919,3.034499768593114,3.1064147812719916,1.08662280116432,0.9775350226255242,1.230538881857875,1.9394127197378923,2.053139180334471,1.9729133521866822,2.0886723246337766,3.5374743081995788,3.492840514041533,2.935329519259701,2.613258723518314
2.013748577818081,1.706518022220849,1.591759210125619,1.6768891250609905,1.5954024701336103,1.6144976951643635,1.584511972589896,1.5546958072733912,1.5176677050071095,1.5185107727704363,1.4826208275056747,1.4824173177741926,1.4635564543017405,1.3874032523187487,1.413847719437009,1.348517081769042,0.2497903323755504,0.14406183637576891,0.4487833666964621,0.6077496748227741,0.16262048821057187,0.11861108994773428,0.0,0.18170318492044193,0.1983208628979414,0.23895849190183585,0.557005419611066,0.5744279942785038,0.5873131017721155,0.6161612942236248,0.8972474064462495,0.16176883315936313,0.41288873907373047,0.9958970314547526,0.20525801064053664,0.5607658542309288,1.0470439569660375,0.5341469317830562,0.7214083250542833,0.7470519930642343,0.41648258765772567,0.8973436834518439,0.9633107466388899,1.1456916132989068,0.9214536900687638,0.5663618609350554,1.108825750461645,1.2035845788656048,1.1120731052713728,1.6333718951159069,1.1301027690592673,1.6332120482445158,1.1145637255095446,1.6358466816167108,1.1439619989638798,1.6414726869420724,0.9410805610109853,1.3111625766170258,1.3901677962642058,1.0902656919334217,1.2380630021924908,1.9280019785525517,2.1481131924092955,2.2136040647167237,2.0804482667810533,2.076033718632003,2.298927382148084,2.1959605330337775,2.205948289605772,2.374735184541241,2.3983455098957003,2.4075767042695935,1.1148602947192092,1.1284523963833804,1.5502212568155282,1.6040634257640025,1.4581979754592889,1.2616330797534958,1.6138024124344852,1.4471101393876693,1.651741168813082,1.4786717427597373,1.8590134662280395,1.8751435489911634,1.9259303796172618,1.7879311160495392,1.968138864282615,1.832826615147059,1.9962796042167334,1.8663707663049676,2.4748731542552416,2.63168623966088,2.4938079578278574,2.6645854514992866,2.523045136628247,2.693753512439351,2.5495527234822464,3.0558493818641934,3.127387249369888,1.1614124872336065,1.019642273984588,1.310938428265855,1.955768747734631,2.095234345982858,1.9874613495358033,2.1301304970932393,3.5910798881072195,3.5472298220913356,2.9994184999894733,2.6832439703489404
1.9748420542355274,1.6491076170425012,1.5470052963086578,1.615209151510736,1.5388643062122171,1.5666199460444168,1.5315344596447187,1.5101357235816322,1.461289705998035,1.4746187341385804,1.4219988129351397,1.4372898569139576,1.4192690323505954,1.3276122141059747,1.3808371728456328,1.3104404753242123,0.4179885307845761,0.26410413240383046,0.5709234200962134,0.6111662157387803,0.2779825515590927,0.10237583582907026,0.18170318492044193,0.0,0.03384531883552622,0.22706593711241568,0.45417878462953926,0.4835061792047514,0.5047786324336668,0.5493613849195351,0.7449101609316806,0.054593653380281736,0.24930603034468116,0.8401521122167692,0.029153964702638317,0.38383587158491134,0.8810525191563053,0.35356807814581226,0.5433300066706108,0.5665629449906738,0.2714156944700999,0.7158713232300585,0.7846935125224611,0.9642074136323696,0.7515322753377351,0.457039118815209,0.9761868549975607,1.0696999407941692,0.9542217296895937,1.4779886776668747,0.967279860006645,1.474581459355145,0.9451135006330023,1.4718500428306789,0.964289310425092,1.467962823155277,0.7593787414171485,1.1314368169323912,1.2100347474404973,0.9086189205442698,1.0564141560083642,1.8209301022428996,2.0433160626770497,2.0982754400586883,1.9636639934087792,1.954893894451529,2.2007303734066097,2.103548840885458,2.118231693822571,2.2932541873278542,2.3212740588564995,2.332875158059423,0.94813177728387,0.9711510592946334,1.3717752771654612,1.4261203820095647,1.2923546780316477,1.1265804353961821,1.4561049530424994,1.3206614542845185,1.4949711375292662,1.3560122609373528,1.6915069929048565,1.709733532742867,1.777841442601799,1.6728727281455134,1.8195997064725289,1.715673486547326,1.8493189260039078,1.7496172341669856,2.342932388853517,2.4959352355744517,2.384674723071953,2.5285365759054557,2.4141475999708595,2.5580686523464102,2.440909900124644,2.9341171729316238,3.006088186748416,0.9887793777831044,0.8752983087773663,1.1350597725551483,1.8403404812113509,1.9507852546908009,1.8742446226301683,1.9863315125320786,3.4356036751270684,3.3910480248230046,2.8350215610305036,2.5143745257761405
2.002775396694958,1.6750626344102704,1.5745556212587002,1.6406364555639616,1.5650187058179224,1.593798095222422,1.5581355203942409,1.5377374674736728,1.4875342036774584,1.5023247766395256,1.4477404529184483,1.4648909208259095,1.4469803467747981,1.353563940700735,1.409765517237752,1.3389237374422862,0.44125265193420476,0.29281971333811974,0.562690157721947,0.5835851398048973,0.3074212064832024,0.133331903980218,0.1983208628979414,0.03384531883552622,0.0,0.20421654350328047,0.4765027409533664,0.5076314516779592,0.5300358007155654,0.5764661430654059,0.7525668592215984,0.08836449974692183,0.25674175762021556,0.8462267628196419,0.01510112566374072,0.38007636253217647,0.8825567522047791,0.34518791702536283,0.5375358142717841,0.5574702591540608,0.23940515231676832,0.7005726257936226,0.7650046880482889,0.9488307385794584,0.7267621805921383,0.4780809953985736,0.9892510044835213,1.0822240370688156,0.9591879165978403,1.4831653660041433,0.9701069509106779,1.4785096717018644,0.9446647364281292,1.473498051556722,0.955795425602195,1.4644828798348652,0.745651069146053,1.1227274099340774,1.2007058434660656,0.8940745257926593,1.0418220861020424,1.8387498985126864,2.061440925567484,2.114189063204674,1.979339020428999,1.9695898527864986,2.220028594663956,2.123941763608601,2.13942450087832,2.3153845125984867,2.344083326641459,2.3560402541712424,0.9223164117197646,0.9427901546265076,1.351959325367884,1.4058933929328024,1.2663961447135728,1.0948689092956234,1.4280470727498713,1.288242106965976,1.4667214392019794,1.3233230897581278,1.6661834736832597,1.683742333037462,1.7480500488541835,1.6397903110174779,1.7898898434637747,1.682714398883374,1.8193650230881027,1.7166407263188028,2.3111988409731965,2.4646135285443096,2.3513862330950204,2.4972512086931027,2.3808510723620824,2.526746273265846,2.40760436416199,2.9015824416570175,2.973527604679128,0.9653112176358847,0.844558274508022,1.1133715596445555,1.8073036238210363,1.920477689030663,1.8410967612180915,1.9559383896348765,3.40733459476167,3.3629214685110935,2.8088617090362242,2.4896194435325905
2.199026409185399,1.8756874042709815,1.771931395023819,1.8420688090523631,1.7653185157215254,1.792054243087164,1.7576149878237013,1.7349957149056439,1.6876867287596695,1.699329067172691,1.648725078432881,1.6621748569453112,1.643990931711059,1.5542290005770647,1.6031491182162172,1.5338091913080367,0.4667489253024865,0.38201149941715024,0.39101991680156367,0.3893481961011883,0.40043357941045565,0.276798711465009,0.23895849190183585,0.22706593711241568,0.20421654350328047,0.0,0.6804106596196646,0.7105100693302184,0.7318039209831844,0.7754040368926763,0.9419512595010239,0.26600599668664854,0.4521038337171262,1.0315762310501282,0.21917248434336703,0.5476142464119036,1.055658545891524,0.5001936761908141,0.6928194709543097,0.6997215852559711,0.2597457800109284,0.8092003819278649,0.8456712863972539,1.0510689517061573,0.7712105056129388,0.6822759056083579,1.1873439974881543,1.2793477158156668,1.1412015510715623,1.663780874120063,1.1463503860992956,1.6556828806777608,1.1112399569034426,1.6438456445176373,1.0919360807263372,1.6169542664723964,0.8611793914747148,1.2559290215422525,1.3303148236178868,1.001928643544052,1.1468519532123893,2.0416608615804144,2.2645443597989092,2.315225955253046,2.1801354370397688,2.1691516670733786,2.423805737621143,2.3280825070764672,2.3436409016523814,2.519474995922112,2.547923788346406,2.5596924573247377,0.9513013442720452,0.9456173728267282,1.4208569223053236,1.471365128477849,1.2875132961505134,1.0488582622534237,1.4260215284246271,1.2259408870819875,1.4621726154027392,1.254751268879134,1.6888673117405162,1.700134569863862,1.7227263056994502,1.5586158384208328,1.7653039601814857,1.6044691302999694,1.7914408821621348,1.637725483942786,2.2545279473414825,2.414087814439428,2.2608500510787537,2.447180487472513,2.289972619958452,2.4759980299130033,2.3163628204369853,2.8281692444854154,2.8994120767933875,1.0133239205168048,0.82004216407603,1.1721775864726753,1.7262646693730803,1.8872066697046275,1.7568522604888857,1.9212904097441517,3.393725337229441,3.350960972302943,2.8182306144882903,2.512872478397311
1.542408043736592,1.2044421499493585,1.1129628432581862,1.1681521341092669,1.095465840008282,1.1296393434330712,1.090771334869322,1.0766890142156766,1.018596812128807,1.0422367948980076,0.9767218742751606,1.0042261885526387,0.9872577420969023,0.8836855296865891,0.9616622573971798,0.8868927089170415,0.6614298876819815,0.5016521911774737,1.0030861695589728,1.055422023896677,0.49647722251090143,0.4438638344791323,0.557005419611066,0.45417878462953926,0.4765027409533664,0.6804106596196646,0.0,0.04636372648791113,0.07936059583837715,0.14441998642800538,0.4037610175752755,0.4253528046445796,0.27172220547526854,0.5043969147801036,0.461742536916678,0.3506195575348163,0.5948958178162828,0.3936056518799139,0.4392358538381066,0.4963807886126556,0.6099272225358514,0.68756595246792,0.8079636392832962,0.8956938249770126,0.8617639860517632,0.023117425505758855,0.5615782720730472,0.6563004100362917,0.6194799430300886,1.116433259955739,0.6558075751490843,1.125134988386843,0.6754457675304816,1.145705499443126,0.7975859329565739,1.199569878089636,0.699331356799337,0.9503606689650421,1.031055401553724,0.8351613014760153,0.9658199566760699,1.3731732964007615,1.5943990524687481,1.6568058662954765,1.5234921637613383,1.5191729915523289,1.7489787699474928,1.6501628202961067,1.6641951530576713,1.8391350758961371,1.8675823505607883,1.8795790828364949,1.0516979679643055,1.1221920794335807,1.3373882594902986,1.3954050257777078,1.3717060739025915,1.3481833637533194,1.5703521854414546,1.5566278110026963,1.6117841411680238,1.6008398078283836,1.739904095948874,1.770690532082844,1.9214713941705548,1.9259294781531897,1.9600060312808558,1.9619781510747545,1.9951807942199986,1.9959858898681617,2.530877529443198,2.668366430408893,2.6371650830797546,2.6993887701382397,2.6667714318875104,2.7296906056049752,2.6937659185777627,3.1448212546153775,3.217235398563934,1.046255507191928,1.0880114715512805,1.148491863647312,2.087711952226348,2.103505141637656,2.1264768819852056,2.140566295305983,3.5159388385688914,3.4684269494285784,2.8752195888301606,2.531187659946791
1.5036325125332086,1.1688889300200018,1.0742418021715356,1.1335831552849613,1.059381520590226,1.0916459980371214,1.0538106638903835,1.0377982636265755,0.9822094728187434,1.0030756316796348,0.9412751830877258,0.9651732737482905,0.947954694981918,0.847630359567086,0.9200703373658271,0.8458607265082805,0.6617057838800078,0.5081358650267723,1.0225668653742122,1.089301183776454,0.5013493554324066,0.46464387474446367,0.5744279942785038,0.4835061792047514,0.5076314516779592,0.7105100693302184,0.04636372648791113,0.0,0.03301943184143324,0.09811212945451256,0.42374015735589515,0.4509613551062734,0.3143516728872226,0.5225457669519903,0.4931334900339173,0.3969535723203786,0.6189904647926017,0.4398505056589216,0.48256399210733764,0.5401740652212103,0.6510084109244855,0.7308894398371032,0.8522620158755861,0.9355605694877444,0.9077389260079726,0.06526962345150582,0.5596640963091859,0.6536383123401768,0.6355422864445132,1.122873619404286,0.6751534495748032,1.1337846262622853,0.7003871635930252,1.158201380213549,0.8315936034969671,1.219962816816485,0.7412007644084943,0.9817480872248052,1.0620403780506897,0.8751915736896201,1.0039259455081924,1.3535747618050822,1.5738075440284334,1.640239564940254,1.5076739846714207,1.50521821079034,1.7260100128560356,1.6252490649258546,1.6377799873627226,1.8109298172701085,1.8381441556894207,1.8494994557027098,1.0971902336286359,1.1682974330558433,1.3770647818634099,1.4351026162693126,1.416010721919051,1.3945397741580856,1.6153315973071252,1.6029705125279894,1.656783679164026,1.6471512495961984,1.7825554864720756,1.8137822903692276,1.9668440858835354,1.9722440449348746,2.005286202182396,2.008324188122034,2.0405591588560683,2.042333914710171,2.5768213061744074,2.714023193832024,2.6835222201469375,2.745008256171781,2.7131289498150384,2.775317161074596,2.7401235551503005,3.190964072070931,3.2633762271576265,1.0906493582587242,1.1343442837743252,1.191034464127058,2.1340622795724764,2.148971601462707,2.1728134152034935,2.186046701488164,3.5586145914258607,3.5110006377668648,2.9164591510974427,2.5715496329502985
1.4772194476895844,1.1451327969814735,1.0479935058095415,1.1106203667293977,1.0352567911921537,1.065977936994309,1.028988750642422,1.0114272479309385,0.9578856791632747,0.9764993679127096,0.9177306161202715,0.9387026905063572,0.9212876976465165,0.8236682597510618,0.8915168768726907,0.8178090642733126,0.6622857116434958,0.5136964086692372,1.0360496569003173,1.1129002381394466,0.5058123940241069,0.4802579933245162,0.5873131017721155,0.5047786324336668,0.5300358007155654,0.7318039209831844,0.07936059583837715,0.03301943184143324,0.0,0.06509582028580894,0.44173077620214735,0.4698768843010431,0.344734619122841,0.538923716439502,0.5157535023234594,0.4299696986683232,0.6389279446936482,0.4726630491243265,0.5142195463991295,0.5720501472919387,0.6799611112059047,0.7624559678638645,0.884346312363118,0.9650482138032525,0.9406617871934715,0.09787663080201149,0.5622310360141393,0.6553385315551626,0.6501935526423077,1.130160861319529,0.6918799764993019,1.1425972848790191,0.7207096522524884,1.1696455929530218,0.8575235659162157,1.2367280968791121,0.7719389998463999,1.0059112984752645,1.0858953972605514,0.9047983902240971,1.0323134130785752,1.341906977415327,1.5612860814748657,1.6306647926095166,1.498713314319816,1.49762592142112,1.711657674607889,1.609476892938131,1.620873080942505,1.7926173894747581,1.8188905974558938,1.8297558962317735,1.1298883538207176,1.201268069296015,1.4063360603972992,1.4643782403325623,1.4480591226105282,1.4274893142255174,1.647749512634849,1.635891442340886,1.689211712628914,1.680024108869742,1.81361516142237,1.845105193782019,1.9994675162388111,2.005120454106131,2.037860389304084,2.0412506384898483,2.0731848829985466,2.0752641690014175,2.6097227333291553,2.7467881276040806,2.7164725843429647,2.7777543472470665,2.7460803378344156,2.8080667160421164,2.773075259934756,3.2239449587360673,3.2963563848229858,1.1227651642415197,1.1672502026313445,1.2220750599748091,2.1669971045139254,2.181642376205668,2.205722868016308,2.218724430616064,3.5896429894417925,3.541966673925361,2.946605197374105,2.6011541496631523
1.4266512053102656,1.1005103121944668,0.9981424607796159,1.067734208818123,0.9900035963758389,1.0173594835410973,0.9822457758542126,0.9613558785929792,0.9123340583599435,0.9260272644077254,0.8739403373785242,0.8885156409122674,0.8706965072112238,0.7791911842033348,0.8367953037566088,0.764310911576419,0.6671341560041936,0.5294942546563086,1.0641577444786594,1.160035226257854,0.5196123055333308,0.5149776068082207,0.6161612942236248,0.5493613849195351,0.5764661430654059,0.7754040368926763,0.14441998642800538,0.09811212945451256,0.06509582028580894,0.0,0.4827021279820621,0.5105641970373972,0.4054845098416269,0.5762862562133954,0.5626409230771526,0.49503925800406295,0.6820214707320725,0.5373128930785444,0.5773362842135015,0.6354768970381519,0.7375564651003649,0.8253041639393541,0.9480161710581592,1.0242641294047476,1.0056543003784146,0.16272701980271603,0.5739300484378785,0.6645888627404213,0.6837661935607385,1.1482283475732158,0.7290071921778777,1.1635589256431613,0.7641774404865357,1.1955623860765823,0.9106133488881702,1.2725545987473494,0.8334054913605995,1.0556533681576883,1.1349835853647823,0.9642574600368219,1.0895598686107897,1.3220735775890113,1.5394184596859593,1.6146706938213238,1.4841181400115862,1.4857800202955933,1.6859142561168035,1.5809363587960343,1.5899980510347906,1.7587162906703697,1.7830377471411982,1.7928876645411616,1.1945363891431875,1.2663222285480447,1.4649849203791723,1.5230180664077073,1.5116050841968938,1.4923799706940606,1.7119170851706407,1.700714589783838,1.753395094016231,1.7447396654233966,1.875392809053709,1.9073491215167715,2.0639737122183734,2.0698405287168584,2.102283228760929,2.106083474834711,2.137693871427886,2.140105606848311,2.674675420788001,2.811522930105256,2.7813590280329796,2.8424579231905036,2.8109691673967445,2.872775864865414,2.8379647858583197,3.2890097430389607,3.3614202369670325,1.186454524458253,1.2320462300493733,1.2839029009819165,2.231848705314001,2.2462253449433374,2.2705158241560937,2.283318595346548,3.651275282318669,3.6034859874928435,3.006642086410452,2.6602183096344603
1.5237964912080375,1.1556133047417227,1.1152997881811628,1.1087494850711903,1.061192306118127,1.1198964233199014,1.0689446288540116,1.0842379577414638,0.9945986478399879,1.056595467355856,0.9438857144648476,1.0200047283595088,1.0083598344938118,0.8685319463798603,1.0232225113668176,0.9455296212229506,1.0485258517125036,0.8788060318576327,1.3150763021742655,1.2596463974689383,0.8774668113050208,0.7787331342672488,0.8972474064462495,0.7449101609316806,0.7525668592215984,0.9419512595010239,0.4037610175752755,0.42374015735589515,0.44173077620214735,0.4827021279820621,0.0,0.7402693038218628,0.4960798054124375,0.10180121318013698,0.7380984361888017,0.40903436846141267,0.19985470253010346,0.4673241604473575,0.3276923469437654,0.371475822527161,0.765946611697747,0.4991447646945194,0.6279962739303756,0.6163155861826504,0.7452957166672494,0.3828870868915365,0.2747810552388609,0.3541279007189646,0.21899004189076174,0.7361352607156171,0.25205594926653896,0.7373320932153923,0.2820254369051528,0.7480931357164299,0.4564802350342149,0.796393357809008,0.4764136257726441,0.5835785956924869,0.660326417694973,0.5631113963450572,0.6585959395420449,1.1461018113680157,1.3684039890279456,1.396473794400941,1.2608032688360993,1.242690705962853,1.5398072713252702,1.4617192214623864,1.4899926272162716,1.6784604691600362,1.7192738592412105,1.7379673449517885,0.8914493116506172,0.9930903927488806,1.0368556966107463,1.093810407110124,1.1542847693100526,1.257223169674047,1.3670558364378311,1.4624970877221275,1.4080555026786699,1.5123315557482635,1.4765013033933116,1.5151821285929004,1.7245184538885194,1.828196031504639,1.7588245897658956,1.8560287476665802,1.7971580969450216,1.8886942746368411,2.3526124543084963,2.4737042726959664,2.5165661471928003,2.502759299925957,2.5456483922415334,2.533107101787927,2.572288168158336,2.9751909632931266,3.046937888964356,0.8472378835042406,1.019676456586318,0.8997937883236687,1.9778592696126587,1.9072912668467805,2.0200289347337903,1.94437652520001,3.239019123686257,3.1899600744674537,2.5790397709512063,2.2253314930896266
1.933023879912406,1.6110634666235506,1.5060439882934549,1.578148503547987,1.5005050584288135,1.526346898252721,1.4923518900088406,1.4690939574527233,1.4228048351558833,1.4333967898156357,1.3844665106961065,1.3962836644727976,1.3780638365051208,1.2897530751884279,1.3373294240080313,1.2678227581302872,0.38017875950355734,0.21797584449249108,0.5837087544725681,0.6543109672879105,0.23036713298483913,0.0560402163552187,0.16176883315936313,0.054593653380281736,0.08836449974692183,0.26600599668664854,0.4253528046445796,0.4509613551062734,0.4698768843010431,0.5105641970373972,0.7402693038218628,0.0,0.2513865978762801,0.8377643492358829,0.0824050980919189,0.4003246425079435,0.8859583290001797,0.37730269628638774,0.5612451003991716,0.589258400869786,0.32485707595287916,0.7469530422272672,0.8218328029122243,0.9948082639983183,0.7956848967943884,0.430639695377193,0.9616858272267411,1.0559193649136878,0.9533106570061012,1.475841211255727,0.9698126831986121,1.474473317755521,0.9529551229670645,1.4754345788346603,0.9846041711732734,1.4797189841830487,0.7880467971817331,1.1517614211992202,1.2311872304094904,0.9381072169485754,1.0857070598370082,1.7972519874764448,2.0189957973433694,2.0777280480416693,1.9435912898918974,1.936494298810374,2.174312590379381,2.0752610289616413,2.0885362353619916,2.2618494950825587,2.2886607545664726,2.2996273730643844,0.9934556555934049,1.0198087788283656,1.4083699770666154,1.463272227472328,1.3376546076142377,1.1793240738841002,1.5041795939883003,1.374176393919746,1.543291005728699,1.4098092772778863,1.7357821117277972,1.754930652667136,1.8281349123814203,1.727046298022379,1.8697824990690057,1.7697296206725155,1.899813917992076,1.8036895560564914,2.395618567074711,2.548116405278499,2.439023035254296,2.5806717670330186,2.4685024197598326,2.610248423641667,2.4952720023317676,2.9877138817104845,3.0597123932465173,1.0308719442304133,0.9269608369159377,1.1745244856109185,1.8944688985950977,2.00172407870837,1.9284750009450409,2.0373764246351285,3.4837392196404995,3.4389904689955615,2.8802712001502186,2.5576774843048096
1.8120109028725107,1.4693639784271275,1.3827143332528322,1.4312876793530345,1.3614906055311324,1.3984894946292643,1.3582022230306974,1.3466508419001157,1.2852449320806196,1.3124988317611765,1.2418911675397608,1.2744034464939795,1.2576883897048097,1.1500747068505364,1.2333728150562875,1.1584834320267852,0.6073911530591929,0.4329083061723421,0.8190041322054357,0.8031860831239214,0.4382553824130687,0.29804948490644334,0.41288873907373047,0.24930603034468116,0.25674175762021556,0.4521038337171262,0.27172220547526854,0.3143516728872226,0.344734619122841,0.4054845098416269,0.4960798054124375,0.2513865978762801,0.0,0.5908504363642911,0.24214465346460057,0.1651593670416879,0.6346935740211013,0.16917620099937888,0.32198963844176715,0.3599901786653816,0.33917330309550037,0.5381424134477522,0.6353666531958917,0.779167509720006,0.6496552882201809,0.263809527415216,0.7352439343308115,0.8274156509255957,0.7050295788115982,1.2287098712157964,0.7193174371094532,1.225662250451323,0.7016793327142203,1.2246468335928238,0.7444842553388302,1.229504278437052,0.5700820694055442,0.9108349846630335,0.991289794130388,0.7198445725785668,0.8650060890853172,1.5932623052697243,1.8165517901467119,1.8638717416736055,1.7286323713441385,1.7171279825949017,1.978581803078875,1.88651854123922,1.9051812666835224,2.0849906718145426,2.116914738009467,2.1306688510276843,0.8483590347353877,0.9007763225056497,1.20958873276486,1.266306419319474,1.1854030019945696,1.1054210476059143,1.370740533512494,1.3113754376588658,1.4114801322444523,1.3532561520474775,1.5726314783909499,1.5975319048595733,1.7123373354216689,1.6777734273932285,1.7524587809702308,1.716009109907381,1.7855968689489536,1.750150911776894,2.307157508116777,2.451071814266799,2.3915555092654577,2.4828133634730953,2.4211915623747418,2.512904715371836,2.448177583418453,2.914331844677375,2.9867297447041694,0.8641790266306854,0.8442773550924306,0.9911879204165853,1.841958328435176,1.8917413446281874,1.879402088824466,1.9283846980190469,3.3408240988307645,3.294611326569761,2.7180004377418676,2.384669482384944
1.518728412038587,1.148068955186491,1.121807987044607,1.099339096444365,1.0594364983211664,1.1232211372239085,1.070253438272558,1.0927364835898181,0.9971482744965251,1.0674418309138318,0.9455172520073343,1.032087802898421,1.0220735681914381,0.8771439570714573,1.0465479847047336,0.970182300919311,1.1501719517733726,0.9801325455038477,1.4088709864513582,1.3374755072379851,0.978969253211788,0.8775635687726502,0.9958970314547526,0.8401521122167692,0.8462267628196419,1.0315762310501282,0.5043969147801036,0.5225457669519903,0.538923716439502,0.5762862562133954,0.10180121318013698,0.8377643492358829,0.5908504363642911,0.0,0.8319930948398074,0.4900451324817264,0.12338184008770035,0.5457794195417066,0.38439156485851284,0.41769847559395706,0.8436372793627483,0.5112672954609815,0.63419745232469,0.5863429145499301,0.765109280425339,0.483853515312567,0.24066947917198142,0.29976714713280367,0.11738444198297454,0.6381671367001566,0.1530015004933803,0.6374554388826226,0.200379618384454,0.6464235413508335,0.4047790729949529,0.6978057712041233,0.4780324505213074,0.5120912949878607,0.5850151892770468,0.5389006305746433,0.6149172765161953,1.0894795875497865,1.3096767998177878,1.3280691239560558,1.192821661324357,1.1709862520400773,1.4842513452513533,1.4124179195306021,1.4442858802971363,1.6348153423712455,1.6785940869102653,1.698913981405722,0.893375029231972,1.0015027044852707,0.987641768890267,1.0434346761820592,1.1326192297038042,1.2710766048697544,1.3470185898062357,1.4727826107110495,1.3874257734559214,1.523562431662241,1.435929768261249,1.4769370381875049,1.7031370206685983,1.834162909854584,1.7359216008028628,1.8595893254063203,1.7749442711304524,1.8916644782938457,2.3332945033065893,2.4491661654417776,2.5127039368184034,2.47754359154653,2.541533335618138,2.5078005796631433,2.567977715773672,2.9563079402754284,3.027685209412922,0.8382513284100113,1.0439439295307118,0.8723885027604469,1.979553121784816,1.8849188249486502,2.022381894328418,1.921792933775557,3.187705828762329,3.138237104682468,2.5227569539383827,2.166686493768946
1.989108767791569,1.660847336760874,1.5607761030684324,1.6263043864292346,1.5508538442470505,1.5799054142623667,1.5440838066726554,1.5239753477595341,1.4733937730802058,1.488597185546173,1.433482582235756,1.4511312148255047,1.4332565451199617,1.3393577158482373,1.39648463852794,1.3254727256097698,0.44518473605077785,0.2930371694501135,0.5770390721067903,0.5975334520623219,0.30704289109942334,0.1315262754421438,0.20525801064053664,0.029153964702638317,0.01510112566374072,0.21917248434336703,0.461742536916678,0.4931334900339173,0.5157535023234594,0.5626409230771526,0.7380984361888017,0.0824050980919189,0.24214465346460057,0.8319930948398074,0.0,0.3677552982171799,0.8691488875764184,0.3341991982793401,0.5258684127543745,0.5468447324960314,0.24263375799183043,0.6923427733873423,0.7588329059098385,0.94067497051798,0.7235027021203755,0.4631819683382101,0.9742707663219309,1.0672817374045132,0.9451413652914681,1.469112539089541,0.9564446564327362,1.464672897879687,0.9316908600223865,1.4601031191521334,0.9450589102536952,1.4523015820484009,0.736780914233834,1.1120800205835586,1.1902723627904574,0.8855619855609891,1.0333469548480834,1.8236533648168434,2.0463487487699044,2.0991008381971548,1.96425589631764,1.9545384431803674,2.204970486778784,2.1089415770069895,2.12448305487001,2.300530198430944,2.329306923002665,2.341309797318652,0.9197736702728638,0.9421678888394017,1.3459047778714341,1.4000525049506778,1.2639670740205324,1.0976051381707574,1.4271864951200155,1.2919545690621004,1.4660168855225766,1.3274648587879148,1.6633326462498956,1.6813455417716971,1.7486998583439208,1.6446441900606024,1.7904628852383777,1.6873271462540809,1.8201702785806824,1.7212858760144085,2.3139517814288277,2.466864181867428,2.356675366839874,2.4994593529998355,2.386158672711907,2.528997551236164,2.412932880630351,2.905457130831037,2.9774428008077933,0.9612563473349752,0.8461655195066083,1.1082971200294929,1.8120639281269537,1.9216314816345883,1.8460818929738443,1.9571787992674243,3.406655841169489,3.3621272757966647,2.806593893849787,2.4864081880382263
1.840777260687126,1.4856538110844184,1.4148506388259647,1.4438039208384084,1.381576588956211,1.426892518447169,1.382270664255461,1.3800367625543783,1.3077979769108663,1.347627790938534,1.2611210499491436,1.3094591927187447,1.2941893774459172,1.1735718595846676,1.2823068291174782,1.2051012794681766,0.7691339196029577,0.5955629958112326,0.9336473210352105,0.8506160212056914,0.6018027773084181,0.4520614254119431,0.5607658542309288,0.38383587158491134,0.38007636253217647,0.5476142464119036,0.3506195575348163,0.3969535723203786,0.4299696986683232,0.49503925800406295,0.40903436846141267,0.4003246425079435,0.1651593670416879,0.4900451324817264,0.3677552982171799,0.0,0.5081489888238354,0.060279897263876815,0.16096657077518803,0.19491991001286157,0.35712452847278864,0.3752250715465202,0.4792385454715025,0.6142203707514532,0.513799049763951,0.3333759346323456,0.6751445061080695,0.7607942155605631,0.5957237667309236,1.1166957969180191,0.5987823221696049,1.108072618109144,0.5662247918137809,1.097561012899978,0.5846831326808093,1.0845587809447106,0.405212579185249,0.7517318641776523,0.8314856168798199,0.5547657731362925,0.6998529273055081,1.5477823744760446,1.7709831926081252,1.80438964076951,1.6686808608853334,1.6515117109452324,1.939319486795519,1.8552612110158433,1.8792598573293087,2.064195346922812,2.100760277160238,2.1170152969605827,0.7077899573594407,0.7728090594639768,1.046498119835691,1.1034877836283348,1.0375187251585396,0.9983106856485018,1.2296506567079732,1.2070740070929564,1.2708346579246825,1.251888911134082,1.4186874426150418,1.4455506451928806,1.5771311997734363,1.576845892021419,1.6163509676951193,1.6122890624970623,1.6507398653073566,1.646248412363098,2.182202984136463,2.321595907691606,2.287159213840302,2.352869955086782,2.3167534482204206,2.383114873337678,2.3437435134575897,2.7949182898070584,2.867340550838739,0.7132422425879918,0.7388597517815323,0.8328634658242866,1.73791241896676,1.7583257045667846,1.7769665496874933,1.7952618092351695,3.191013697242457,3.1443291623619163,2.562379943967842,2.226245874848591
1.6204207239628765,1.2493233409654652,1.2315644120652605,1.1995558900141383,1.164759717540568,1.231241560922351,1.1773343605272246,1.2036194799282276,1.105243555282499,1.1795681584795474,1.0533476362267644,1.144916601079481,1.1356824826268381,0.9889457314533684,1.1639785381873484,1.0882523960222417,1.2197587766785913,1.0466082264734262,1.4412255696582896,1.3348636346508083,1.047339444660733,0.9304561283283933,1.0470439569660375,0.8810525191563053,0.8825567522047791,1.055658545891524,0.5948958178162828,0.6189904647926017,0.6389279446936482,0.6820214707320725,0.19985470253010346,0.8859583290001797,0.6346935740211013,0.12338184008770035,0.8691488875764184,0.5081489888238354,0.0,0.5570367655431465,0.37263156055708707,0.38927896735517087,0.8459487491082665,0.43728409729189965,0.5503470965746292,0.47463360452860204,0.6919931846199009,0.5729423194270361,0.3411001338216183,0.37807104264318697,0.12049958116422392,0.6116610720841589,0.0941407239629866,0.6004297146367226,0.08219507985306505,0.5909543034063334,0.28427624315715727,0.6080154920929096,0.394854567436498,0.3895490319797508,0.463821182730708,0.43176416669698225,0.495880859628435,1.144383219531738,1.360167943032866,1.364277107652547,1.2306346177021885,1.2029403308031015,1.5380100421961544,1.4743248093681667,1.5102272198192195,1.7022934493027317,1.7491659508454735,1.771150000196741,0.8015674438634389,0.9143450258009547,0.8658058192045365,0.9212789082142758,1.0221973759763654,1.1869657477320157,1.2369138309286942,1.3845202537198193,1.2768785709569277,1.4359375822072709,1.316117378778156,1.3578975585410922,1.5915881938536198,1.7411635080707168,1.6235018965531867,1.7645948949075858,1.6628435656229856,1.7961365130160631,2.2222160777845645,2.335273773180011,2.41119849001332,2.3633024418406228,2.439822237144062,2.3934984286501573,2.466104888123135,2.845086874440755,2.916229938864,0.7381691261340074,0.9717147954960552,0.7598016389955969,1.8828615797357522,1.7726009823149744,1.9261244978339693,1.8093224410166289,3.064887240909394,3.0153662190703985,2.3994747164724535,2.043316455203262
1.8978149028823355,1.5438399657703432,1.4712391581097133,1.5023075886071144,1.439328901211128,1.4837514640292881,1.4395980961031618,1.4362368722777548,1.3652370118889452,1.4035696210905533,1.3188742688785755,1.3653771139328152,1.349895579617818,1.230789262886953,1.3361116150758865,1.2591960748141489,0.7537562466375554,0.5827637514799892,0.8891225110698814,0.7926908580102966,0.5907138848881509,0.4314780489252381,0.5341469317830562,0.35356807814581226,0.34518791702536283,0.5001936761908141,0.3936056518799139,0.4398505056589216,0.4726630491243265,0.5373128930785444,0.4673241604473575,0.37730269628638774,0.16917620099937888,0.5457794195417066,0.3341991982793401,0.060279897263876815,0.5570367655431465,0.0,0.19418478304890807,0.2130024484733254,0.298725914134452,0.3750962018931605,0.4668373534776568,0.6206503360430426,0.48363128037728254,0.3782206137717391,0.7348401211143463,0.8199318249794967,0.6490475219571378,1.1676806796987422,0.6490246353980509,1.1574618666319347,0.611047505151641,1.1437243534574633,0.6109123823745414,1.122094022725736,0.41234518882426696,0.7779946778556609,0.85647097685529,0.5627829601919934,0.7098885416832149,1.6076939276218716,1.8308460120108523,1.8633782457553452,1.727676612972463,1.7100141160390956,1.9993954019542508,1.9155120209554528,1.9395397275615818,2.1244512061703618,2.1609470416896426,2.177146035761865,0.6811733571123689,0.7386944032348813,1.0449106196865805,1.1011933155937697,1.0166776035571472,0.9555009114258876,1.2038078763376543,1.1635591424789764,1.2447123397870128,1.207432111728973,1.4034660395126615,1.4283922321565843,1.5477487037201811,1.5325335042154655,1.587514981427061,1.5689341657933684,1.6211832246062068,1.60297813252673,2.1476464806972912,2.2893065402855854,2.2443565450349285,2.3208288734438236,2.2739749587632216,2.351001003441704,2.3009724117909642,2.7580083376461064,2.8304339756947976,0.6950283740918988,0.6948610668453419,0.8229869107852489,1.6947471419400106,1.727987941558915,1.7332790631584938,1.7647734494571963,3.1719927047675,3.1257086360389783,2.548908629758029,2.216153204574752
1.8318083638898597,1.467889966095346,1.413476907991489,1.4228802818221187,1.3688474914841828,1.4216972519182294,1.3734239068925906,1.3803574484547503,1.2985531095040665,1.3501171211496064,1.2493761747156753,1.3124405223481603,1.298825865979846,1.1675511981577218,1.299383704762456,1.2211656519121554,0.9288313839083809,0.7546899941698382,1.0826793245250692,0.9627268863903553,0.7602409384615694,0.6129985165558074,0.7214083250542833,0.5433300066706108,0.5375358142717841,0.6928194709543097,0.4392358538381066,0.48256399210733764,0.5142195463991295,0.5773362842135015,0.3276923469437654,0.5612451003991716,0.32198963844176715,0.38439156485851284,0.5258684127543745,0.16096657077518803,0.37263156055708707,0.19418478304890807,0.0,0.059143938916888975,0.4734928674290034,0.248353742412827,0.37137033444066425,0.46824510646837936,0.44934657537712014,0.4177015282891918,0.6022349491283041,0.6775660031972038,0.4750209630639436,0.984001862886783,0.4664122877522239,0.9708312607120211,0.42014622519077865,0.9528954508245413,0.4238161120871314,0.9279905464448477,0.2634617344639885,0.5908030061683357,0.6706752556415302,0.40765417534480075,0.5487143358002742,1.4705096335485381,1.6918635468237786,1.7124589189906876,1.5772089128653275,1.5550747970381147,1.8649045138303644,1.7887609959424011,1.817565432111545,2.0061505007872684,2.046856996219798,2.065372618952861,0.6250387254414376,0.709450406316547,0.907581597274182,0.9652791780924243,0.9344390120548417,0.9590649438165352,1.1365436690804416,1.167653704325835,1.1780767908179843,1.2155548194516148,1.3008648965181642,1.331454758965568,1.4906731919870009,1.537349435563875,1.528261245978238,1.5689807733163366,1.5643594126488796,1.6024271954515081,2.1076188876209527,2.2402039019814923,2.2389876061957086,2.2707178324484545,2.2684085004260095,2.3010892120815263,2.295295506446104,2.725936950807119,2.7982190323683582,0.6096417133054595,0.7097776108556815,0.7096809997281864,1.6932039301297415,1.673514583858842,1.733993667646224,1.7106946468320041,3.0768234423088043,3.029382266505348,2.4383722463712276,2.096907698114602
1.8844744823828552,1.519386128652709,1.4676934602661884,1.4738565397268104,1.4213465257608964,1.4753374505418253,1.4265518736058067,1.4348509199010628,1.3517170181513654,1.4049423270844654,1.302209851692456,1.367373886461271,1.3539925902991432,1.2214092400762788,1.3560043544794207,1.2777544222359214,0.9626146588453636,0.7896927224640595,1.0907235411209544,0.9486285538635832,0.7963137075184579,0.6426664199417029,0.7470519930642343,0.5665629449906738,0.5574702591540608,0.6997215852559711,0.4963807886126556,0.5401740652212103,0.5720501472919387,0.6354768970381519,0.371475822527161,0.589258400869786,0.3599901786653816,0.41769847559395706,0.5468447324960314,0.19491991001286157,0.38927896735517087,0.2130024484733254,0.059143938916888975,0.0,0.46720352378508867,0.19180707191202437,0.31269437348594115,0.4207748013387028,0.3917689277384352,0.4751285489049081,0.6439621356550291,0.7152887273604663,0.49899345686966373,0.9962218257929919,0.48332014751111535,0.9799028556860574,0.4266375373912347,0.9560197706214948,0.398351689345105,0.9172453177911027,0.21275665478406236,0.565261649872005,0.6435073435554691,0.36081116482617287,0.5050985283759664,1.5070250376531285,1.7273752692456927,1.7432669797048175,1.6084181533300868,1.5843539974957577,1.9017555922150569,1.828201655412816,1.858394316572046,2.047815222766824,2.0896242340766706,2.1087275777720937,0.5659349092421294,0.6511870388973086,0.8570799338082968,0.9145328097539297,0.8761289530244041,0.9027717975159973,1.0776655680513114,1.111049671674796,1.1191935989864852,1.1592611768627237,1.2447119685078614,1.2746893190555395,1.4316200745890253,1.480437775466955,1.4692587452303194,1.51166316393675,1.505311198964103,1.5450437034273647,2.0484865947851403,2.1810903289980095,2.1810300995272334,2.211616841481459,2.210431771007622,2.241986994674636,2.237305764842275,2.6668729087194007,2.739149881728525,0.5510864195773723,0.655626219570441,0.6540830673787136,1.635697072486855,1.6144376767694448,1.6766332316581607,1.6516149665713231,3.0204180713672053,2.973096304826785,2.3837959905356847,2.043626892179614
2.1511836677099008,1.8074388762176707,1.721883873126467,1.7686842419466056,1.6999912981800491,1.737621623497139,1.6970888355423208,1.6858061355514438,1.623955546265841,1.6516130881630764,1.5801814009893091,1.6135301386283238,1.5967648201286933,1.4887717084680956,1.5710764714462326,1.496684646510401,0.666267959037602,0.5302466282770385,0.6407495984846513,0.49402925170522044,0.5455979648147218,0.37273399907452504,0.41648258765772567,0.2714156944700999,0.23940515231676832,0.2597457800109284,0.6099272225358514,0.6510084109244855,0.6799611112059047,0.7375564651003649,0.765946611697747,0.32485707595287916,0.33917330309550037,0.8436372793627483,0.24263375799183043,0.35712452847278864,0.8459487491082665,0.298725914134452,0.4734928674290034,0.46720352378508867,0.0,0.5543848694825818,0.5859417361235346,0.7930436884530533,0.516429871926808,0.6029060745705602,1.0314603444339139,1.1178358586682846,0.9441371567981804,1.4574790485985227,0.9394712056211949,1.4440028295145229,0.8917971769059448,1.4229722882288356,0.84640385558626,1.378578843815108,0.608232792439166,1.0073998251180807,1.0796079961870724,0.7453572210222091,0.8890512361436091,1.9029591390240437,2.1263448532364695,2.1614665849583066,2.0257567830358427,2.0085822712260364,2.2932735464917116,2.20658169449373,2.22849536163603,2.4112777009415023,2.445539207316046,2.4604545761999153,0.7035557689626217,0.7120745868958186,1.1626369298409798,1.2138046584622906,1.04495464685995,0.8554770896813954,1.197342836813691,1.0493305793720227,1.2352590610260783,1.0850379834742285,1.4464951279507778,1.4610245488293347,1.5115941505271824,1.4030525724871148,1.5536267092620146,1.4453619847780514,1.5824864557393543,1.4793611768702257,2.071796559606747,2.225401645783638,2.1158234043593995,2.25806847724711,2.145343614148141,2.287532708454873,2.1721609718601598,2.6628573824271085,2.7348554402213074,0.7588400095633138,0.6064155379418784,0.9154198860405434,1.5702967385348763,1.6827911160860491,1.6046893678516283,1.7180742219585605,3.1748163913337777,3.130871499741952,2.5842351792732603,2.2712321401725077
2.0221556597295436,1.6530283455134278,1.614208130880508,1.6054235470309028,1.5599670303857958,1.6190353652884286,1.5680446988509147,1.582857822950695,1.4937339379059797,1.5547222674908374,1.4429693993500958,1.5178491156902874,1.5057063664085852,1.3673562813578373,1.515559872283479,1.4373949721833958,1.12635764993832,0.957028335052236,1.195073017422563,0.9917549114256042,0.96544034314525,0.8023516058597636,0.8973436834518439,0.7158713232300585,0.7005726257936226,0.8092003819278649,0.68756595246792,0.7308894398371032,0.7624559678638645,0.8253041639393541,0.4991447646945194,0.7469530422272672,0.5381424134477522,0.5112672954609815,0.6923427733873423,0.3752250715465202,0.43728409729189965,0.3750962018931605,0.248353742412827,0.19180707191202437,0.5543848694825818,0.0,0.13063168397844646,0.24834793065012864,0.25523877363838576,0.6660548353330809,0.7515231849131222,0.8070158719083537,0.5577341166060615,0.9950623735487412,0.521656776299582,0.96883970380189,0.4389150580553678,0.9262347983334926,0.3079706074861526,0.8439652739068748,0.05805003951484356,0.45843256426201895,0.5271427474106759,0.1941756937733217,0.3415385119998227,1.5815739784576666,1.7966193610300079,1.7954047531666482,1.6629976052584237,1.6323007498539948,1.9749167814854325,1.9114779302515654,1.946807565822508,2.1386000236866396,2.184566101849977,2.2059253901839475,0.3941245203883712,0.4940328278187639,0.6714927757388546,0.7283465349155779,0.687691689299984,0.760587544574658,0.8926499729300603,0.9642277700931436,0.9341821846167676,1.0144648014697937,1.0529239813175508,1.0831502736115657,1.2486030345203687,1.329103370260827,1.285371843583647,1.3569250409648437,1.322141729646464,1.3896396614392212,1.8701861957973829,1.999108327048037,2.019252099528737,2.029237742748464,2.048437888414785,2.059630978971389,2.075157311964631,2.4907163886584374,2.56282816620191,0.36459977555705547,0.5350814847855928,0.4623503062187045,1.4789695152767828,1.431768772137239,1.5210251411091762,1.4689832865978747,2.8287113593791564,2.7813510411669045,2.192371820542932,1.8532305133540512
2.1494327523346572,1.7797356929489618,1.7432956911990536,1.7317298741584737,1.6877608270571087,1.747679123554423,1.6963513180978007,1.7121765476461306,1.6221887162433222,1.6842904635754246,1.5712535694908984,1.6475207665153608,1.635528260729507,1.4965203419557642,1.6460412904754924,1.5678931990259695,1.2015694721246497,1.0373262642324974,1.2204191388284626,0.9768517746430554,1.047385388529063,0.8778622040215635,0.9633107466388899,0.7846935125224611,0.7650046880482889,0.8456712863972539,0.8079636392832962,0.8522620158755861,0.884346312363118,0.9480161710581592,0.6279962739303756,0.8218328029122243,0.6353666531958917,0.63419745232469,0.7588329059098385,0.4792385454715025,0.5503470965746292,0.4668373534776568,0.37137033444066425,0.31269437348594115,0.5859417361235346,0.13063168397844646,0.0,0.2224610837602373,0.15539487171638275,0.7870773651412508,0.8748632206356036,0.9257767351100824,0.670341846233473,1.0735168095843923,0.6284402695697845,1.0423815458594994,0.5394312659938257,0.9898460953902025,0.36533552850471607,0.8809127935222675,0.15650351815347352,0.4862357203488345,0.5415908850996591,0.19427701853755555,0.31638615191804714,1.690108427431019,1.9023388931476277,1.89380099610987,1.7629686060458594,1.7294544685632083,2.0817574414146827,2.0224378870497177,2.0596129378190953,2.2519287954024683,2.299328748235254,2.3214569376069107,0.2638098736267654,0.3673583740885535,0.5870899645936957,0.6415438974320531,0.5637571787053425,0.6376517322084309,0.7653205118387796,0.838603174255346,0.8068613648262292,0.8893682999020711,0.9394651072201083,0.966870853617252,1.1202265404225167,1.2014288024406012,1.1574471991747508,1.2283892954800744,1.1938544761306598,1.260927467575427,1.7403465528944875,1.8703963347729566,1.8891844306093906,1.9006914559547534,1.9183384179035416,1.9310778396269852,1.9450348057499838,2.360531304904183,2.432672442647096,0.23843836736382332,0.42681746008566995,0.3562848515558342,1.3499161520461596,1.3032692302519004,1.3921764865905932,1.340473810297209,2.7128173270465887,2.665913807616207,2.083449479291422,1.7493480223934958
2.0935909151967107,1.7226061348444486,1.7059267115641097,1.6724430967353896,1.6392530418761357,1.7058536152635488,1.6519669586772256,1.6776445439259726,1.5798382456963271,1.6530448400071482,1.5279556600484063,1.617986850893406,1.6082235983241158,1.4625211787314687,1.6321692577159903,1.555384470599304,1.3737056895356945,1.2034035560414116,1.4325635723563233,1.1991961172765275,1.2113022864192782,1.0500363172219642,1.1456916132989068,0.9642074136323696,0.9488307385794584,1.0510689517061573,0.8956938249770126,0.9355605694877444,0.9650482138032525,1.0242641294047476,0.6163155861826504,0.9948082639983183,0.779167509720006,0.5863429145499301,0.94067497051798,0.6142203707514532,0.47463360452860204,0.6206503360430426,0.46824510646837936,0.4207748013387028,0.7930436884530533,0.24834793065012864,0.2224610837602373,0.0,0.3642880335143169,0.8730301532073395,0.8157127013440962,0.8456771433022976,0.5826177938419344,0.9002137419558144,0.5277635448255743,0.8630038570492389,0.43209668212816554,0.7995644126161549,0.20845733998007632,0.6695164182532233,0.20911132855991693,0.2776249103496925,0.3232190952921551,0.06076790773738833,0.09616293037837731,1.565084401045374,1.7688162934396074,1.744729783984545,1.6179219402859673,1.5791126288619184,1.9497862941714648,1.9013080665283513,1.9434103421638593,2.1361831912073685,2.1876489687592646,2.212071967802714,0.3726266374848099,0.4936586955994889,0.4417141806674801,0.49971937781855896,0.5475657022531039,0.763263130062429,0.7622803511971018,0.9444398615156051,0.8022797442042885,0.9966555136142575,0.8622761439680584,0.8996013590559392,1.117321752570747,1.2865350038435155,1.1497284560382524,1.3059842380489661,1.188869676465487,1.3364026011292391,1.7478269050708375,1.8628394462396096,1.9414144298464908,1.8912718362821723,1.969789186891433,1.921541209425947,1.9958777878939227,2.3707779670127134,2.442015934123638,0.284475571178686,0.6019298755094834,0.2860455907778278,1.4207655551204779,1.298773113427978,1.4646058363539636,1.3356004836643145,2.6327809689447466,2.5843644867576834,1.9827629671153304,1.6361127921611858
2.268560868937538,1.9008811447810658,1.8557209573970708,1.8540266864534438,1.8055904558680318,1.8621544620410488,1.8122791313421511,1.8234408431979432,1.737627122848656,1.7941551548184957,1.6874427466304616,1.7567956308539492,1.7438038406460916,1.6089686209801395,1.7475365555174915,1.6692726822486759,1.1679641087040524,1.0136270373490783,1.1275995061959445,0.8513733939226991,1.0258953951974585,0.850975373304452,0.9214536900687638,0.7515322753377351,0.7267621805921383,0.7712105056129388,0.8617639860517632,0.9077389260079726,0.9406617871934715,1.0056543003784146,0.7452957166672494,0.7956848967943884,0.6496552882201809,0.765109280425339,0.7235027021203755,0.513799049763951,0.6919931846199009,0.48363128037728254,0.44934657537712014,0.3917689277384352,0.516429871926808,0.25523877363838576,0.15539487171638275,0.3642880335143169,0.0,0.8429432440911961,1.0045950639035646,1.0619930092433267,0.8124924411833618,1.2286395387372913,0.7744633530807685,1.1977486925658547,0.6883280507553471,1.1449722423087632,0.5207273123451899,1.031447290460944,0.29910399804987653,0.6369483072458396,0.6874502470340854,0.34612779418566847,0.451700230788801,1.8357437723706784,2.0498304281243236,2.044886373158857,1.913364348686952,1.8809677379935559,2.22859005424564,2.1663170444109574,2.2019371268708,2.3937864588236595,2.439804426812888,2.4611387580479125,0.19986773224753446,0.2616089403995816,0.6528515189689696,0.7015792841917355,0.5427217155247741,0.5129100938234605,0.7212025094527097,0.7201763435092345,0.761862730861112,0.7690294829499166,0.9401372374885684,0.9595856648281965,1.0642763112031226,1.0889710315451877,1.1039275425696156,1.1199058140013416,1.1377735634766242,1.153275696086105,1.669119017380019,1.8077969680545243,1.789723262292041,1.8390772858708295,1.8191597496636818,1.869319028135111,1.8460579769903689,2.283769759734515,2.356160643781279,0.2424439403609892,0.2798565527057748,0.4017138705931702,1.2439418697109306,1.2449324308604781,1.2848668356165875,1.2818058449550915,2.695544515612453,2.6499392425367767,2.0848033525732634,1.762913419413297
1.5483809193286426,1.2079212209865968,1.1190228089474723,1.1709157556094891,1.0993990562035512,1.1350786909257617,1.0953910189228124,1.0829111521391666,1.0228046671363193,1.0487101301558883,0.980238138497508,1.0106242748837382,0.9938834328086542,0.8877267031495983,0.9704560418148583,0.8951704362990033,0.6777882130484335,0.5159721317020454,1.0108569546267223,1.054293966165041,0.511430464060568,0.4518021430957135,0.5663618609350554,0.457039118815209,0.4780809953985736,0.6822759056083579,0.023117425505758855,0.06526962345150582,0.09787663080201149,0.16272701980271603,0.3828870868915365,0.430639695377193,0.263809527415216,0.483853515312567,0.4631819683382101,0.3333759346323456,0.5729423194270361,0.3782206137717391,0.4177015282891918,0.4751285489049081,0.6029060745705602,0.6660548353330809,0.7870773651412508,0.8730301532073395,0.8429432440911961,0.0,0.547668729803181,0.6425362127003396,0.5993775174373146,1.0989627330673106,0.6348430666200109,1.106942872661567,0.6533047598224819,1.1263449013676343,0.7744743442416056,1.1782024164713933,0.6771895760027907,0.9273620805602357,1.0080827784336452,0.8125275130070825,0.9428877112930247,1.3666765466254391,1.5883561448273984,1.6486682091414302,1.5150211917810896,1.509800006952961,1.744195268005731,1.646510861536931,1.6614238037555535,1.8374153255974717,1.8666346710027903,1.8790427185736667,1.032015702252596,1.103693621998499,1.3147033924805305,1.3727255118476849,1.3508330639716735,1.3315677692157486,1.5500620048484668,1.5402022713963155,1.5915142921385417,1.584702443765266,1.7181014025144898,1.7490905936467558,1.90162252102972,1.9097514366045016,1.9400436055769845,1.94549232240567,1.9753388162544292,1.9794725335044798,2.5119486821707886,2.648913011330601,2.620485321283709,2.679877763023556,2.65008309490806,2.7101902431544476,2.677074532333905,3.1263982700120283,3.1988057474507676,1.0254466931140187,1.071733998258615,1.126631179320473,2.0711629393114013,2.0837778891278984,2.110094740064701,2.1208577829002975,3.4941581624283122,3.4466027159392882,2.8529246497144523,2.5086623210629826
1.2805263123314428,0.9095090760038853,0.8911608157014788,0.8602483443622077,0.823708793252932,0.8902981485468732,0.8362695015728393,0.8638336698414621,0.7643634654971319,0.8407324907983545,0.7124322209269648,0.8068066503953687,0.7984620296086783,0.6502287960844869,0.8334285326744413,0.7598758823885629,1.2211143090723824,1.0632111040365764,1.545096115046073,1.5228192741847784,1.0579818177680267,0.9914831297042326,1.108825750461645,0.9761868549975607,0.9892510044835213,1.1873439974881543,0.5615782720730472,0.5596640963091859,0.5622310360141393,0.5739300484378785,0.2747810552388609,0.9616858272267411,0.7352439343308115,0.24066947917198142,0.9742707663219309,0.6751445061080695,0.3411001338216183,0.7348401211143463,0.6022349491283041,0.6439621356550291,1.0314603444339139,0.7515231849131222,0.8748632206356036,0.8157127013440962,1.0045950639035646,0.547668729803181,0.0,0.09492301810425763,0.2422344884917826,0.5772458927152067,0.30413626901582286,0.5974074429542808,0.3937143721832237,0.6427925597833659,0.6206764243605858,0.7652536269067944,0.7186510726755105,0.6938112068328596,0.7549172002122438,0.7722451783510299,0.8326061892590185,0.8732770164882555,1.0961997580364244,1.1315458304659443,0.9959311789136022,0.9823304448118636,1.2661542362472133,1.186967810876182,1.2153312529188036,1.4041299927411826,1.4456637098135654,1.4648858846655588,1.1335542166309314,1.242152174591892,1.193144236075584,1.246749837610397,1.3632620694418094,1.5116643114244743,1.5779833652618522,1.7134366698064623,1.6179001714074843,1.7642302063861626,1.6485532623502555,1.691955526926045,1.9323712694393669,2.074430230101307,1.9640026526025258,2.0994799966940496,2.0034488257063785,2.131435191784773,2.563042571272001,2.674870482449656,2.7503678166781027,2.7026572252826173,2.7790948615591784,2.7328028806061146,2.805457435381555,3.185831396372175,3.256900604163269,1.0760316918546224,1.2826853247984342,1.1005854135648776,2.2190289542556387,2.113107432171811,2.261985602372931,2.1497629277467727,3.38071724395395,3.330668888836777,2.708796510908809,2.3496169559618783
1.2493813946384218,0.8790310079321321,0.8772737514332933,0.8282692678057141,0.8012657398421084,0.872690448657943,0.8172361396669231,0.8528070923183645,0.7482911861894455,0.8329750346449244,0.6964867388743515,0.8013009608654725,0.7951288372836122,0.6449344475467689,0.8407733711254517,0.7708872591733196,1.3152852184061399,1.1579520763107753,1.6391224209658708,1.6104837137268724,1.1526160432305363,1.0861441372847973,1.2035845788656048,1.0696999407941692,1.0822240370688156,1.2793477158156668,0.6563004100362917,0.6536383123401768,0.6553385315551626,0.6645888627404213,0.3541279007189646,1.0559193649136878,0.8274156509255957,0.29976714713280367,1.0672817374045132,0.7607942155605631,0.37807104264318697,0.8199318249794967,0.6775660031972038,0.7152887273604663,1.1178358586682846,0.8070158719083537,0.9257767351100824,0.8456771433022976,1.0619930092433267,0.6425362127003396,0.09492301810425763,0.0,0.26321398115242667,0.49436964565172187,0.3190825294788349,0.5191563541875959,0.414317820796104,0.5733678391663491,0.6429358863259564,0.7154562521561586,0.769380416177466,0.6939806631411605,0.7475163215383305,0.8071443562021,0.8521136470771982,0.7929920647559686,1.0147518229081378,1.043640186120497,0.9079306986800038,0.8921627724571757,1.187340303965779,1.1131069170005474,1.1445342572999233,1.3350671976902644,1.3791467002233024,1.3997824212628085,1.179504786161238,1.291479947190065,1.200060117628496,1.2517816043040546,1.3909107214716059,1.5633441903154273,1.6052836959407362,1.7621435421317109,1.6444868034988656,1.8134440999487176,1.658228250549241,1.7033798992029785,1.9567221758308533,2.1192208992854518,1.986969599214054,2.1424719068322995,2.0268152015345025,2.1739232416532155,2.5870300665073334,2.694147213706641,2.786495866997019,2.7212803762524476,2.8149787304941705,2.751275596675304,2.8411462580086555,3.2089629805391438,3.279605648698785,1.115491497317165,1.341528217788068,1.1268472874369728,2.260383434325531,2.1359108663118485,2.303739422616126,2.1722557936831484,3.373233828328358,3.3228668446060468,2.697865199698304,2.3375356419895144
1.511403313890847,1.1406067761244174,1.1308030266029316,1.090203598850484,1.0596121583571778,1.1285544727190124,1.0738358407144153,1.1043060420136706,1.0030325144867556,1.0819586717651555,0.9510487735149449,1.0484113760674558,1.040362454428025,0.8916798966592097,1.0753746908432251,1.0013819332766785,1.2675018427540439,1.0975146023928788,1.5214001234941072,1.436446792263717,1.096345928151556,0.9938886528945348,1.1120731052713728,0.9542217296895937,0.9591879165978403,1.1412015510715623,0.6194799430300886,0.6355422864445132,0.6501935526423077,0.6837661935607385,0.21899004189076174,0.9533106570061012,0.7050295788115982,0.11738444198297454,0.9451413652914681,0.5957237667309236,0.12049958116422392,0.6490475219571378,0.4750209630639436,0.49899345686966373,0.9441371567981804,0.5577341166060615,0.670341846233473,0.5826177938419344,0.8124924411833618,0.5993775174373146,0.2422344884917826,0.26321398115242667,0.0,0.5239774632385246,0.06241361477049659,0.5211911332561038,0.15291545337227783,0.529103652285764,0.38169313483038564,0.5891182250520488,0.5151710449876921,0.45348185732086543,0.5181377529808182,0.5440882125945357,0.5926959108497342,1.0240999281580383,1.240373522480912,1.2471151279056656,1.1129870023745374,1.0867583016727969,1.4179231041703297,1.3538265706131891,1.3897948358712995,1.5819113927353086,1.6289961901817538,1.6511422325375715,0.9194835240979813,1.033290856990328,0.9509100307496295,1.0045731727482665,1.1286090626646426,1.306301259346176,1.3431584946852566,1.502814205631253,1.3825878811054333,1.554366731134016,1.4065328955320744,1.450199311990526,1.6957091540591163,1.8577533320718973,1.7265446080367985,1.8803797600591463,1.7662264911478536,1.9116748067801164,2.3262913869254898,2.435725042243116,2.523283090111251,2.4632373317817056,2.5517647496299958,2.4933250430480904,2.5779331081359285,2.948667563256037,3.019508523824812,0.8529913200126925,1.0922108754532815,0.864795712805079,1.9978256279624829,1.875595978640256,2.041267028773263,1.9120902789465297,3.1406028187624013,3.090677300629659,2.4702823394837585,2.1118553138476637
1.4552542300938254,1.1205989651983232,1.1830976541389582,1.0696962956733795,1.083964697957645,1.1655737644098492,1.1106931701536553,1.1707894119989033,1.0600683753450766,1.1636223475720868,1.015133957246579,1.1420132139021328,1.1431052724564372,1.0027286621574831,1.2162638846196363,1.1610700961324778,1.7761915629079077,1.610207370517982,2.0453079105054193,1.9446768204761231,1.6074856926087489,1.5148679303650374,1.6333718951159069,1.4779886776668747,1.4831653660041433,1.663780874120063,1.116433259955739,1.122873619404286,1.130160861319529,1.1482283475732158,0.7361352607156171,1.475841211255727,1.2287098712157964,0.6381671367001566,1.469112539089541,1.1166957969180191,0.6116610720841589,1.1676806796987422,0.984001862886783,0.9962218257929919,1.4574790485985227,0.9950623735487412,1.0735168095843923,0.9002137419558144,1.2286395387372913,1.0989627330673106,0.5772458927152067,0.49436964565172187,0.5239774632385246,0.0,0.5187355122969458,0.0551884283638897,0.5708402349310758,0.15494323677509048,0.7095695039968339,0.3772412827290706,0.9401711664790859,0.6377136519942183,0.6362865313187468,0.8935141487711308,0.8529876157416718,0.7427557243340266,0.9134972671639715,0.8603057373492276,0.7431086248352733,0.6957340274355767,1.0923964620056217,1.0708047508618035,1.1238934658178568,1.310599992195487,1.3705389206712728,1.3999968123246591,1.2727844753303272,1.393838651408732,1.084962051549785,1.1216802786478897,1.3678298873800143,1.66169303278607,1.5662377296618486,1.8338841498775933,1.599418923255781,1.885947042757693,1.523176666367561,1.5750664986041203,1.8853657355331144,2.155301680273142,1.9070723993018777,2.1675367230618274,1.9475971849423175,2.1951595395574883,2.4955340919791396,2.5755171698006962,2.7572721976396193,2.5986999687058727,2.78386362523169,2.6273371264914727,2.808467284645661,3.1021161238924524,3.1695417855600914,1.180424969616344,1.4940984811637341,1.121004747706742,2.2726677051188244,2.0499961114849468,2.3171088627087264,2.08354121266608,3.112454865513894,3.0611390830990324,2.4297645282636484,2.0707795861190696
1.5684543046468362,1.1979997744730264,1.1910152324920955,1.1473178157662187,1.118542860340823,1.1882415758772367,1.1333083534578177,1.1648764154515774,1.0629317568101844,1.1428956031115312,1.0109593752811763,1.1095674576990273,1.10171935118553,0.9527823368354982,1.1374892332497435,1.0636253491306493,1.2948292324034512,1.1230730610071489,1.5304169999761161,1.4288755232425,1.1228527697213504,1.0126701960622473,1.1301027690592673,0.967279860006645,0.9701069509106779,1.1463503860992956,0.6558075751490843,0.6751534495748032,0.6918799764993019,0.7290071921778777,0.25205594926653896,0.9698126831986121,0.7193174371094532,0.1530015004933803,0.9564446564327362,0.5987823221696049,0.0941407239629866,0.6490246353980509,0.4664122877522239,0.48332014751111535,0.9394712056211949,0.521656776299582,0.6284402695697845,0.5277635448255743,0.7744633530807685,0.6348430666200109,0.30413626901582286,0.3190825294788349,0.06241361477049659,0.5187355122969458,0.0,0.5094056348059394,0.09566686361313405,0.5057530970713978,0.32385442291440697,0.5448958830442033,0.47550544307329545,0.3910732040323582,0.4561817236938182,0.4921278149270316,0.5335585803464997,1.061815467114347,1.275381501719454,1.2750172762092362,1.1419969399336811,1.1128478006935358,1.4541741342166712,1.3940688957420924,1.4318536425062398,1.6243788974063424,1.6728191739628007,1.695693489967572,0.8722171134441911,0.9877245770742759,0.8891682287394003,0.9426327908113028,1.0719198706371873,1.261355070241306,1.286233990918613,1.4555836322244817,1.325408069170713,1.507345171725258,1.345284397659318,1.3892393210111331,1.6377528913051167,1.8079053744497118,1.6681866046478893,1.8296087625813158,1.7079759317212313,1.8606336470442275,2.268158629734933,2.376387920055212,2.4691744431197313,2.403750076278477,2.497552718863203,2.4338036838691686,2.5236383939573965,2.8902682092261407,2.9609956509086732,0.802128497709671,1.0533163273276231,0.8078066449170027,1.9461854405047383,1.8171765746235193,1.9897854932242025,1.8535829118008404,3.0781904627889767,3.028263850949321,2.4079203640421505,2.0495553578721166
1.5096389894825832,1.1734400295941718,1.2335224935879814,1.1223791148749842,1.135102703196005,1.2165558197126585,1.1614485429751724,1.2205428000960625,1.1096955040811733,1.2126405900346806,1.064164240900349,1.1903404349109181,1.1909752789646673,1.0492449535137394,1.2624649869016709,1.2058585474914534,1.782579932599926,1.614891393012906,2.0395876641833004,1.9283603991270404,1.612797737665059,1.5149578198458555,1.6332120482445158,1.474581459355145,1.4785096717018644,1.6556828806777608,1.125134988386843,1.1337846262622853,1.1425972848790191,1.1635589256431613,0.7373320932153923,1.474473317755521,1.225662250451323,0.6374554388826226,1.464672897879687,1.108072618109144,0.6004297146367226,1.1574618666319347,0.9708312607120211,0.9799028556860574,1.4440028295145229,0.96883970380189,1.0423815458594994,0.8630038570492389,1.1977486925658547,1.106942872661567,0.5974074429542808,0.5191563541875959,0.5211911332561038,0.0551884283638897,0.5094056348059394,0.0,0.5532736418694044,0.09976063509611587,0.6772629404924916,0.3222311586776164,0.913062381103802,0.5961342311283553,0.5902825820475914,0.8591986922953819,0.8120214723136608,0.7970504231539091,0.9653057727248868,0.9080885209912423,0.7930701037636377,0.7442656625742797,1.1436206888795635,1.1240559238201748,1.1776010947139988,1.363762198146492,1.4240389272635883,1.4536805408941103,1.2350491669655943,1.3560821127232872,1.0343347398464457,1.0701740573647127,1.3211115749373956,1.6223449340305065,1.5178850044444483,1.7919264378321573,1.5506410480310102,1.8438981140466633,1.4704298070720276,1.5224825842894143,1.8346717824891698,2.110132219017883,1.8559572889093745,2.1216420635343956,1.8964544448609837,2.148978760406647,2.4433338867904872,2.522317855448384,2.7076048366498595,2.5453649589886003,2.7340811616247587,2.5739462312319623,2.758588774824065,3.0490516528045757,3.11634948231815,1.1410711013270878,1.4601060104955816,1.0767907533716377,2.225818558951286,1.9984326105114796,2.2702589699033044,2.0318224639165487,3.057416002197543,3.00610552228594,2.374727908841743,2.015679512672801
1.6635229127752258,1.292905113272208,1.2835808707359893,1.2423418711398493,1.2124808353345677,1.2814565179677673,1.2267510649218292,1.2569073882419364,1.1559053936812942,1.234274318762535,1.1039212722204257,1.2004930846550907,1.1921685021854076,1.0438568524598149,1.225116596293673,1.1504052681434995,1.2936114535020564,1.1197585912671242,1.4994387643856868,1.3751216480220378,1.1211206923476462,0.999078946081481,1.1145637255095446,0.9451135006330023,0.9446647364281292,1.1112399569034426,0.6754457675304816,0.7003871635930252,0.7207096522524884,0.7641774404865357,0.2820254369051528,0.9529551229670645,0.7016793327142203,0.200379618384454,0.9316908600223865,0.5662247918137809,0.08219507985306505,0.611047505151641,0.42014622519077865,0.4266375373912347,0.8917971769059448,0.4389150580553678,0.5394312659938257,0.43209668212816554,0.6883280507553471,0.6533047598224819,0.3937143721832237,0.414317820796104,0.15291545337227783,0.5708402349310758,0.09566686361313405,0.5532736418694044,0.0,0.5328757012089061,0.22892952192817212,0.5319725101401487,0.3895038533032943,0.31280122991525533,0.3846722284008259,0.39701587760367796,0.4397920095197581,1.1514117615951711,1.3629136319880173,1.3569926154181449,1.225114007048495,1.1935661364557093,1.5424263566361238,1.484950564836271,1.5237594309735274,1.7164325799836897,1.7655720493596745,1.7888008544087397,0.7789073710944272,0.895319949016671,0.800829645931747,0.855224828696329,0.9765974359605232,1.1691396862468824,1.1910069257387506,1.3619915737681252,1.230286331170962,1.4138456112382352,1.2550543259560947,1.2982644149403009,1.543043853419131,1.7131085370406167,1.5737455669096094,1.7345073435174991,1.613459687824276,1.7654521597344714,2.173571180493638,2.2828141442755245,2.373508144322673,2.3103406734706677,2.4018858554994496,2.3404329264905184,2.4279719320795654,2.7958691094857637,2.866680987121662,0.707187715374835,0.965770135364493,0.7125708969122334,1.850845464020165,1.7227826719314736,1.8944815103421997,1.7592556192718563,2.995460965497937,2.945740762843899,2.3277312452123575,1.9705566902662788
1.6077875473590688,1.2689790259782538,1.3249524809597222,1.217675101942653,1.2278040013832956,1.308935272016347,1.2534898781190196,1.310856352607774,1.1999081788816035,1.3017302588722457,1.1534446284754967,1.2782994985400096,1.2781705153480112,1.1344111955536194,1.346774914822369,1.2878866972357053,1.7965946642407133,1.6262930588613493,2.0312075519963355,1.9008245697011168,1.6253309056729424,1.5184115620408019,1.6358466816167108,1.4718500428306789,1.473498051556722,1.6438456445176373,1.145705499443126,1.158201380213549,1.1696455929530218,1.1955623860765823,0.7480931357164299,1.4754345788346603,1.2246468335928238,0.6464235413508335,1.4601031191521334,1.097561012899978,0.5909543034063334,1.1437243534574633,0.9528954508245413,0.9560197706214948,1.4229722882288356,0.9262347983334926,0.9898460953902025,0.7995644126161549,1.1449722423087632,1.1263449013676343,0.6427925597833659,0.5733678391663491,0.529103652285764,0.15494323677509048,0.5057530970713978,0.09976063509611587,0.5328757012089061,0.0,0.6254091822214656,0.22281313298869487,0.8691524945830481,0.525972709860481,0.5105730034099166,0.8015596784515905,0.7413126642936685,0.895736684651651,1.0603603509884978,0.9971948335248704,0.8856117573436689,0.8348250972297439,1.2376743015381881,1.2211632286168108,1.2753662469820475,1.4606709815897265,1.5214460615327232,1.5513596685383604,1.1689578777139202,1.2896283826173656,0.9433262325435642,0.9773789468453613,1.237402136854895,1.5523385130278586,1.4308128402155005,1.7167558415294124,1.462730057967853,1.7685014672613455,1.3750073136823562,1.4273505995672056,1.7429821792595543,2.028662687855173,1.7634720483389783,2.038809260375886,1.803904673072864,2.0655965482450602,2.348721174073242,2.4258897435940385,2.617578586551938,2.448691900115657,2.6438387464671202,2.477171180631766,2.6681658326036315,2.9528272227028407,3.0198941052343997,1.072120499702583,1.4005957150227906,0.9984660876281729,2.1411521527120376,1.905071841080223,2.185571635606054,1.9381661826537826,2.958095341386757,2.9067977474041857,2.2754187406584574,1.9162176283180032
1.8922937254655638,1.5217645787919347,1.5115897326567793,1.4711397395021788,1.4412962035213157,1.5099105148741416,1.4553428508583879,1.484497827190462,1.3842306726712037,1.4612998276813391,1.3322509339202269,1.427110943217004,1.4183231904070202,1.2707210165397043,1.4481050771229491,1.3724896215369937,1.351872801164494,1.1773330206720845,1.4822954749710455,1.2987484408477599,1.1822148454951042,1.0367370876382112,1.1439619989638798,0.964289310425092,0.955795425602195,1.0919360807263372,0.7975859329565739,0.8315936034969671,0.8575235659162157,0.9106133488881702,0.4564802350342149,0.9846041711732734,0.7444842553388302,0.4047790729949529,0.9450589102536952,0.5846831326808093,0.28427624315715727,0.6109123823745414,0.4238161120871314,0.398351689345105,0.84640385558626,0.3079706074861526,0.36533552850471607,0.20845733998007632,0.5207273123451899,0.7744743442416056,0.6206764243605858,0.6429358863259564,0.38169313483038564,0.7095695039968339,0.32385442291440697,0.6772629404924916,0.22892952192817212,0.6254091822214656,0.0,0.5368098404410502,0.24992057198035733,0.1672007520217837,0.24689369993526092,0.186440911825193,0.21209002387557,1.357534365034147,1.562740376112269,1.5428076657167153,1.4145631579212945,1.377470133207918,1.74353588258538,1.6935131236380077,1.735236404973222,1.9280272337973163,1.979297240755346,2.0036542735458642,0.5730992118210748,0.6930601596187326,0.5832257362392872,0.6394265715971761,0.7481953806302167,0.9656009104929386,0.962412748559429,1.1509655816273816,1.0015543332600267,1.203129682142585,1.0318497331393246,1.0736850430373053,1.3141151168521166,1.4949501155861682,1.3448533213135012,1.5144219260169738,1.3845475551027244,1.5447963806892997,1.9446452121995017,2.0544306646600377,2.147492458002346,2.0821017003552456,2.175731322625347,2.1122278578660514,2.2017078726319195,2.5669772456135806,2.6378158590034446,0.4912364504611185,0.7848253834468774,0.4840171159281856,1.6289690193933202,1.4939029094263625,1.6728547052771519,1.5303997830276517,2.7846839456192174,2.735405254816831,2.1228004114451675,1.7688515036472854
1.823280158695867,1.4781987769074163,1.5246095783881972,1.4264425553807656,1.430634142690585,1.510771102623238,1.45476131070111,1.5080950623386213,1.3974023482300149,1.4963308911546849,1.3491758366911655,1.4705644664843198,1.4687967731042,1.3216484038531067,1.530860358823329,1.4675005144855389,1.8254878306528588,1.6514595453960386,2.0079313561897316,1.8354690379558232,1.6530036645633404,1.527547130021677,1.6414726869420724,1.467962823155277,1.4644828798348652,1.6169542664723964,1.199569878089636,1.219962816816485,1.2367280968791121,1.2725545987473494,0.796393357809008,1.4797189841830487,1.229504278437052,0.6978057712041233,1.4523015820484009,1.0845587809447106,0.6080154920929096,1.122094022725736,0.9279905464448477,0.9172453177911027,1.378578843815108,0.8439652739068748,0.8809127935222675,0.6695164182532233,1.031447290460944,1.1782024164713933,0.7652536269067944,0.7154562521561586,0.5891182250520488,0.3772412827290706,0.5448958830442033,0.3222311586776164,0.5319725101401487,0.22281313298869487,0.5368098404410502,0.0,0.7860188926915406,0.3947383552457729,0.3504448985889449,0.6866637833929575,0.5940997450223638,1.1184157183664294,1.2797136855724625,1.2093141498992201,1.102360253749304,1.0493644117570309,1.4556587933775136,1.4425781762798153,1.4973652005219853,1.681809021543726,1.7430688438577395,1.7732327228313172,1.022355001944461,1.1403621087497986,0.7373514225822286,0.7668885764162866,1.0469495936290107,1.3919216687756966,1.2314563096368016,1.5432780675057998,1.261360876922947,1.5942421162090326,1.1578381463339815,1.2106815460768459,1.53279885495805,1.8398109087026024,1.5516373299253714,1.846944074657464,1.591888913091574,1.8724702468560541,2.1323575510664363,2.2063937279336887,2.409806302133378,2.228803649132827,2.435618640340682,2.2571193445605156,2.4595722177533084,2.733557123808412,2.800251588074481,0.9201194993808284,1.266564423892069,0.8240039751033927,1.9450905052026741,1.6913435090257183,1.9893795784597188,1.7238365380892788,2.739857139452387,2.6886325436996183,2.057375931730436,1.6974341037161638
1.994707165592001,1.6246535157179771,1.5908348222753188,1.576406723073601,1.5335934830404039,1.5945106987041529,1.5427519609506597,1.5601660684132157,1.4688030901709908,1.5328400666196467,1.4176689257649924,1.4963433804548378,1.4847680434688115,1.3443032051210162,1.498261532410854,1.4203073352379436,1.1659976016680123,0.9950150088398144,1.2484633703477621,1.0495786653064978,1.002671586273181,0.8429315899384872,0.9410805610109853,0.7593787414171485,0.745651069146053,0.8611793914747148,0.699331356799337,0.7412007644084943,0.7719389998463999,0.8334054913605995,0.4764136257726441,0.7880467971817331,0.5700820694055442,0.4780324505213074,0.736780914233834,0.405212579185249,0.394854567436498,0.41234518882426696,0.2634617344639885,0.21275665478406236,0.608232792439166,0.05805003951484356,0.15650351815347352,0.20911132855991693,0.29910399804987653,0.6771895760027907,0.7186510726755105,0.769380416177466,0.5151710449876921,0.9401711664790859,0.47550544307329545,0.913062381103802,0.3895038533032943,0.8691524945830481,0.24992057198035733,0.7860188926915406,0.0,0.4016279308210347,0.471675292336472,0.15045610160488038,0.29769782680795764,1.537136836082716,1.750794203748489,1.7464439402438077,1.6146121769064277,1.5828330569247566,1.9296790585505903,1.8684698276953753,1.9049319017193882,2.097081279313781,2.1440090785119637,2.1659094763385567,0.4164628930580672,0.5235240485599431,0.644590136781021,0.7021617528253519,0.6890288576151518,0.7941452537153706,0.8981508947440234,0.994809939432864,0.9395394426787118,1.0456858770216244,1.0420266909420612,1.0746241633408384,1.2554278483609598,1.3565559661906355,1.2911671469778014,1.3827260931407266,1.3286604089491139,1.4150482286616577,1.880573776238248,2.0060205701102443,2.0404699245426463,2.0357275402494026,2.0695094214119116,2.0661201364202864,2.0961187495524545,2.502352363740415,2.5742943544823746,0.37261210044503296,0.5778615755479496,0.45067454547150926,1.5035502780731986,1.4386324782603883,1.5460790562549351,1.4758284506512904,2.8178729002090606,2.770112351954897,2.1760783758952105,1.8336519753272946
1.9317411056502738,1.5647971500787934,1.571149616953332,1.5131282452816421,1.492944657249102,1.5659005484307293,1.5101599986604324,1.5467724875526623,1.442016156058945,1.5265706255917635,1.390292686628438,1.4943374174059556,1.4874468945796953,1.3376262493908513,1.526840935899189,1.4536598336649469,1.5181765350726224,1.3434929757322989,1.6455874803381685,1.4485195171210963,1.348092540224821,1.2037919359217422,1.3111625766170258,1.1314368169323912,1.1227274099340774,1.2559290215422525,0.9503606689650421,0.9817480872248052,1.0059112984752645,1.0556533681576883,0.5835785956924869,1.1517614211992202,0.9108349846630335,0.5120912949878607,1.1120800205835586,0.7517318641776523,0.3895490319797508,0.7779946778556609,0.5908030061683357,0.565261649872005,1.0073998251180807,0.45843256426201895,0.4862357203488345,0.2776249103496925,0.6369483072458396,0.9273620805602357,0.6938112068328596,0.6939806631411605,0.45348185732086543,0.6377136519942183,0.3910732040323582,0.5961342311283553,0.31280122991525533,0.525972709860481,0.1672007520217837,0.3947383552457729,0.4016279308210347,0.0,0.08136449359526252,0.29196178315462007,0.21598425854395176,1.3374871491490044,1.5312337981973272,1.4939684875573684,1.3714071363190619,1.328424011501181,1.7122708784734804,1.6740504096583786,1.7204685844169811,1.9122170305373611,1.9671655735491198,1.9936053559109967,0.6432176673509344,0.7637446358607859,0.5075424859578548,0.5581348111323067,0.7414014618376413,1.0270187566552482,0.9485263730221805,1.1962067992343777,0.9847254957521955,1.2482529431407785,0.9664204991635422,1.012964984673871,1.286752046560272,1.520774461049182,1.3135347927419938,1.5349743872999975,1.3539658390192268,1.5634888247390106,1.9124308734146147,2.010851794544792,2.143574853534524,2.0369680393913434,2.1710336056541846,2.0666902550845134,2.1963723514396154,2.530917611040112,2.600663043698615,0.5462688252595105,0.8791441714143455,0.486117758587069,1.6433810724832967,1.4610870046539104,1.6877484406422227,1.4965684694039592,2.687206791607737,2.637247421061182,2.01702532401216,1.6590316013301305
1.9739724377699568,1.6094718821541878,1.622421437367364,1.557544520542672,1.5413318052629532,1.6157850471949888,1.5597488255266758,1.599168248270086,1.492989666232671,1.5801763511746894,1.4415444111981235,1.5487802878894357,1.5426272447507312,1.3924494821098212,1.5854874832005212,1.5133762421289327,1.5986783253127623,1.4240754118393213,1.7191207612334207,1.5125698530968563,1.4288141738531759,1.2835033214854925,1.3901677962642058,1.2100347474404973,1.2007058434660656,1.3303148236178868,1.031055401553724,1.0620403780506897,1.0858953972605514,1.1349835853647823,0.660326417694973,1.2311872304094904,0.991289794130388,0.5850151892770468,1.1902723627904574,0.8314856168798199,0.463821182730708,0.85647097685529,0.6706752556415302,0.6435073435554691,1.0796079961870724,0.5271427474106759,0.5415908850996591,0.3232190952921551,0.6874502470340854,1.0080827784336452,0.7549172002122438,0.7475163215383305,0.5181377529808182,0.6362865313187468,0.4561817236938182,0.5902825820475914,0.3846722284008259,0.5105730034099166,0.24689369993526092,0.3504448985889449,0.471675292336472,0.08136449359526252,0.0,0.3492036312250882,0.24371604902745592,1.3551350760120644,1.54238116217664,1.4965118296374986,1.3774488674316554,1.331668519891992,1.7228630042554243,1.6905269745753544,1.7390339480349686,1.929722254844551,1.9862791760434988,2.0136385506925887,0.672301883341373,0.7909317771068574,0.46830799676751095,0.5145374071152935,0.7316063303020595,1.046674880872308,0.932308922981886,1.2066155298861914,0.9666920432701167,1.258260937271218,0.9249783625260838,0.9734069952962888,1.2613299141865475,1.5198825714704167,1.2860724249892317,1.5314464196980082,1.326643865468886,1.5589339430539135,1.8823516717163449,1.9752532501412077,2.126356975808324,2.0005964345412623,2.1533845839843058,2.0300720815823885,2.1783663382828524,2.4979000768083983,2.5670473654705517,0.5708734975048118,0.9162532889098182,0.48789962960824906,1.6364287476592116,1.4322016848617478,1.680868656086136,1.4670532042572146,2.626919226674067,2.576714589923925,1.9539134894310046,1.5947251911276386
2.0521790132852162,1.6810806480094749,1.6604184165033198,1.6313139835634634,1.5958310135436165,1.6611972374148796,1.6077404981956411,1.6315708501489246,1.535113466628825,1.6063379272342317,1.4833370282098268,1.570925604332223,1.5607532538530753,1.416037377760724,1.5824652429216906,1.5053629273488145,1.3163660100147831,1.1454708740505037,1.3859039750617383,1.1640795160363835,1.1531129018059811,0.9931158300807332,1.0902656919334217,0.9086189205442698,0.8940745257926593,1.001928643544052,0.8351613014760153,0.8751915736896201,0.9047983902240971,0.9642574600368219,0.5631113963450572,0.9381072169485754,0.7198445725785668,0.5389006305746433,0.8855619855609891,0.5547657731362925,0.43176416669698225,0.5627829601919934,0.40765417534480075,0.36081116482617287,0.7453572210222091,0.1941756937733217,0.19427701853755555,0.06076790773738833,0.34612779418566847,0.8125275130070825,0.7722451783510299,0.8071443562021,0.5440882125945357,0.8935141487711308,0.4921278149270316,0.8591986922953819,0.39701587760367796,0.8015596784515905,0.186440911825193,0.6866637833929575,0.15045610160488038,0.29196178315462007,0.3492036312250882,0.0,0.14779742335000498,1.541082193195544,1.7478338313554667,1.72921200082068,1.6007896956676888,1.563896388854607,1.9284612262274454,1.8764750611257088,1.9171185489264664,2.1099208195346155,2.1602284724969376,2.184006533773071,0.38725690080304653,0.5068235808548169,0.5023380131251574,0.560323079350383,0.5939556665520103,0.7797732115332375,0.8081819171498058,0.967540406380922,0.8486840432501138,1.0195995577911496,0.9191523524984733,0.9554903262922484,1.164670924765121,1.3161825258827473,1.197965226734451,1.3375091658754494,1.2367523725844711,1.3685064966643543,1.7945379061079871,1.9121579690348007,1.9797224408368195,1.940909637343705,2.008293112996761,1.9712242864574445,2.034537460306356,2.417544563980772,2.4889815788259,0.3102297662464527,0.60091467843025,0.33668410817132227,1.4541431086832068,1.3468175675285694,1.4977027101382314,1.3837792191103437,2.691253903897298,2.6429465153904808,2.04249760682549,1.6963766230895239
2.1011521835511147,1.7311003177004736,1.723265957619337,1.680214553098491,1.652047231959477,1.7212479718694447,1.6665171723231083,1.6963575157185578,1.5956879293939994,1.6733019490376666,1.54370388409557,1.6391676511298345,1.630409218039043,1.4827417953140725,1.6598587042409807,1.5840678789735432,1.4636258095366999,1.292319339177575,1.5287027225378993,1.2930285145293532,1.2997145371406702,1.1406269282398696,1.2380630021924908,1.0564141560083642,1.0418220861020424,1.1468519532123893,0.9658199566760699,1.0039259455081924,1.0323134130785752,1.0895598686107897,0.6585959395420449,1.0857070598370082,0.8650060890853172,0.6149172765161953,1.0333469548480834,0.6998529273055081,0.495880859628435,0.7098885416832149,0.5487143358002742,0.5050985283759664,0.8890512361436091,0.3415385119998227,0.31638615191804714,0.09616293037837731,0.451700230788801,0.9428877112930247,0.8326061892590185,0.8521136470771982,0.5926959108497342,0.8529876157416718,0.5335585803464997,0.8120214723136608,0.4397920095197581,0.7413126642936685,0.21209002387557,0.5940997450223638,0.29769782680795764,0.21598425854395176,0.24371604902745592,0.14779742335000498,0.0,1.541220086075505,1.7394898736436815,1.706924661905246,1.582886626277834,1.5412501766705675,1.9206494444112836,1.878039968085038,1.9225359170839067,2.1149311785544644,2.168312736334031,2.193822611472,0.43004610650208286,0.5497684654040251,0.37927495991023463,0.4368180146631647,0.5436426064023677,0.8111614883587969,0.7562526391635511,0.9810786464687774,0.7945687932284723,1.033194069846082,0.8210446449991358,0.8621632249502171,1.1049450223806108,1.3104653200929015,1.13488094828022,1.3264824425670974,1.1747699465868346,1.3557269713958608,1.7349994388973076,1.8430329331960296,1.9471181620419007,1.8705496648277713,1.9750395798279403,1.9006447508908422,2.000761701666825,2.3568503117623534,2.427514296306608,0.3309635105159882,0.6725390541626535,0.28079166925138044,1.4374271584917495,1.283801292742469,1.4816493323823812,1.3201433643220235,2.580733311429309,2.531795176418052,1.923849333672016,1.5732512079913559
0.8042716889754777,0.579564755523451,0.7180439379116323,0.546817616765659,0.6174796501187927,0.6857278414352289,0.6507801580364787,0.729363512435017,0.6500499114004822,0.7457290011562502,0.6370421352634236,0.7488792560645713,0.7623510464622727,0.6981193522845561,0.8623897184625609,0.8536785423974443,1.9833269658923827,1.851499485233629,2.3758179752902766,2.391575696817567,1.8416634875341686,1.8168521021273953,1.9280019785525517,1.8209301022428996,1.8387498985126864,2.0416608615804144,1.3731732964007615,1.3535747618050822,1.341906977415327,1.3220735775890113,1.1461018113680157,1.7972519874764448,1.5932623052697243,1.0894795875497865,1.8236533648168434,1.5477823744760446,1.144383219531738,1.6076939276218716,1.4705096335485381,1.5070250376531285,1.9029591390240437,1.5815739784576666,1.690108427431019,1.565084401045374,1.8357437723706784,1.3666765466254391,0.8732770164882555,0.7929920647559686,1.0240999281580383,0.7427557243340266,1.061815467114347,0.7970504231539091,1.1514117615951711,0.895736684651651,1.357534365034147,1.1184157183664294,1.537136836082716,1.3374871491490044,1.3551350760120644,1.541082193195544,1.541220086075505,0.0,0.22349725811884416,0.3044116440760641,0.19814425727617702,0.23942919210434965,0.39478651228306993,0.3368246442701874,0.38397556325539306,0.5748411719637002,0.6313184730324988,0.6593618797345404,1.9276258673129751,2.0455705755620426,1.8177809225650927,1.857856279114923,2.078843994745144,2.3193937186531013,2.2852089923887045,2.5083338093963956,2.320620296805681,2.5604594185348146,2.263105131036758,2.3144084417709916,2.6159622073139954,2.8501183094948273,2.639743506036603,2.867388267309383,2.680333743638478,2.896848524253542,3.2326671117742722,3.3164432734613163,3.4803085284894917,3.340024465991573,3.50756959258512,3.368812659081021,3.5327265139374497,3.842492503999685,3.9103390139710212,1.8487689028960368,2.114995968172067,1.8207199151582274,2.978579595507026,2.784613061146523,3.0228280598477175,2.8188433109928672,3.8350441408506666,3.78359598540562,3.1533288831419117,2.797482804583049
0.8164121118803781,0.6892696888975083,0.844266864162105,0.6704303598289681,0.7549471766533798,0.8095405890696913,0.7866054841502893,0.8633876193374384,0.8034958423662285,0.8864434273543774,0.8017204988066498,0.8974275199565036,0.9135031883149923,0.8756395623016041,1.0133158273493017,1.0178791542794208,2.1973077024982226,2.0688524366420933,2.596358081669177,2.615072891322833,2.0585931775745956,2.0377435915422524,2.1481131924092955,2.0433160626770497,2.061440925567484,2.2645443597989092,1.5943990524687481,1.5738075440284334,1.5612860814748657,1.5394184596859593,1.3684039890279456,2.0189957973433694,1.8165517901467119,1.3096767998177878,2.0463487487699044,1.7709831926081252,1.360167943032866,1.8308460120108523,1.6918635468237786,1.7273752692456927,2.1263448532364695,1.7966193610300079,1.9023388931476277,1.7688162934396074,2.0498304281243236,1.5883561448273984,1.0961997580364244,1.0147518229081378,1.240373522480912,0.9134972671639715,1.275381501719454,0.9653057727248868,1.3629136319880173,1.0603603509884978,1.562740376112269,1.2797136855724625,1.750794203748489,1.5312337981973272,1.54238116217664,1.7478338313554667,1.7394898736436815,0.22349725811884416,0.0,0.16615813303709284,0.18654346798113014,0.2494397468271314,0.18116089173792269,0.18054993811411493,0.24517056867858605,0.40775444272397837,0.47306722889097375,0.5061192803224873,2.135049273993214,2.253974589293696,1.9981177983636116,2.035174212886562,2.27160607341751,2.52745915477772,2.4746811620028084,2.7132347165929795,2.5089657262312586,2.7654423126962535,2.4353199521524522,2.4875583428621506,2.7984072375223654,3.049950571968192,2.8204574812575047,3.0655546521805315,2.860995250672141,3.0943938950425545,3.4086197851230384,3.4859323955425783,3.6683100378141624,3.5084795826461646,3.695162859074535,3.536823971364495,3.719975295762742,4.012993709082398,4.079866353615612,2.0532100036357135,2.3283652573728357,2.016901794100787,3.1746145350945074,2.9634915151061345,3.2189798030315817,2.997005272270664,3.959623089398576,3.90816959115277,3.280736418826621,2.9292220339352637
0.9825588314582396,0.8416253812043638,0.9926534353964298,0.8182720650274603,0.8985155272543663,0.9585183446707862,0.9310627399632297,1.009052012997437,0.940414622478862,1.0295752898072497,0.9327767114440068,1.0371959513875175,1.052136121707486,0.9990617450393516,1.1524922171393912,1.1501257891209469,2.279181609435103,2.1429983173702563,2.6595251025250324,2.6539762296530682,2.133857462042461,2.1003884398547163,2.2136040647167237,2.0982754400586883,2.114189063204674,2.315225955253046,1.6568058662954765,1.640239564940254,1.6306647926095166,1.6146706938213238,1.396473794400941,2.0777280480416693,1.8638717416736055,1.3280691239560558,2.0991008381971548,1.80438964076951,1.364277107652547,1.8633782457553452,1.7124589189906876,1.7432669797048175,2.1614665849583066,1.7954047531666482,1.89380099610987,1.744729783984545,2.044886373158857,1.6486682091414302,1.1315458304659443,1.043640186120497,1.2471151279056656,0.8603057373492276,1.2750172762092362,0.9080885209912423,1.3569926154181449,0.9971948335248704,1.5428076657167153,1.2093141498992201,1.7464439402438077,1.4939684875573684,1.4965118296374986,1.72921200082068,1.706924661905246,0.3044116440760641,0.16615813303709284,0.0,0.13570985820273118,0.1657093803451643,0.2734176851145222,0.33136459519014516,0.39629891197325967,0.5291337588090794,0.5973037480409237,0.6322724133154053,2.115485937611417,2.235780924274938,1.9405210570196667,1.9739776259537707,2.2281054868283454,2.507608301287959,2.4259708255508015,2.686942226794618,2.458676819536194,2.739147887315675,2.366782537645129,2.4197982144841985,2.7399421539309126,3.014315926070625,2.7599140169466176,3.0273032306208743,2.8002766169021296,3.055136145737984,3.3413660886459455,3.4117819779112644,3.6147357347844244,3.4332530900606693,3.641024548080775,3.461105681911066,3.6653605412798145,3.9390215526217855,4.004818018950833,2.028643790949993,2.3205482610485113,1.979475071795049,3.1329384093325316,2.900469633827078,3.1773787200532593,2.933095451009773,3.848148283209962,3.796756430279098,3.1722047492377583,2.8244587229368467
0.9592764612993031,0.770644123474357,0.9135355183498031,0.7408587536982358,0.8142576085768811,0.880652572831908,0.8474658108480012,0.9260639117848445,0.8481524167523831,0.9432088523842072,0.8349596353769422,0.9468906238779169,0.9604568530932297,0.8941806256029239,1.0605222625023951,1.0513257914077054,2.1497240541404996,2.011644466973167,2.5258146458336093,2.5182830771288724,2.002774987684188,1.9668158040110864,2.0804482667810533,1.9636639934087792,1.979339020428999,2.1801354370397688,1.5234921637613383,1.5076739846714207,1.498713314319816,1.4841181400115862,1.2608032688360993,1.9435912898918974,1.7286323713441385,1.192821661324357,1.96425589631764,1.6686808608853334,1.2306346177021885,1.727676612972463,1.5772089128653275,1.6084181533300868,2.0257567830358427,1.6629976052584237,1.7629686060458594,1.6179219402859673,1.913364348686952,1.5150211917810896,0.9959311789136022,0.9079306986800038,1.1129870023745374,0.7431086248352733,1.1419969399336811,0.7930701037636377,1.225114007048495,0.8856117573436689,1.4145631579212945,1.102360253749304,1.6146121769064277,1.3714071363190619,1.3774488674316554,1.6007896956676888,1.582886626277834,0.19814425727617702,0.18654346798113014,0.13570985820273118,0.0,0.06433634137461541,0.3539597553071727,0.3655398367851704,0.4289402748315437,0.5936541704152672,0.6594128726117461,0.692609848468652,1.9876174773900588,2.107595248638366,1.8274015910149213,1.8627366788802309,2.1087069293992395,2.3800268873289903,2.3089393719551063,2.561410048102281,2.3423765806961354,2.613637040664333,2.2598117369377624,2.312409562967474,2.6277056565142467,2.892163673384989,2.6487510824188822,2.906153342540023,2.689220008810716,2.934389311613745,3.2340073217802643,3.308467787916973,3.500364277843732,3.3306013872055296,3.52692830494011,3.358763232583943,3.551498646576234,3.83570086844807,3.902163094872202,1.9022135581609798,2.1897860458943477,1.857472922632264,3.0131859497502527,2.7906637039159565,3.0576094587469904,2.8237777708299654,3.7732199033435414,3.721768619281602,3.0945235618531743,2.7433898019983287
1.0191278877143726,0.8184126181591781,0.9573142954362616,0.7862372056059358,0.8561786859196936,0.9251133306653293,0.8895257427453587,0.9680492174234646,0.885858326588506,0.9835107147965629,0.8695796836612749,0.9851795999054136,0.9979609519547621,0.9239668774045463,1.09749702620407,1.0844061637617028,2.1525785210446036,2.011243406401255,2.5196777589281396,2.5019838304467195,2.0029013311825454,1.9613790323176703,2.076033718632003,1.954893894451529,1.9695898527864986,2.1691516670733786,1.5191729915523289,1.50521821079034,1.49762592142112,1.4857800202955933,1.242690705962853,1.936494298810374,1.7171279825949017,1.1709862520400773,1.9545384431803674,1.6515117109452324,1.2029403308031015,1.7100141160390956,1.5550747970381147,1.5843539974957577,2.0085822712260364,1.6323007498539948,1.7294544685632083,1.5791126288619184,1.8809677379935559,1.509800006952961,0.9823304448118636,0.8921627724571757,1.0867583016727969,0.6957340274355767,1.1128478006935358,0.7442656625742797,1.1935661364557093,0.8348250972297439,1.377470133207918,1.0493644117570309,1.5828330569247566,1.328424011501181,1.331668519891992,1.563896388854607,1.5412501766705675,0.23942919210434965,0.2494397468271314,0.1657093803451643,0.06433634137461541,0.0,0.4111515499609584,0.4292190088349484,0.4929034943059557,0.6551377573412598,0.7213867651590072,0.7548730927039308,1.9500116971647108,2.070366259340368,1.777862953507472,1.8121667613394459,2.0632694023736113,2.3420654080859764,2.2618719133635192,2.5212331324662176,2.2948361043185552,2.5734386357829027,2.2071999318056683,2.2599992060152503,2.5777840701941415,2.8489121722249195,2.5982540075058793,2.8620922064210115,2.638671053752928,2.8900145172624407,3.181684629668197,3.254399306694094,3.451719517252097,3.276268725043938,3.47812341001855,3.3043105928517784,3.5025588173297457,3.781672700176452,3.8478720427590685,1.8629790535599786,2.156098893698525,1.8140516081362124,2.9680632207184794,2.739481724225425,3.012500958334207,2.772355508663773,3.7115295793640595,3.66008491243271,3.0332565589097467,2.682732840697267
0.79072906560616,0.7492680865399107,0.9093264289131645,0.7423971162719898,0.8330927361730945,0.874151106601491,0.8619608948972228,0.9340897049410706,0.8925690162027358,0.9618622407238873,0.9002745137102452,0.9790739883389915,0.996858816607837,0.9831892022412781,1.0936757890686581,1.1099217960898788,2.336227386391826,2.2139988106628405,2.7476965554591297,2.779620281540875,2.2029634930290936,2.1906520117746213,2.298927382148084,2.2007303734066097,2.220028594663956,2.423805737621143,1.7489787699474928,1.7260100128560356,1.711657674607889,1.6859142561168035,1.5398072713252702,2.174312590379381,1.978581803078875,1.4842513452513533,2.204970486778784,1.939319486795519,1.5380100421961544,1.9993954019542508,1.8649045138303644,1.9017555922150569,2.2932735464917116,1.9749167814854325,2.0817574414146827,1.9497862941714648,2.22859005424564,1.744195268005731,1.2661542362472133,1.187340303965779,1.4179231041703297,1.0923964620056217,1.4541741342166712,1.1436206888795635,1.5424263566361238,1.2376743015381881,1.74353588258538,1.4556587933775136,1.9296790585505903,1.7122708784734804,1.7228630042554243,1.9284612262274454,1.9206494444112836,0.39478651228306993,0.18116089173792269,0.2734176851145222,0.3539597553071727,0.4111515499609584,0.0,0.12957162085608648,0.17212333680253825,0.25679555163187684,0.3251474275331564,0.36042508750087926,2.315627252817632,2.434396808497483,2.1773386433538,2.213789727898299,2.452464649977257,2.7079678473743933,2.6551669134290483,2.8941738542779696,2.6893012182577154,2.946376279121195,2.612554036793587,2.6649916308296193,2.9777281590864377,3.2311109285834374,2.9994374669053117,3.2466865046991247,3.039953543798193,3.275503966428376,3.586391486032445,3.6620010578244866,3.8484370945207536,3.684249645196363,3.8752242835149175,3.7124576800556155,3.899979801668204,4.189196423860434,4.255778201200635,2.234147724443392,2.507442611927791,2.198001185950147,3.3556476158434796,3.1420502376678026,3.400018130541377,3.1753984170209812,4.118615183682562,4.067197998474923,3.4415724842142654,3.092284639305947
0.6732957279068824,0.6202424145024168,0.7803854300898108,0.6146528701490911,0.7058854181306579,0.7452330268848095,0.7342422748817983,0.8056234225467689,0.7671200242756221,0.833884612097178,0.7770591350493118,0.8519454538023983,0.869960511308374,0.8621784478510113,0.9660876641337903,0.984342156397222,2.225286440997873,2.1070714618407176,2.6446148975181187,2.6892646572982843,2.095537740138668,2.0895199039161745,2.1959605330337775,2.103548840885458,2.123941763608601,2.3280825070764672,1.6501628202961067,1.6252490649258546,1.609476892938131,1.5809363587960343,1.4617192214623864,2.0752610289616413,1.88651854123922,1.4124179195306021,2.1089415770069895,1.8552612110158433,1.4743248093681667,1.9155120209554528,1.7887609959424011,1.828201655412816,2.20658169449373,1.9114779302515654,2.0224378870497177,1.9013080665283513,2.1663170444109574,1.646510861536931,1.186967810876182,1.1131069170005474,1.3538265706131891,1.0708047508618035,1.3940688957420924,1.1240559238201748,1.484950564836271,1.2211632286168108,1.6935131236380077,1.4425781762798153,1.8684698276953753,1.6740504096583786,1.6905269745753544,1.8764750611257088,1.878039968085038,0.3368246442701874,0.18054993811411493,0.33136459519014516,0.3655398367851704,0.4292190088349484,0.12957162085608648,0.0,0.06530663056783532,0.23986784286239402,0.300667274750066,0.3317908501922609,2.2625414025831962,2.3799843514152323,2.1514398989915096,2.190459976822743,2.4154459245692523,2.65384674971193,2.621386224183367,2.8439621084296203,2.6565989861216672,2.896049755244043,2.5938459219379055,2.6455718126386603,2.9505680503916363,3.1867429715193643,2.9738279392433062,3.2041549896849513,3.0144115817880737,3.233645241013622,3.565224412863795,3.6463083228057003,3.816371916879207,3.6694162429260593,3.843558802955762,3.6980020180064623,3.868650930285376,4.17291613688775,4.240336595284605,2.1847199332641694,2.4459930745162786,2.1575298005667802,3.3154041780522636,3.1181272009870598,3.359652620899479,3.1521167197636846,4.1359350786405225,4.084473131788964,3.456299362835828,3.103667063404007
0.6190992723449731,0.5959681920042182,0.755827790585931,0.5956675443746349,0.6879418946416249,0.720930386940998,0.7146400815093906,0.7831046204501093,0.75311512662037,0.8130260307363205,0.7672925057888763,0.8335523733428007,0.8521103764440374,0.8555357734264459,0.9460216697627278,0.9691880720240058,2.22797906509259,2.1136923424724627,2.654154550495972,2.708355376056482,2.101714751768526,2.101125012287018,2.205948289605772,2.118231693822571,2.13942450087832,2.3436409016523814,1.6641951530576713,1.6377799873627226,1.620873080942505,1.5899980510347906,1.4899926272162716,2.0885362353619916,1.9051812666835224,1.4442858802971363,2.12448305487001,1.8792598573293087,1.5102272198192195,1.9395397275615818,1.817565432111545,1.858394316572046,2.22849536163603,1.946807565822508,2.0596129378190953,1.9434103421638593,2.2019371268708,1.6614238037555535,1.2153312529188036,1.1445342572999233,1.3897948358712995,1.1238934658178568,1.4318536425062398,1.1776010947139988,1.5237594309735274,1.2753662469820475,1.735236404973222,1.4973652005219853,1.9049319017193882,1.7204685844169811,1.7390339480349686,1.9171185489264664,1.9225359170839067,0.38397556325539306,0.24517056867858605,0.39629891197325967,0.4289402748315437,0.4929034943059557,0.17212333680253825,0.06530663056783532,0.0,0.19280828166238786,0.24735947759766233,0.2761052596778903,2.3023163992088134,2.419076993819331,2.2016680505714623,2.2414883190900325,2.461606750781037,2.6928798413600843,2.6686065374157137,2.8845957360088725,2.704186175832158,2.936606946084403,2.646076641246756,2.697560746229578,2.999935443559021,3.2296509974751815,3.023702988410063,3.247791952444096,3.064293039715111,3.2775367429744633,3.616344508809815,3.6990889589980775,3.8637552849400016,3.7224458618694167,3.891077687523265,3.7511360834345924,3.9162830348504682,4.2254101573600815,4.293069645311096,2.2261386333447812,2.4817723536392626,2.202580326872312,3.3598965062614776,3.1685008400051298,3.4040815121259334,3.202686190517311,4.196615566456528,4.145150854801363,3.5165769814809225,3.1633470070617986
0.6349152723618839,0.7154501843615401,0.8695915316279323,0.7267377621995404,0.8184112301632217,0.8362502213643547,0.8408719646711186,0.9010588902756483,0.8900578679041927,0.9341531310850165,0.9119860125143676,0.9597712991454873,0.9791621816063492,1.0044068905439478,1.0665051102494092,1.1001324803783752,2.3856748715879745,2.2777650544079,2.821766986505557,2.887942755293269,2.2651404997562965,2.272257235304015,2.374735184541241,2.2932541873278542,2.3153845125984867,2.519474995922112,1.8391350758961371,1.8109298172701085,1.7926173894747581,1.7587162906703697,1.6784604691600362,2.2618494950825587,2.0849906718145426,1.6348153423712455,2.300530198430944,2.064195346922812,1.7022934493027317,2.1244512061703618,2.0061505007872684,2.047815222766824,2.4112777009415023,2.1386000236866396,2.2519287954024683,2.1361831912073685,2.3937864588236595,1.8374153255974717,1.4041299927411826,1.3350671976902644,1.5819113927353086,1.310599992195487,1.6243788974063424,1.363762198146492,1.7164325799836897,1.4606709815897265,1.9280272337973163,1.681809021543726,2.097081279313781,1.9122170305373611,1.929722254844551,2.1099208195346155,2.1149311785544644,0.5748411719637002,0.40775444272397837,0.5291337588090794,0.5936541704152672,0.6551377573412598,0.25679555163187684,0.23986784286239402,0.19280828166238786,0.0,0.06835614787895078,0.10372279355125595,2.495058546522627,2.6117365410338578,2.391163478288428,2.4302974118666576,2.653503475916416,2.8855213848605126,2.8600498405162784,3.077388776291059,2.8954458061584076,3.1293958674686366,2.8336889639756206,2.8854307998955635,3.190106373657667,3.422371382572258,3.2134963036696345,3.4404089918021334,3.2540820738576772,3.470108311933777,3.8050787882644,3.886064823915281,4.055147749826168,3.9091212103780504,4.082401457256015,3.9376819924785464,4.107548005122011,4.412715035989223,4.480095737753783,2.4189447282341217,2.673640195653602,2.39484095620555,3.5523404375822665,3.3578943732753364,3.5965412687020115,3.391913606654575,4.366656795608154,4.3152107406951,3.688163629727456,3.336931897949025
0.604366086624115,0.7208884673148196,0.8706920097706797,0.7368904601049581,0.8271441352208827,0.838359363752977,0.8475195521476286,0.9035751901192178,0.9009547149575934,0.9376978187125686,0.926310624164719,0.9652856953422945,0.9848831900726579,1.0200949780967978,1.0687382629432687,1.1067391104376365,2.402464835560321,2.298464597626953,2.8442601385598922,2.919148984440604,2.2854560791801926,2.2975383295751772,2.3983455098957003,2.3212740588564995,2.344083326641459,2.547923788346406,1.8675823505607883,1.8381441556894207,1.8188905974558938,1.7830377471411982,1.7192738592412105,2.2886607545664726,2.116914738009467,1.6785940869102653,2.329306923002665,2.100760277160238,1.7491659508454735,2.1609470416896426,2.046856996219798,2.0896242340766706,2.445539207316046,2.184566101849977,2.299328748235254,2.1876489687592646,2.439804426812888,1.8666346710027903,1.4456637098135654,1.3791467002233024,1.6289961901817538,1.3705389206712728,1.6728191739628007,1.4240389272635883,1.7655720493596745,1.5214460615327232,1.979297240755346,1.7430688438577395,2.1440090785119637,1.9671655735491198,1.9862791760434988,2.1602284724969376,2.168312736334031,0.6313184730324988,0.47306722889097375,0.5973037480409237,0.6594128726117461,0.7213867651590072,0.3251474275331564,0.300667274750066,0.24735947759766233,0.06835614787895078,0.0,0.03550855619977339,2.544472350968499,2.6605350062268123,2.4490251129281644,2.4887853912448463,2.7080985704076848,2.934166000020266,2.9154787812022156,3.1273248136745972,2.9511693229220937,3.1792540642322,2.8931298200695235,2.94468242681533,3.2472575226996807,3.474154148158959,3.2710579431705744,3.4928028280476107,3.311648072585843,3.522711999786616,3.863645800629155,3.945974067541325,4.110629009151473,3.969230736578497,4.137994682589413,3.997875987739185,4.163234697391437,4.472403869212403,4.539979364815646,2.4697400768237414,2.719628138001206,2.448588503457932,3.6054385367107575,3.4158572093048503,3.6495809124418113,3.450034590701678,4.4326326283821125,4.381181182794433,3.7538011941254457,3.4021042227972136
0.5874189262339238,0.722357546727435,0.8694684716795078,0.7407468615248102,0.8299946688395281,0.8377416204570834,0.8492346976426902,0.9030100160126521,0.9047475863407055,0.937592510251354,0.9318286915902044,0.966147412724779,0.9858142814018687,1.0261448947304153,1.0677103356075126,1.1079247223110047,2.408088644906474,2.3061846382775593,2.852787094610018,2.9323181361137727,2.2929774355238597,2.307687815022748,2.4075767042695935,2.332875158059423,2.3560402541712424,2.5596924573247377,1.8795790828364949,1.8494994557027098,1.8297558962317735,1.7928876645411616,1.7379673449517885,2.2996273730643844,2.1306688510276843,1.698913981405722,2.341309797318652,2.1170152969605827,1.771150000196741,2.177146035761865,2.065372618952861,2.1087275777720937,2.4604545761999153,2.2059253901839475,2.3214569376069107,2.212071967802714,2.4611387580479125,1.8790427185736667,1.4648858846655588,1.3997824212628085,1.6511422325375715,1.3999968123246591,1.695693489967572,1.4536805408941103,1.7888008544087397,1.5513596685383604,2.0036542735458642,1.7732327228313172,2.1659094763385567,1.9936053559109967,2.0136385506925887,2.184006533773071,2.193822611472,0.6593618797345404,0.5061192803224873,0.6322724133154053,0.692609848468652,0.7548730927039308,0.36042508750087926,0.3317908501922609,0.2761052596778903,0.10372279355125595,0.03550855619977339,0.0,2.5676811070372736,2.6833815374276333,2.4770812166265688,2.5172065990246724,2.7342281655833554,2.9568903706815792,2.94207015512034,3.150755209239206,2.9779286756659036,3.2026353665241225,2.9220856924937815,2.9735215151507552,3.274830350129017,3.498602970992032,3.298871439177363,3.5175995973278003,3.3394617082288445,3.5476268603419205,3.8920277726733485,3.9751621136426665,4.137176246562322,3.998539801631052,4.16460621476721,4.027235573432664,4.1898998616378265,4.501441837696351,4.569133985738275,2.493737044904672,2.740898503789891,2.474263303963937,3.6306316299782795,3.4439000135649285,3.674737534087777,3.4781695289231127,4.46571993660761,4.414265175573497,3.786658815122637,3.434648530576755
2.4111047608016936,2.0409142095328883,2.0066530445364186,1.992501207218015,1.9500515279760002,2.010702411705355,1.9591013603029077,1.9756868560245944,1.8850770190381172,1.9479403850999955,1.8340088458379817,1.9112198544397463,1.8992847815635994,1.7599508505233956,1.9096767349546233,1.8315047138824028,1.3628447733817604,1.2111867910057093,1.2897401289036026,0.9774097181299168,1.2238145315273203,1.0484179480262068,1.1148602947192092,0.94813177728387,0.9223164117197646,0.9513013442720452,1.0516979679643055,1.0971902336286359,1.1298883538207176,1.1945363891431875,0.8914493116506172,0.9934556555934049,0.8483590347353877,0.893375029231972,0.9197736702728638,0.7077899573594407,0.8015674438634389,0.6811733571123689,0.6250387254414376,0.5659349092421294,0.7035557689626217,0.3941245203883712,0.2638098736267654,0.3726266374848099,0.19986773224753446,1.032015702252596,1.1335542166309314,1.179504786161238,0.9194835240979813,1.2727844753303272,0.8722171134441911,1.2350491669655943,0.7789073710944272,1.1689578777139202,0.5730992118210748,1.022355001944461,0.4164628930580672,0.6432176673509344,0.672301883341373,0.38725690080304653,0.43004610650208286,1.9276258673129751,2.135049273993214,2.115485937611417,1.9876174773900588,1.9500116971647108,2.315627252817632,2.2625414025831962,2.3023163992088134,2.495058546522627,2.544472350968499,2.5676811070372736,0.0,0.12105977178794704,0.5062677504937736,0.5469195790133995,0.34424334358886755,0.3925365198367333,0.5226397025401002,0.5834410532992669,0.5635933322214667,0.6351411976116255,0.744169462187472,0.7616101802104581,0.8699190689887669,0.9408826444537812,0.9087963698188292,0.9663730574936483,0.9436055172897205,0.9986230238014652,1.4826867011430818,1.6170900478028623,1.6253928250166427,1.6479533196506886,1.6545386264064945,1.6782802621981008,1.681230492659623,2.101006841062358,2.173267373719355,0.10548552682452907,0.2541431430830655,0.25835510483854496,1.0870959841563943,1.0518078483858393,1.1296187208137938,1.0888689801129925,2.495680533091703,2.4500952435019956,1.8869360785889662,1.5684738237445721
2.5160906653464044,2.1467080468121598,2.107727903600092,2.098860685241247,2.0539946789302252,2.112891900675953,2.062032666210704,2.0761086182673205,1.9876811581294538,2.0475811508640884,1.9369669259037106,2.010514687228166,1.9980274432902927,1.8608390849549499,2.0047033402147227,1.9264361406081207,1.3781747175040213,1.23519964489515,1.260744624415005,0.9236652215805801,1.249079375727662,1.0731599892650474,1.1284523963833804,0.9711510592946334,0.9427901546265076,0.9456173728267282,1.1221920794335807,1.1682974330558433,1.201268069296015,1.2663222285480447,0.9930903927488806,1.0198087788283656,0.9007763225056497,1.0015027044852707,0.9421678888394017,0.7728090594639768,0.9143450258009547,0.7386944032348813,0.709450406316547,0.6511870388973086,0.7120745868958186,0.4940328278187639,0.3673583740885535,0.4936586955994889,0.2616089403995816,1.103693621998499,1.242152174591892,1.291479947190065,1.033290856990328,1.393838651408732,0.9877245770742759,1.3560821127232872,0.895319949016671,1.2896283826173656,0.6930601596187326,1.1403621087497986,0.5235240485599431,0.7637446358607859,0.7909317771068574,0.5068235808548169,0.5497684654040251,2.0455705755620426,2.253974589293696,2.235780924274938,2.107595248638366,2.070366259340368,2.434396808497483,2.3799843514152323,2.419076993819331,2.6117365410338578,2.6605350062268123,2.6833815374276333,0.12105977178794704,0.0,0.581802136126879,0.614662652547394,0.34840829067697837,0.2738624032779299,0.48549407005654427,0.47128714648656006,0.5239401642170312,0.5222150745176158,0.7458798530706111,0.7548736664148478,0.8131318171086819,0.835106449550664,0.8539238052842655,0.863560986995303,0.8859952693601673,0.8965137595457746,1.4094835863261972,1.550720504947408,1.5300865668497705,1.5823269989557165,1.5594523758304462,1.6124673193173469,1.5863033235301585,2.0227063179523546,2.095112763033952,0.22025007196874086,0.1637608014319737,0.35040435433186196,0.9864293739526951,0.9913083092493057,1.0280541060422013,1.0278406916794642,2.4645471666867977,2.420152124684142,1.8737502567714575,1.5680545477906822
2.438838816214299,2.072295391313746,2.0772429437233813,2.02059638766547,2.00017980307413,2.072639774231246,2.017033954792371,2.052215485844567,1.9483466090437078,2.0311615995703254,1.8965225839477873,1.9982691778743804,1.9907068079324395,1.8414502546827938,2.025855587323542,1.951234891170249,1.788369032484049,1.622817860792752,1.780151544114166,1.482925253847155,1.6323092713065568,1.4643580741571756,1.5502212568155282,1.3717752771654612,1.351959325367884,1.4208569223053236,1.3373882594902986,1.3770647818634099,1.4063360603972992,1.4649849203791723,1.0368556966107463,1.4083699770666154,1.20958873276486,0.987641768890267,1.3459047778714341,1.046498119835691,0.8658058192045365,1.0449106196865805,0.907581597274182,0.8570799338082968,1.1626369298409798,0.6714927757388546,0.5870899645936957,0.4417141806674801,0.6528515189689696,1.3147033924805305,1.193144236075584,1.200060117628496,0.9509100307496295,1.084962051549785,0.8891682287394003,1.0343347398464457,0.800829645931747,0.9433262325435642,0.5832257362392872,0.7373514225822286,0.644590136781021,0.5075424859578548,0.46830799676751095,0.5023380131251574,0.37927495991023463,1.8177809225650927,1.9981177983636116,1.9405210570196667,1.8274015910149213,1.777862953507472,2.1773386433538,2.1514398989915096,2.2016680505714623,2.391163478288428,2.4490251129281644,2.4770812166265688,0.5062677504937736,0.581802136126879,0.0,0.058042252740680485,0.33757104814547306,0.75608816215125,0.49703053538259406,0.8581165245406718,0.5249972480054155,0.9051784300666017,0.45888581010392443,0.5059332776656652,0.8004061054862263,1.1153650959340329,0.8225203390811688,1.118082549679699,0.8630888472018317,1.1418879720214141,1.415563681806534,1.5069558236708205,1.6743322591652638,1.5323746308668194,1.700532250446223,1.5618916701203023,1.7248400436407139,2.0297796961950842,2.098822206424979,0.41761948630833734,0.7443889680636986,0.2529771863981973,1.2111860406700814,0.9668338589002704,1.2552645883023656,1.0011119804973698,2.2021924316218096,2.1531057336474597,1.544733931869066,1.1954086742706285
2.4876898259267164,2.121962626713968,2.1290536810592986,2.0701697890259285,2.0510442264416504,2.124009146849678,2.068287778942297,2.1043658380669186,2.000005296468349,2.083673530303041,1.9482412909171007,2.051016630971961,2.0436710266470737,1.8942100638713022,2.07985792036864,2.0054869527936647,1.843106724580555,1.678165931177563,1.8276290569428968,1.524305762975718,1.6878228063250789,1.519286740321602,1.6040634257640025,1.4261203820095647,1.4058933929328024,1.471365128477849,1.3954050257777078,1.4351026162693126,1.4643782403325623,1.5230180664077073,1.093810407110124,1.463272227472328,1.266306419319474,1.0434346761820592,1.4000525049506778,1.1034877836283348,0.9212789082142758,1.1011933155937697,0.9652791780924243,0.9145328097539297,1.2138046584622906,0.7283465349155779,0.6415438974320531,0.49971937781855896,0.7015792841917355,1.3727255118476849,1.246749837610397,1.2517816043040546,1.0045731727482665,1.1216802786478897,0.9426327908113028,1.0701740573647127,0.855224828696329,0.9773789468453613,0.6394265715971761,0.7668885764162866,0.7021617528253519,0.5581348111323067,0.5145374071152935,0.560323079350383,0.4368180146631647,1.857856279114923,2.035174212886562,1.9739776259537707,1.8627366788802309,1.8121667613394459,2.213789727898299,2.190459976822743,2.2414883190900325,2.4302974118666576,2.4887853912448463,2.5172065990246724,0.5469195790133995,0.614662652547394,0.058042252740680485,0.0,0.34212227033291415,0.7720235602241439,0.4796738902640588,0.860895115998019,0.5041195331827979,0.9063667853115012,0.4104464177059795,0.45931241418024077,0.7661384082065975,1.1019267056877613,0.7860934084678447,1.102057445467748,0.8265280487600773,1.1246194781250949,1.3748607974447986,1.4622136211441765,1.6429451499136523,1.4870954846301097,1.668730593367624,1.5164318634989336,1.6926930798931004,1.9864083548540121,2.055027989079809,0.46316451205014986,0.7782238199847,0.299943257814815,1.1910049945108792,0.928317646278566,1.234787953288135,0.961913656755358,2.145438133257506,2.0962661364473467,1.4870464993620978,1.1374180366172657
2.6400009717685617,2.269207383146558,2.2533646292965726,2.2188008156779495,2.1866966508309833,2.2534156639512393,2.1995261300809505,2.224896431223263,2.1273945098939517,2.1999867455962923,2.0755168661997887,2.1647051528460586,2.1546408163648625,2.009568714897407,2.1759919757169874,2.0987135150484586,1.7066151629546256,1.5554187358914038,1.6091263192111132,1.2673861737651697,1.5680019473549986,1.3926531693831523,1.4581979754592889,1.2923546780316477,1.2663961447135728,1.2875132961505134,1.3717060739025915,1.416010721919051,1.4480591226105282,1.5116050841968938,1.1542847693100526,1.3376546076142377,1.1854030019945696,1.1326192297038042,1.2639670740205324,1.0375187251585396,1.0221973759763654,1.0166776035571472,0.9344390120548417,0.8761289530244041,1.04495464685995,0.687691689299984,0.5637571787053425,0.5475657022531039,0.5427217155247741,1.3508330639716735,1.3632620694418094,1.3909107214716059,1.1286090626646426,1.3678298873800143,1.0719198706371873,1.3211115749373956,0.9765974359605232,1.237402136854895,0.7481953806302167,1.0469495936290107,0.6890288576151518,0.7414014618376413,0.7316063303020595,0.5939556665520103,0.5436426064023677,2.078843994745144,2.27160607341751,2.2281054868283454,2.1087069293992395,2.0632694023736113,2.452464649977257,2.4154459245692523,2.461606750781037,2.653503475916416,2.7080985704076848,2.7342281655833554,0.34424334358886755,0.34840829067697837,0.33757104814547306,0.34212227033291415,0.0,0.4368380919624251,0.21472324263143933,0.5206700379931506,0.2548255976782174,0.5676129406045456,0.4016966808658289,0.41737973149047913,0.5707503052604986,0.7929371927707701,0.6045507595872593,0.8015050220802545,0.643036565554965,0.8282036129736422,1.200676863979647,1.3194545473705621,1.4039778544349197,1.348636295205227,1.4317675226481692,1.3790006405473754,1.4573974207108573,1.8236897584793057,1.8950743300759372,0.32551056165060444,0.5027175342601609,0.2642226212248654,0.9048378308132454,0.7531549424936008,0.9492789755606881,0.7901934563237428,2.155447816602832,2.109346585728139,1.5426928135278635,1.2264156042677181
2.780958779537988,2.4126948098641727,2.368617656902725,2.365455503783238,2.3181344737415355,2.3750426000977716,2.325066927020724,2.3362855976141232,2.250446151401987,2.3068858855481174,2.200183256430384,2.2694694343036645,2.2563478127813075,2.12187650550801,2.25844694689586,2.180230588035805,1.5082317087006958,1.384583634181645,1.3016279295266862,0.9196858939026678,1.4003919299685383,1.228200767348435,1.2616330797534958,1.1265804353961821,1.0948689092956234,1.0488582622534237,1.3481833637533194,1.3945397741580856,1.4274893142255174,1.4923799706940606,1.257223169674047,1.1793240738841002,1.1054210476059143,1.2710766048697544,1.0976051381707574,0.9983106856485018,1.1869657477320157,0.9555009114258876,0.9590649438165352,0.9027717975159973,0.8554770896813954,0.760587544574658,0.6376517322084309,0.763263130062429,0.5129100938234605,1.3315677692157486,1.5116643114244743,1.5633441903154273,1.306301259346176,1.66169303278607,1.261355070241306,1.6223449340305065,1.1691396862468824,1.5523385130278586,0.9656009104929386,1.3919216687756966,0.7941452537153706,1.0270187566552482,1.046674880872308,0.7797732115332375,0.8111614883587969,2.3193937186531013,2.52745915477772,2.507608301287959,2.3800268873289903,2.3420654080859764,2.7079678473743933,2.65384674971193,2.6928798413600843,2.8855213848605126,2.934166000020266,2.9568903706815792,0.3925365198367333,0.2738624032779299,0.75608816215125,0.7720235602241439,0.4368380919624251,0.0,0.4460364968963831,0.20922875958776513,0.4699364443609998,0.25649918085621476,0.7569912445079953,0.7462580365286876,0.6799639949071351,0.5795730385353168,0.7227214959696531,0.6140051231343279,0.7460466994389212,0.647944169505347,1.2163528325263893,1.3705644308089369,1.2889832708814157,1.4033591585521712,1.3185913904854252,1.432674920787917,1.3455865516339176,1.8125475703012164,1.884815339662211,0.481318267760966,0.26121131391090174,0.5727916885621372,0.7396026725587773,0.838962491927981,0.7787980874906869,0.8726907283674653,2.351932411369517,2.31050897024333,1.807570432543176,1.5363116946366742
2.8545021103333665,2.4837645243437154,2.468003417934958,2.4333068345070026,2.4014140553680234,2.468120416179607,2.414245461511734,2.4394633853228966,2.342093972460962,2.4144462389322268,2.2902209484651834,2.379092457783975,2.3689323047478417,2.224071582782984,2.3894946253120493,2.3120903750145545,1.863561391966952,1.7202074051881024,1.7196308172838743,1.352954750644667,1.7338849911407341,1.5579204062200767,1.6138024124344852,1.4561049530424994,1.4280470727498713,1.4260215284246271,1.5703521854414546,1.6153315973071252,1.647749512634849,1.7119170851706407,1.3670558364378311,1.5041795939883003,1.370740533512494,1.3470185898062357,1.4271864951200155,1.2296506567079732,1.2369138309286942,1.2038078763376543,1.1365436690804416,1.0776655680513114,1.197342836813691,0.8926499729300603,0.7653205118387796,0.7622803511971018,0.7212025094527097,1.5500620048484668,1.5779833652618522,1.6052836959407362,1.3431584946852566,1.5662377296618486,1.286233990918613,1.5178850044444483,1.1910069257387506,1.4308128402155005,0.962412748559429,1.2314563096368016,0.8981508947440234,0.9485263730221805,0.932308922981886,0.8081819171498058,0.7562526391635511,2.2852089923887045,2.4746811620028084,2.4259708255508015,2.3089393719551063,2.2618719133635192,2.6551669134290483,2.621386224183367,2.6686065374157137,2.8600498405162784,2.9154787812022156,2.94207015512034,0.5226397025401002,0.48549407005654427,0.49703053538259406,0.4796738902640588,0.21472324263143933,0.4460364968963831,0.0,0.4351622108387879,0.04154346120866242,0.46971173372213343,0.3132968991491385,0.30023405949271115,0.357573121375612,0.622876357840416,0.39304934551813153,0.6224112564178057,0.4305801031412662,0.6453503111673742,0.9863867993847342,1.1079051579754513,1.1951527613523978,1.1375773243604894,1.2225365864804545,1.1679702721704002,1.2478482133886748,1.609378238998365,1.6808586987459744,0.5280522964842024,0.6093330253942006,0.4784378708830944,0.714288300747812,0.5406381079711001,0.7584395275785292,0.5778068596049447,1.979568577041506,1.9349430876213214,1.3928100403507206,1.100967260747692
2.9861911931031018,2.6172526512569663,2.5755051790515173,2.569623004242852,2.5236887987764276,2.581472553284149,2.5311279800317417,2.5434004473830716,2.456609442106355,2.514256757402678,2.40614587707292,2.476931800042039,2.4639759831168884,2.328670522389928,2.466985687227121,2.3887496421531287,1.6904347367630572,1.5746936440087629,1.4455925510160892,1.0493338144436897,1.5910441473513197,1.4213076612980184,1.4471101393876693,1.3206614542845185,1.288242106965976,1.2259408870819875,1.5566278110026963,1.6029705125279894,1.635891442340886,1.700714589783838,1.4624970877221275,1.374176393919746,1.3113754376588658,1.4727826107110495,1.2919545690621004,1.2070740070929564,1.3845202537198193,1.1635591424789764,1.167653704325835,1.111049671674796,1.0493305793720227,0.9642277700931436,0.838603174255346,0.9444398615156051,0.7201763435092345,1.5402022713963155,1.7134366698064623,1.7621435421317109,1.502814205631253,1.8338841498775933,1.4555836322244817,1.7919264378321573,1.3619915737681252,1.7167558415294124,1.1509655816273816,1.5432780675057998,0.994809939432864,1.1962067992343777,1.2066155298861914,0.967540406380922,0.9810786464687774,2.5083338093963956,2.7132347165929795,2.686942226794618,2.561410048102281,2.5212331324662176,2.8941738542779696,2.8439621084296203,2.8845957360088725,3.077388776291059,3.1273248136745972,3.150755209239206,0.5834410532992669,0.47128714648656006,0.8581165245406718,0.860895115998019,0.5206700379931506,0.20922875958776513,0.4351622108387879,0.0,0.44110893030039433,0.05223029182491357,0.7391983206168466,0.7141303925401421,0.5520836534043666,0.37034485367563774,0.593273952633189,0.40537605938494736,0.6079289226424262,0.43942150018048504,1.0286410442445963,1.1887701661206074,1.080886210070586,1.2219556460948502,1.1105128907528,1.2505534737534212,1.1375105936096974,1.6135759347398042,1.685617800783139,0.6600266420101509,0.4686981225720248,0.7200152600504426,0.5312038075934501,0.6864218193671101,0.569896958816081,0.7167307366583849,2.2038238884816432,2.1645039608695926,1.6948923123663049,1.4525703242615464
2.89380747519344,2.5231557588054745,2.5081570594336506,2.472628100821786,2.4411882702489867,2.5081193082608917,2.4541685715304054,2.4797173151428713,2.382112453551245,2.454808819065262,2.3302237651470876,2.4195135694540104,2.4094202302671377,2.2643941236730365,2.4303294073780513,2.3529625177726574,1.9015266909618345,1.759053830299833,1.751937492130959,1.3822626466120698,1.772835829270654,1.5968839352779245,1.651741168813082,1.4949711375292662,1.4667214392019794,1.4621726154027392,1.6117841411680238,1.656783679164026,1.689211712628914,1.753395094016231,1.4080555026786699,1.543291005728699,1.4114801322444523,1.3874257734559214,1.4660168855225766,1.2708346579246825,1.2768785709569277,1.2447123397870128,1.1780767908179843,1.1191935989864852,1.2352590610260783,0.9341821846167676,0.8068613648262292,0.8022797442042885,0.761862730861112,1.5915142921385417,1.6179001714074843,1.6444868034988656,1.3825878811054333,1.599418923255781,1.325408069170713,1.5506410480310102,1.230286331170962,1.462730057967853,1.0015543332600267,1.261360876922947,0.9395394426787118,0.9847254957521955,0.9666920432701167,0.8486840432501138,0.7945687932284723,2.320620296805681,2.5089657262312586,2.458676819536194,2.3423765806961354,2.2948361043185552,2.6893012182577154,2.6565989861216672,2.704186175832158,2.8954458061584076,2.9511693229220937,2.9779286756659036,0.5635933322214667,0.5239401642170312,0.5249972480054155,0.5041195331827979,0.2548255976782174,0.4699364443609998,0.04154346120866242,0.44110893030039433,0.0,0.4719536421396821,0.2989428976830776,0.27936737653332766,0.3164664892801328,0.6030635773183712,0.3516289051687628,0.5996211171914025,0.3893163757411978,0.6211319464258018,0.9458715498878063,1.066578685074488,1.1597910388042079,1.0961958593481964,1.1869645121927437,1.1265872705972393,1.2121077672155516,1.568884793145935,1.6402985065086448,0.5695831285504248,0.644007133457601,0.5177956496518018,0.6870209742097391,0.4994118176888054,0.7309116074363796,0.536561443038415,1.940640870334047,1.8962120693276776,1.3578737240309582,1.0705287407175728
3.0361141544953516,2.6673932972160075,2.624696758760947,2.6198813213511114,2.5734796640839463,2.6308935611818027,2.580713510103059,2.59246567018576,2.5061484796208684,2.5631683784592108,2.4557694993701773,2.525784747711475,2.5127182411998974,2.3779056970436643,2.5149321454714313,2.4367190068527895,1.7204007548337823,1.6080041365726734,1.4630104374035586,1.0639333086649372,1.6245703526198683,1.4560966314334833,1.4786717427597373,1.3560122609373528,1.3233230897581278,1.254751268879134,1.6008398078283836,1.6471512495961984,1.680024108869742,1.7447396654233966,1.5123315557482635,1.4098092772778863,1.3532561520474775,1.523562431662241,1.3274648587879148,1.251888911134082,1.4359375822072709,1.207432111728973,1.2155548194516148,1.1592611768627237,1.0850379834742285,1.0144648014697937,0.8893682999020711,0.9966555136142575,0.7690294829499166,1.584702443765266,1.7642302063861626,1.8134440999487176,1.554366731134016,1.885947042757693,1.507345171725258,1.8438981140466633,1.4138456112382352,1.7685014672613455,1.203129682142585,1.5942421162090326,1.0456858770216244,1.2482529431407785,1.258260937271218,1.0195995577911496,1.033194069846082,2.5604594185348146,2.7654423126962535,2.739147887315675,2.613637040664333,2.5734386357829027,2.946376279121195,2.896049755244043,2.936606946084403,3.1293958674686366,3.1792540642322,3.2026353665241225,0.6351411976116255,0.5222150745176158,0.9051784300666017,0.9063667853115012,0.5676129406045456,0.25649918085621476,0.46971173372213343,0.05223029182491357,0.4719536421396821,0.0,0.7675855153425963,0.739666472529912,0.553235907446676,0.32510140751908745,0.5932089221985332,0.3629134117936001,0.6045165716628706,0.39707187608167527,1.00094847328798,1.1636467823285925,1.0383022791118752,1.1969433972759511,1.0679382229056777,1.2251362636408571,1.0949230217987085,1.5785469117697128,1.6503918963734716,0.7122323609035901,0.5130296309890893,0.77135790062421,0.48882382984755135,0.6765330641386845,0.5262317497740258,0.7051753291244234,2.190786814843181,2.152250196224211,1.694246309597849,1.4609327348209646
2.8975598115237533,2.5311789915303615,2.535106546683241,2.479473634495988,2.4587945854341253,2.530916528570496,2.4754055368988714,2.5096823939304613,2.406386594777057,2.48811910836057,2.354513252165414,2.454849870750551,2.446895280188732,2.298066630152034,2.4795225524181124,2.4041762041896604,2.106954310356207,1.953742906256354,2.0042776646662475,1.6501799301569797,1.965902541993134,1.7911111859718964,1.8590134662280395,1.6915069929048565,1.6661834736832597,1.6888673117405162,1.739904095948874,1.7825554864720756,1.81361516142237,1.875392809053709,1.4765013033933116,1.7357821117277972,1.5726314783909499,1.435929768261249,1.6633326462498956,1.4186874426150418,1.316117378778156,1.4034660395126615,1.3008648965181642,1.2447119685078614,1.4464951279507778,1.0529239813175508,0.9394651072201083,0.8622761439680584,0.9401372374885684,1.7181014025144898,1.6485532623502555,1.658228250549241,1.4065328955320744,1.523176666367561,1.345284397659318,1.4704298070720276,1.2550543259560947,1.3750073136823562,1.0318497331393246,1.1578381463339815,1.0420266909420612,0.9664204991635422,0.9249783625260838,0.9191523524984733,0.8210446449991358,2.263105131036758,2.4353199521524522,2.366782537645129,2.2598117369377624,2.2071999318056683,2.612554036793587,2.5938459219379055,2.646076641246756,2.8336889639756206,2.8931298200695235,2.9220856924937815,0.744169462187472,0.7458798530706111,0.45888581010392443,0.4104464177059795,0.4016966808658289,0.7569912445079953,0.3132968991491385,0.7391983206168466,0.2989428976830776,0.7675855153425963,0.0,0.054104298995893606,0.40527436089812013,0.8458945473623146,0.4120913761093349,0.8295336971945528,0.4499260713147333,0.8430355208956304,0.9745853414947465,1.053673996012464,1.2735048006234337,1.0779100139522435,1.2973339446813026,1.1070464708948793,1.3196849129501351,1.5793877250128383,1.6473365225762406,0.7091125963197363,0.8912351489316054,0.591540152590435,0.8885879852882401,0.5397378610495981,0.928877586593624,0.5700164291932928,1.776061823405835,1.7285278951887835,1.1461100999445104,0.8247530336856184
2.94462783663601,2.5776783890686845,2.579782165492638,2.526050122510544,2.5043462291968424,2.5760055892060487,2.5206134300665486,2.5540338949040717,2.4512460503221165,2.5321093129925196,2.3993340837607615,2.4986041399867838,2.490416695959611,2.3418790421981197,2.521781516584527,2.446149939744432,2.1237877169960435,1.972739859620389,2.008703348171262,1.6489866686601682,1.9852559746848653,1.8099828671862666,1.8751435489911634,1.709733532742867,1.683742333037462,1.700134569863862,1.770690532082844,1.8137822903692276,1.845105193782019,1.9073491215167715,1.5151821285929004,1.754930652667136,1.5975319048595733,1.4769370381875049,1.6813455417716971,1.4455506451928806,1.3578975585410922,1.4283922321565843,1.331454758965568,1.2746893190555395,1.4610245488293347,1.0831502736115657,0.966870853617252,0.8996013590559392,0.9595856648281965,1.7490905936467558,1.691955526926045,1.7033798992029785,1.450199311990526,1.5750664986041203,1.3892393210111331,1.5224825842894143,1.2982644149403009,1.4273505995672056,1.0736850430373053,1.2106815460768459,1.0746241633408384,1.012964984673871,0.9734069952962888,0.9554903262922484,0.8621632249502171,2.3144084417709916,2.4875583428621506,2.4197982144841985,2.312409562967474,2.2599992060152503,2.6649916308296193,2.6455718126386603,2.697560746229578,2.8854307998955635,2.94468242681533,2.9735215151507552,0.7616101802104581,0.7548736664148478,0.5059332776656652,0.45931241418024077,0.41737973149047913,0.7462580365286876,0.30023405949271115,0.7141303925401421,0.27936737653332766,0.739666472529912,0.054104298995893606,0.0,0.3528070052711235,0.8019517693297286,0.35848370701787274,0.7838040912424776,0.39608329851959395,0.7962163413753597,0.92168542369604,1.0031696014666118,1.2194587967581059,1.0278412509124863,1.2432580468992807,1.0571401906390243,1.2655920633503033,1.5282328285376086,1.5964618307834428,0.7333684262058636,0.8949680628976302,0.6240904077100714,0.8393942940503101,0.4856750974498177,0.8792046861501087,0.5160854940587435,1.7460636089220272,1.699059077907852,1.1253473541664913,0.81326658608427
3.206009902683117,2.8357391549163986,2.8231363500455777,2.7849763706512882,2.755063695919629,2.822665728908225,2.768498669511385,2.7949607622245005,2.6967302050622566,2.7703184135096857,2.6448032840144298,2.7351584957664627,2.7252090683964614,2.5798229184255135,2.7466777872055292,2.669348125275676,2.174978175981323,2.040775973883157,1.9800143781182198,1.5915060307051418,2.0554557550535297,1.880211122698132,1.9259303796172618,1.777841442601799,1.7480500488541835,1.7227263056994502,1.9214713941705548,1.9668440858835354,1.9994675162388111,2.0639737122183734,1.7245184538885194,1.8281349123814203,1.7123373354216689,1.7031370206685983,1.7486998583439208,1.5771311997734363,1.5915881938536198,1.5477487037201811,1.4906731919870009,1.4316200745890253,1.5115941505271824,1.2486030345203687,1.1202265404225167,1.117321752570747,1.0642763112031226,1.90162252102972,1.9323712694393669,1.9567221758308533,1.6957091540591163,1.8853657355331144,1.6377528913051167,1.8346717824891698,1.543043853419131,1.7429821792595543,1.3141151168521166,1.53279885495805,1.2554278483609598,1.286752046560272,1.2613299141865475,1.164670924765121,1.1049450223806108,2.6159622073139954,2.7984072375223654,2.7399421539309126,2.6277056565142467,2.5777840701941415,2.9777281590864377,2.9505680503916363,2.999935443559021,3.190106373657667,3.2472575226996807,3.274830350129017,0.8699190689887669,0.8131318171086819,0.8004061054862263,0.7661384082065975,0.5707503052604986,0.6799639949071351,0.357573121375612,0.5520836534043666,0.3164664892801328,0.553235907446676,0.40527436089812013,0.3528070052711235,0.0,0.4915318840084438,0.04275988440239684,0.4619228287346962,0.07372189408016382,0.46694294301719924,0.6306844860143094,0.7506772124862743,0.8782424908480104,0.7806497352845937,0.9035055824190157,0.8110446009151977,0.9271238094685538,1.2534998679061375,1.3246952033789556,0.8843152849639996,0.9063324306522387,0.8318001820503595,0.4960983918156372,0.1832297759691793,0.533405664013012,0.22044062562775682,1.672469103766784,1.630723631507471,1.1428113340434467,0.912982477152206
3.35085467654348,2.9811106821725613,2.942652310681735,2.9329569076372692,2.88899168472987,2.9479783511771687,2.8971355603517996,2.910872506618611,2.8227873546269273,2.882090817497871,2.7720663919651995,2.8449003957534655,2.832175583917186,2.695761962989684,2.8364302946721645,2.7581743887656267,2.02536384429763,1.920616263229404,1.73270783800307,1.3288826484684377,1.9375821317707005,1.771799513420128,1.7879311160495392,1.6728727281455134,1.6397903110174779,1.5586158384208328,1.9259294781531897,1.9722440449348746,2.005120454106131,2.0698405287168584,1.828196031504639,1.727046298022379,1.6777734273932285,1.834162909854584,1.6446441900606024,1.576845892021419,1.7411635080707168,1.5325335042154655,1.537349435563875,1.480437775466955,1.4030525724871148,1.329103370260827,1.2014288024406012,1.2865350038435155,1.0889710315451877,1.9097514366045016,2.074430230101307,2.1192208992854518,1.8577533320718973,2.155301680273142,1.8079053744497118,2.110132219017883,1.7131085370406167,2.028662687855173,1.4949501155861682,1.8398109087026024,1.3565559661906355,1.520774461049182,1.5198825714704167,1.3161825258827473,1.3104653200929015,2.8501183094948273,3.049950571968192,3.014315926070625,2.892163673384989,2.8489121722249195,3.2311109285834374,3.1867429715193643,3.2296509974751815,3.422371382572258,3.474154148158959,3.498602970992032,0.9408826444537812,0.835106449550664,1.1153650959340329,1.1019267056877613,0.7929371927707701,0.5795730385353168,0.622876357840416,0.37034485367563774,0.6030635773183712,0.32510140751908745,0.8458945473623146,0.8019517693297286,0.4915318840084438,0.0,0.5159396011955473,0.05113311313511123,0.5042803609414369,0.08055178474444087,0.7265676487698426,0.8975727292222673,0.71435638342735,0.9307347801094847,0.7439752055402349,0.9565480849862074,0.7709229896176865,1.269952289014369,1.340985742725644,1.005953227321634,0.8380265001642556,1.0348636358552559,0.167846655382262,0.524481876662296,0.20200807985599276,0.5391816532147542,1.969935067318459,1.935638759647749,1.5465939369945514,1.3727857163056845
3.2359823633187332,2.865978450996418,2.855024998820166,2.8150905557832377,2.7861185049878507,2.8541987979777845,2.7998742444928135,2.827092513678276,2.728334606141065,2.8027195426844385,2.6763845212217086,2.7677116461707656,2.7579340602280156,2.612160258583836,2.7803612359022085,2.703151913482573,2.2172472908923564,2.0826466475626875,2.022682840885103,1.6339233853359423,2.097277982415396,1.9219625193110088,1.968138864282615,1.8195997064725289,1.7898898434637747,1.7653039601814857,1.9600060312808558,2.005286202182396,2.037860389304084,2.102283228760929,1.7588245897658956,1.8697824990690057,1.7524587809702308,1.7359216008028628,1.7904628852383777,1.6163509676951193,1.6235018965531867,1.587514981427061,1.528261245978238,1.4692587452303194,1.5536267092620146,1.285371843583647,1.1574471991747508,1.1497284560382524,1.1039275425696156,1.9400436055769845,1.9640026526025258,1.986969599214054,1.7265446080367985,1.9070723993018777,1.6681866046478893,1.8559572889093745,1.5737455669096094,1.7634720483389783,1.3448533213135012,1.5516373299253714,1.2911671469778014,1.3135347927419938,1.2860724249892317,1.197965226734451,1.13488094828022,2.639743506036603,2.8204574812575047,2.7599140169466176,2.6487510824188822,2.5982540075058793,2.9994374669053117,2.9738279392433062,3.023702988410063,3.2134963036696345,3.2710579431705744,3.298871439177363,0.9087963698188292,0.8539238052842655,0.8225203390811688,0.7860934084678447,0.6045507595872593,0.7227214959696531,0.39304934551813153,0.593273952633189,0.3516289051687628,0.5932089221985332,0.4120913761093349,0.35848370701787274,0.04275988440239684,0.5159396011955473,0.0,0.48332906087559496,0.040590430932053674,0.48564585729426885,0.6001968326089081,0.7150864371761001,0.8634078391453798,0.7445861115733525,0.8879440385908753,0.7749752624818458,0.9109673247298062,1.2221244191222762,1.2929997022760402,0.9208507627140788,0.9486005205162634,0.8638279896060367,0.5075884727075998,0.1491050494909236,0.5428517982873892,0.18587350361852806,1.6297355277863486,1.5879696539672212,1.1017581400209309,0.8768544852279724
3.377433229456788,3.0072872321337645,2.971091896598061,2.9588421359011035,2.9160987987209235,2.9759158753778263,2.9247229222787365,2.939590415052925,2.8505163663233466,2.9111340053888908,2.7996270552591995,2.874075564091167,2.861573589113727,2.7242187561397997,2.8672818196222156,2.7890108704485344,2.0711918178716533,1.9647471849807987,1.782269230040004,1.3785231268206826,1.981611310668627,1.8150059775521776,1.832826615147059,1.715673486547326,1.682714398883374,1.6044691302999694,1.9619781510747545,2.008324188122034,2.0412506384898483,2.106083474834711,1.8560287476665802,1.7697296206725155,1.716009109907381,1.8595893254063203,1.6873271462540809,1.6122890624970623,1.7645948949075858,1.5689341657933684,1.5689807733163366,1.51166316393675,1.4453619847780514,1.3569250409648437,1.2283892954800744,1.3059842380489661,1.1199058140013416,1.94549232240567,2.0994799966940496,2.1424719068322995,1.8803797600591463,2.1675367230618274,1.8296087625813158,2.1216420635343956,1.7345073435174991,2.038809260375886,1.5144219260169738,1.846944074657464,1.3827260931407266,1.5349743872999975,1.5314464196980082,1.3375091658754494,1.3264824425670974,2.867388267309383,3.0655546521805315,3.0273032306208743,2.906153342540023,2.8620922064210115,3.2466865046991247,3.2041549896849513,3.247791952444096,3.4404089918021334,3.4928028280476107,3.5175995973278003,0.9663730574936483,0.863560986995303,1.118082549679699,1.102057445467748,0.8015050220802545,0.6140051231343279,0.6224112564178057,0.40537605938494736,0.5996211171914025,0.3629134117936001,0.8295336971945528,0.7838040912424776,0.4619228287346962,0.05113311313511123,0.48332906087559496,0.0,0.4687017597497798,0.03415895339830869,0.6757869101913638,0.8466148848551164,0.6756454877289121,0.879794817441616,0.70527906493432,0.9056931596058497,0.7322736739876825,1.2237014522081857,1.294967604212708,1.0275490771333236,0.8740732224687545,1.0488798699007493,0.12594959789581212,0.4817269859728815,0.16506254110483082,0.49462368479339663,1.9190284045236503,1.8848380438048116,1.499649513498567,1.331459840449764
3.2759118190909735,2.905839523386331,2.894399891273713,2.854982006177123,2.8257571745672734,2.8936914336801207,2.8394160407675404,2.866382181562288,2.767802733036698,2.8419105263309175,2.7158595026702526,2.8068446245111693,2.7969999905435463,2.6513725586247148,2.8190163498127485,2.7417497318173836,2.2451059715633654,2.1120043158440542,2.0436725534479487,1.652867523607868,2.126786207219428,1.9516946771144381,1.9962796042167334,1.8493189260039078,1.8193650230881027,1.7914408821621348,1.9951807942199986,2.0405591588560683,2.0731848829985466,2.137693871427886,1.7971580969450216,1.899813917992076,1.7855968689489536,1.7749442711304524,1.8201702785806824,1.6507398653073566,1.6628435656229856,1.6211832246062068,1.5643594126488796,1.505311198964103,1.5824864557393543,1.322141729646464,1.1938544761306598,1.188869676465487,1.1377735634766242,1.9753388162544292,2.0034488257063785,2.0268152015345025,1.7662264911478536,1.9475971849423175,1.7079759317212313,1.8964544448609837,1.613459687824276,1.803904673072864,1.3845475551027244,1.591888913091574,1.3286604089491139,1.3539658390192268,1.326643865468886,1.2367523725844711,1.1747699465868346,2.680333743638478,2.860995250672141,2.8002766169021296,2.689220008810716,2.638671053752928,3.039953543798193,3.0144115817880737,3.064293039715111,3.2540820738576772,3.311648072585843,3.3394617082288445,0.9436055172897205,0.8859952693601673,0.8630888472018317,0.8265280487600773,0.643036565554965,0.7460466994389212,0.4305801031412662,0.6079289226424262,0.3893163757411978,0.6045165716628706,0.4499260713147333,0.39608329851959395,0.07372189408016382,0.5042803609414369,0.040590430932053674,0.4687017597497798,0.0,0.46834431834218376,0.5602297886677956,0.6773607160680946,0.8243414898891372,0.7071912520849465,0.8486692409542558,0.7375871919618341,0.8715318210178633,1.182477230256653,1.2534583517254008,0.9577802777977498,0.9766617990014645,0.9030791453124524,0.4838225175812345,0.11013317508646031,0.5173152542952009,0.1472486968222538,1.605985683382974,1.5648528692460595,1.09003196258279,0.8768892363155933
3.4097277816163754,3.039490647902981,3.0038434126399145,2.990971931433005,2.9485385593500486,3.0085519812144446,2.9572781678509568,2.972405170590718,2.883107575045567,2.944020972550254,2.8321801618328255,2.9069920901859567,2.8945380161571435,2.7569818377805304,2.9005376963751996,2.822265752511915,2.1044649026166313,1.9984704777816138,1.813245518913242,1.4094115617354122,2.0153555251532613,1.8488929281979258,1.8663707663049676,1.7496172341669856,1.7166407263188028,1.637725483942786,1.9959858898681617,2.042333914710171,2.0752641690014175,2.140105606848311,1.8886942746368411,1.8036895560564914,1.750150911776894,1.8916644782938457,1.7212858760144085,1.646248412363098,1.7961365130160631,1.60297813252673,1.6024271954515081,1.5450437034273647,1.4793611768702257,1.3896396614392212,1.260927467575427,1.3364026011292391,1.153275696086105,1.9794725335044798,2.131435191784773,2.1739232416532155,1.9116748067801164,2.1951595395574883,1.8606336470442275,2.148978760406647,1.7654521597344714,2.0655965482450602,1.5447963806892997,1.8724702468560541,1.4150482286616577,1.5634888247390106,1.5589339430539135,1.3685064966643543,1.3557269713958608,2.896848524253542,3.0943938950425545,3.055136145737984,2.934389311613745,2.8900145172624407,3.275503966428376,3.233645241013622,3.2775367429744633,3.470108311933777,3.522711999786616,3.5476268603419205,0.9986230238014652,0.8965137595457746,1.1418879720214141,1.1246194781250949,0.8282036129736422,0.647944169505347,0.6453503111673742,0.43942150018048504,0.6211319464258018,0.39707187608167527,0.8430355208956304,0.7962163413753597,0.46694294301719924,0.08055178474444087,0.48564585729426885,0.03415895339830869,0.46834431834218376,0.0,0.6471442302920037,0.8186269571141188,0.6415355825209307,0.8517157562013046,0.6711680113785576,0.8772602681820256,0.6981636202265212,1.190506117528814,1.2616888992264441,1.0587225779886509,0.9081181355800809,1.0775153264998072,0.09181860823458195,0.4735074743730379,0.13160551250622166,0.4840047608044858,1.894885501667919,1.8611948561819969,1.4844192599874964,1.3235652842120904
3.83614054737072,3.4660583452403535,3.4537295778772727,3.4152099186224913,3.3857210524873698,3.453339823736186,3.399182998559746,3.4254522400147325,3.327395790939136,3.4006512413777994,3.2754727256860563,3.365381567988038,3.35528690588724,3.2102087002389315,3.375531108258903,3.298013472404967,2.718972863252396,2.6003250011770342,2.4543389401773275,2.0512651080359454,2.6163120281242898,2.4445298285552597,2.4748731542552416,2.342932388853517,2.3111988409731965,2.2545279473414825,2.530877529443198,2.5768213061744074,2.6097227333291553,2.674675420788001,2.3526124543084963,2.395618567074711,2.307157508116777,2.3332945033065893,2.3139517814288277,2.182202984136463,2.2222160777845645,2.1476464806972912,2.1076188876209527,2.0484865947851403,2.071796559606747,1.8701861957973829,1.7403465528944875,1.7478269050708375,1.669119017380019,2.5119486821707886,2.563042571272001,2.5870300665073334,2.3262913869254898,2.4955340919791396,2.268158629734933,2.4433338867904872,2.173571180493638,2.348721174073242,1.9446452121995017,2.1323575510664363,1.880573776238248,1.9124308734146147,1.8823516717163449,1.7945379061079871,1.7349994388973076,3.2326671117742722,3.4086197851230384,3.3413660886459455,3.2340073217802643,3.181684629668197,3.586391486032445,3.565224412863795,3.616344508809815,3.8050787882644,3.863645800629155,3.8920277726733485,1.4826867011430818,1.4094835863261972,1.415563681806534,1.3748607974447986,1.200676863979647,1.2163528325263893,0.9863867993847342,1.0286410442445963,0.9458715498878063,1.00094847328798,0.9745853414947465,0.92168542369604,0.6306844860143094,0.7265676487698426,0.6001968326089081,0.6757869101913638,0.5602297886677956,0.6471442302920037,0.0,0.1730488828355897,0.40875961444448067,0.20553053962095008,0.41830154271866954,0.2301882983816126,0.4292960223747517,0.6230135359666303,0.694482152986137,1.5080641065294944,1.4711455368583566,1.4624593717652254,0.5759815469638392,0.4516187799773349,0.5654120879722023,0.4158739613578398,1.2675159059494037,1.2382562660110716,0.9813836830297692,0.963583285940826
3.9410087743530426,3.5721986814970066,3.5659783591937857,3.5209361207173644,3.494912124587559,3.5642625202016,3.5095491042164633,3.5386210269779115,3.4386442454323736,3.51483769641191,3.3866622121429253,3.4801474864163895,3.4707008710800817,3.324211700655967,3.4945852527762566,3.4175207303986705,2.8771209931841444,2.7550442782144047,2.621566047078551,2.2190470226756442,2.770750913738107,2.597889521685104,2.63168623966088,2.4959352355744517,2.4646135285443096,2.414087814439428,2.668366430408893,2.714023193832024,2.7467881276040806,2.811522930105256,2.4737042726959664,2.548116405278499,2.451071814266799,2.4491661654417776,2.466864181867428,2.321595907691606,2.335273773180011,2.2893065402855854,2.2402039019814923,2.1810903289980095,2.225401645783638,1.999108327048037,1.8703963347729566,1.8628394462396096,1.8077969680545243,2.648913011330601,2.674870482449656,2.694147213706641,2.435725042243116,2.5755171698006962,2.376387920055212,2.522317855448384,2.2828141442755245,2.4258897435940385,2.0544306646600377,2.2063937279336887,2.0060205701102443,2.010851794544792,1.9752532501412077,1.9121579690348007,1.8430329331960296,3.3164432734613163,3.4859323955425783,3.4117819779112644,3.308467787916973,3.254399306694094,3.6620010578244866,3.6463083228057003,3.6990889589980775,3.886064823915281,3.945974067541325,3.9751621136426665,1.6170900478028623,1.550720504947408,1.5069558236708205,1.4622136211441765,1.3194545473705621,1.3705644308089369,1.1079051579754513,1.1887701661206074,1.066578685074488,1.1636467823285925,1.053673996012464,1.0031696014666118,0.7506772124862743,0.8975727292222673,0.7150864371761001,0.8466148848551164,0.6773607160680946,0.8186269571141188,0.1730488828355897,0.0,0.513099751117842,0.033372780639671494,0.5136908337685825,0.06213342265668975,0.5164799770815334,0.5272754732086673,0.5940316578861221,1.6349595998239606,1.6215852830473259,1.5768066026716356,0.7488183322847534,0.5674476200848919,0.738436559983073,0.5302370353545635,1.0967960915883967,1.0686893617145452,0.8583577822372487,0.8965950463756848
4.030883169818644,3.659875251234187,3.6312572933056675,3.610464184276061,3.572076719537054,3.6345142484869606,3.582272099600141,3.6006322527054873,3.508634129099922,3.5731613865887635,3.457285580812007,3.5365238695705816,3.5246619692510386,3.384772552601112,3.534122377360486,3.455881921505473,2.7265940656262297,2.6289547400289464,2.399256623267171,1.9981936868084074,2.646212434211731,2.4827118811912383,2.4938079578278574,2.384674723071953,2.3513862330950204,2.2608500510787537,2.6371650830797546,2.6835222201469375,2.7164725843429647,2.7813590280329796,2.5165661471928003,2.439023035254296,2.3915555092654577,2.5127039368184034,2.356675366839874,2.287159213840302,2.41119849001332,2.2443565450349285,2.2389876061957086,2.1810300995272334,2.1158234043593995,2.019252099528737,1.8891844306093906,1.9414144298464908,1.789723262292041,2.620485321283709,2.7503678166781027,2.786495866997019,2.523283090111251,2.7572721976396193,2.4691744431197313,2.7076048366498595,2.373508144322673,2.617578586551938,2.147492458002346,2.409806302133378,2.0404699245426463,2.143574853534524,2.126356975808324,1.9797224408368195,1.9471181620419007,3.4803085284894917,3.6683100378141624,3.6147357347844244,3.500364277843732,3.451719517252097,3.8484370945207536,3.816371916879207,3.8637552849400016,4.055147749826168,4.110629009151473,4.137176246562322,1.6253928250166427,1.5300865668497705,1.6743322591652638,1.6429451499136523,1.4039778544349197,1.2889832708814157,1.1951527613523978,1.080886210070586,1.1597910388042079,1.0383022791118752,1.2735048006234337,1.2194587967581059,0.8782424908480104,0.71435638342735,0.8634078391453798,0.6756454877289121,0.8243414898891372,0.6415355825209307,0.40875961444448067,0.513099751117842,0.0,0.5309495316231079,0.02963607563348585,0.5359386631647427,0.05662818969097246,0.6066305283724436,0.6709252610978815,1.6745195708836937,1.5495345121327129,1.6664979654818994,0.5497200730913027,0.7369538126690938,0.5123890070553089,0.7110687463574062,1.5467657277831188,1.527080101391891,1.3707230368248684,1.3723387014106245
3.9676399143536507,3.599053169619224,3.593691149046025,3.547738047142811,3.522207080001069,3.5917913588732184,3.5370066925550563,3.566463897688314,3.466233142554789,3.5428230105435277,3.414249333712167,3.5082158982105884,3.498858662258965,3.352194134399504,3.5232311593675485,3.446234925824337,2.910109133651483,2.787776889406087,2.6549387999452305,2.252416017336445,2.803460088601717,2.6305160994722336,2.6645854514992866,2.5285365759054557,2.4972512086931027,2.447180487472513,2.6993887701382397,2.745008256171781,2.7777543472470665,2.8424579231905036,2.502759299925957,2.5806717670330186,2.4828133634730953,2.47754359154653,2.4994593529998355,2.352869955086782,2.3633024418406228,2.3208288734438236,2.2707178324484545,2.211616841481459,2.25806847724711,2.029237742748464,1.9006914559547534,1.8912718362821723,1.8390772858708295,2.679877763023556,2.7026572252826173,2.7212803762524476,2.4632373317817056,2.5986999687058727,2.403750076278477,2.5453649589886003,2.3103406734706677,2.448691900115657,2.0821017003552456,2.228803649132827,2.0357275402494026,2.0369680393913434,2.0005964345412623,1.940909637343705,1.8705496648277713,3.340024465991573,3.5084795826461646,3.4332530900606693,3.3306013872055296,3.276268725043938,3.684249645196363,3.6694162429260593,3.7224458618694167,3.9091212103780504,3.969230736578497,3.998539801631052,1.6479533196506886,1.5823269989557165,1.5323746308668194,1.4870954846301097,1.348636295205227,1.4033591585521712,1.1375773243604894,1.2219556460948502,1.0961958593481964,1.1969433972759511,1.0779100139522435,1.0278412509124863,0.7806497352845937,0.9307347801094847,0.7445861115733525,0.879794817441616,0.7071912520849465,0.8517157562013046,0.20553053962095008,0.033372780639671494,0.5309495316231079,0.0,0.52991112500309,0.030395940411665642,0.5311772391272774,0.5062159327557902,0.5716054509796284,1.664956416932948,1.6540429413849418,1.60528081160847,0.7814930805870217,0.5974697880821896,0.7706729735706828,0.5602560180056345,1.066544685648227,1.039034378531699,0.8437848908560548,0.8953070008199365
4.059618703641284,3.688595957124662,3.6602660857133373,3.639151301692046,3.6009297141479246,3.6634634217549604,3.6111838386100903,3.6296754894357086,3.5375706241815776,3.602243052489991,3.486207252339917,3.565622783702958,3.5537855856638774,3.41380586847154,3.563389113845325,3.4851516906664095,2.755645877990303,2.658280118649438,2.427168889105356,2.0263193970560973,2.675548753836954,2.5121451132479677,2.523045136628247,2.4141475999708595,2.3808510723620824,2.289972619958452,2.6667714318875104,2.7131289498150384,2.7460803378344156,2.8109691673967445,2.5456483922415334,2.4685024197598326,2.4211915623747418,2.541533335618138,2.386158672711907,2.3167534482204206,2.439822237144062,2.2739749587632216,2.2684085004260095,2.210431771007622,2.145343614148141,2.048437888414785,1.9183384179035416,1.969789186891433,1.8191597496636818,2.65008309490806,2.7790948615591784,2.8149787304941705,2.5517647496299958,2.78386362523169,2.497552718863203,2.7340811616247587,2.4018858554994496,2.6438387464671202,2.175731322625347,2.435618640340682,2.0695094214119116,2.1710336056541846,2.1533845839843058,2.008293112996761,1.9750395798279403,3.50756959258512,3.695162859074535,3.641024548080775,3.52692830494011,3.47812341001855,3.8752242835149175,3.843558802955762,3.891077687523265,4.082401457256015,4.137994682589413,4.16460621476721,1.6545386264064945,1.5594523758304462,1.700532250446223,1.668730593367624,1.4317675226481692,1.3185913904854252,1.2225365864804545,1.1105128907528,1.1869645121927437,1.0679382229056777,1.2973339446813026,1.2432580468992807,0.9035055824190157,0.7439752055402349,0.8879440385908753,0.70527906493432,0.8486692409542558,0.6711680113785576,0.41830154271866954,0.5136908337685825,0.02963607563348585,0.52991112500309,0.0,0.5332278231228577,0.026997887983367354,0.5823155188378356,0.6457210459213852,1.703318138005628,1.5791567923554577,1.6944767708933806,0.5793519328182565,0.7597853515493822,0.5420140049426495,0.7332071349074001,1.5348231239813144,1.5159886389576551,1.3720328172018619,1.3813159737543037
3.9974936136682464,3.6289702639057073,3.6238170363966415,3.577641195950142,3.55223737726744,3.6218764367848553,3.56707558354664,3.59661734570044,3.4963322863892263,3.573005231897681,3.4443482940213324,3.5384142792794018,3.5290737573429727,3.3823764185180636,3.553526139617928,3.4765396352541855,2.9391315706153134,2.817166669857889,2.6822663073854285,2.2795662359444795,2.8328770646515484,2.6600226328517724,2.693753512439351,2.5580686523464102,2.526746273265846,2.4759980299130033,2.7296906056049752,2.775317161074596,2.8080667160421164,2.872775864865414,2.533107101787927,2.610248423641667,2.512904715371836,2.5078005796631433,2.528997551236164,2.383114873337678,2.3934984286501573,2.351001003441704,2.3010892120815263,2.241986994674636,2.287532708454873,2.059630978971389,1.9310778396269852,1.921541209425947,1.869319028135111,2.7101902431544476,2.7328028806061146,2.751275596675304,2.4933250430480904,2.6273371264914727,2.4338036838691686,2.5739462312319623,2.3404329264905184,2.477171180631766,2.1122278578660514,2.2571193445605156,2.0661201364202864,2.0666902550845134,2.0300720815823885,1.9712242864574445,1.9006447508908422,3.368812659081021,3.536823971364495,3.461105681911066,3.358763232583943,3.3043105928517784,3.7124576800556155,3.6980020180064623,3.7511360834345924,3.9376819924785464,3.997875987739185,4.027235573432664,1.6782802621981008,1.6124673193173469,1.5618916701203023,1.5164318634989336,1.3790006405473754,1.432674920787917,1.1679702721704002,1.2505534737534212,1.1265872705972393,1.2251362636408571,1.1070464708948793,1.0571401906390243,0.8110446009151977,0.9565480849862074,0.7749752624818458,0.9056931596058497,0.7375871919618341,0.8772602681820256,0.2301882983816126,0.06213342265668975,0.5359386631647427,0.030395940411665642,0.5332278231228577,0.0,0.5329565707417305,0.47915254291735326,0.5437489741892323,1.6953519614712167,1.6837058996860474,1.635559176910247,0.8058128217343036,0.6278625486498669,0.7939624310130389,0.5906485183892324,1.0478464067113324,1.0213584942154248,0.8449466893672253,0.9085189282062347
4.085983711048728,3.714950107091482,3.6868466820959047,3.6654788345554588,3.62738881317486,3.6899977116365537,3.637689010225145,3.65628272815944,3.5640953046096264,3.628879841403084,3.5127204824604124,3.5922728165979696,3.580454447745396,3.440405887178969,3.5901650638719698,3.5119299554909365,2.781961279611263,2.6848803528866823,2.452366119549492,2.0517294944128475,2.7021606352180085,2.538862811322919,2.5495527234822464,2.440909900124644,2.40760436416199,2.3163628204369853,2.6937659185777627,2.7401235551503005,2.773075259934756,2.8379647858583197,2.572288168158336,2.4952720023317676,2.448177583418453,2.567977715773672,2.412932880630351,2.3437435134575897,2.466104888123135,2.3009724117909642,2.295295506446104,2.237305764842275,2.1721609718601598,2.075157311964631,1.9450348057499838,1.9958777878939227,1.8460579769903689,2.677074532333905,2.805457435381555,2.8411462580086555,2.5779331081359285,2.808467284645661,2.5236383939573965,2.758588774824065,2.4279719320795654,2.6681658326036315,2.2017078726319195,2.4595722177533084,2.0961187495524545,2.1963723514396154,2.1783663382828524,2.034537460306356,2.000761701666825,3.5327265139374497,3.719975295762742,3.6653605412798145,3.551498646576234,3.5025588173297457,3.899979801668204,3.868650930285376,3.9162830348504682,4.107548005122011,4.163234697391437,4.1898998616378265,1.681230492659623,1.5863033235301585,1.7248400436407139,1.6926930798931004,1.4573974207108573,1.3455865516339176,1.2478482133886748,1.1375105936096974,1.2121077672155516,1.0949230217987085,1.3196849129501351,1.2655920633503033,0.9271238094685538,0.7709229896176865,0.9109673247298062,0.7322736739876825,0.8715318210178633,0.6981636202265212,0.4292960223747517,0.5164799770815334,0.05662818969097246,0.5311772391272774,0.026997887983367354,0.5329565707417305,0.0,0.561087769152336,0.6235384312922135,1.7297450186760819,1.6061546448415394,1.7202515603532857,0.6063479137883284,0.781445371642969,0.5689727565371738,0.754306294918556,1.5250819115961882,1.507047798623202,1.3745503207828969,1.3907186020675257
4.457692057313005,4.087909872566481,4.0766356489883835,4.03694359468411,4.008226972132137,4.076109963106466,4.021875474382729,4.048419763232019,3.9501948612671796,4.023657045290825,3.8982607608107034,3.988394800160788,3.9782963033776064,3.83320566631268,3.9982551304418648,3.920679282747524,3.2948848528080967,3.1864112322138665,2.990836806743086,2.587719098358433,3.2030438074660808,3.034499768593114,3.0558493818641934,2.9341171729316238,2.9015824416570175,2.8281692444854154,3.1448212546153775,3.190964072070931,3.2239449587360673,3.2890097430389607,2.9751909632931266,2.9877138817104845,2.914331844677375,2.9563079402754284,2.905457130831037,2.7949182898070584,2.845086874440755,2.7580083376461064,2.725936950807119,2.6668729087194007,2.6628573824271085,2.4907163886584374,2.360531304904183,2.3707779670127134,2.283769759734515,3.1263982700120283,3.185831396372175,3.2089629805391438,2.948667563256037,3.1021161238924524,2.8902682092261407,3.0490516528045757,2.7958691094857637,2.9528272227028407,2.5669772456135806,2.733557123808412,2.502352363740415,2.530917611040112,2.4979000768083983,2.417544563980772,2.3568503117623534,3.842492503999685,4.012993709082398,3.9390215526217855,3.83570086844807,3.781672700176452,4.189196423860434,4.17291613688775,4.2254101573600815,4.412715035989223,4.472403869212403,4.501441837696351,2.101006841062358,2.0227063179523546,2.0297796961950842,1.9864083548540121,1.8236897584793057,1.8125475703012164,1.609378238998365,1.6135759347398042,1.568884793145935,1.5785469117697128,1.5793877250128383,1.5282328285376086,1.2534998679061375,1.269952289014369,1.2221244191222762,1.2237014522081857,1.182477230256653,1.190506117528814,0.6230135359666303,0.5272754732086673,0.6066305283724436,0.5062159327557902,0.5823155188378356,0.47915254291735326,0.561087769152336,0.0,0.07242682366482874,2.129742133905591,2.072038337229998,2.0852916538599824,1.1028015057254144,1.073095737313561,1.0747732051249181,1.0367071881088188,1.0785758188016092,1.0742397766037457,1.1670412173560762,1.3281698381918972
4.528150095795888,4.158490435271387,4.147793597720599,4.10748053138312,4.079103691210315,4.147149785405111,4.092862191020883,4.11965580262792,4.021258375937014,4.0949772435559275,3.9693165351857016,4.059760611246007,4.04971361157445,3.904500515945151,4.0699455856974724,3.992396611317506,3.3661470134553872,3.258153335791869,3.059983467090325,2.657067510213207,3.2748109928073403,3.1064147812719916,3.127387249369888,3.006088186748416,2.973527604679128,2.8994120767933875,3.217235398563934,3.2633762271576265,3.2963563848229858,3.3614202369670325,3.046937888964356,3.0597123932465173,2.9867297447041694,3.027685209412922,2.9774428008077933,2.867340550838739,2.916229938864,2.8304339756947976,2.7982190323683582,2.739149881728525,2.7348554402213074,2.56282816620191,2.432672442647096,2.442015934123638,2.356160643781279,3.1988057474507676,3.256900604163269,3.279605648698785,3.019508523824812,3.1695417855600914,2.9609956509086732,3.11634948231815,2.866680987121662,3.0198941052343997,2.6378158590034446,2.800251588074481,2.5742943544823746,2.600663043698615,2.5670473654705517,2.4889815788259,2.427514296306608,3.9103390139710212,4.079866353615612,4.004818018950833,3.902163094872202,3.8478720427590685,4.255778201200635,4.240336595284605,4.293069645311096,4.480095737753783,4.539979364815646,4.569133985738275,2.173267373719355,2.095112763033952,2.098822206424979,2.055027989079809,1.8950743300759372,1.884815339662211,1.6808586987459744,1.685617800783139,1.6402985065086448,1.6503918963734716,1.6473365225762406,1.5964618307834428,1.3246952033789556,1.340985742725644,1.2929997022760402,1.294967604212708,1.2534583517254008,1.2616888992264441,0.694482152986137,0.5940316578861221,0.6709252610978815,0.5716054509796284,0.6457210459213852,0.5437489741892323,0.6235384312922135,0.07242682366482874,0.0,2.201690680605475,2.144370017094781,2.1564290325836866,1.1736645156914816,1.1439223489876837,1.1451464028141833,1.107427262808913,1.0656161817099188,1.0647145969920284,1.1970971986364478,1.3737785664494642
2.3564477894215536,1.9855039892762603,1.9584737652789832,1.936267886586024,1.8976860467131529,1.9608730460518606,1.9082578128724461,1.9285171355995296,1.834872745413134,1.9019513516932296,1.7833790552886062,1.8658029577131972,1.8546789434174589,1.7125782548245312,1.8701832354850154,1.7923300700828788,1.4064043446532948,1.2486642635700742,1.3646590056134993,1.0671711987193953,1.2601639106694986,1.08662280116432,1.1614124872336065,0.9887793777831044,0.9653112176358847,1.0133239205168048,1.046255507191928,1.0906493582587242,1.1227651642415197,1.186454524458253,0.8472378835042406,1.0308719442304133,0.8641790266306854,0.8382513284100113,0.9612563473349752,0.7132422425879918,0.7381691261340074,0.6950283740918988,0.6096417133054595,0.5510864195773723,0.7588400095633138,0.36459977555705547,0.23843836736382332,0.284475571178686,0.2424439403609892,1.0254466931140187,1.0760316918546224,1.115491497317165,0.8529913200126925,1.180424969616344,0.802128497709671,1.1410711013270878,0.707187715374835,1.072120499702583,0.4912364504611185,0.9201194993808284,0.37261210044503296,0.5462688252595105,0.5708734975048118,0.3102297662464527,0.3309635105159882,1.8487689028960368,2.0532100036357135,2.028643790949993,1.9022135581609798,1.8629790535599786,2.234147724443392,2.1847199332641694,2.2261386333447812,2.4189447282341217,2.4697400768237414,2.493737044904672,0.10548552682452907,0.22025007196874086,0.41761948630833734,0.46316451205014986,0.32551056165060444,0.481318267760966,0.5280522964842024,0.6600266420101509,0.5695831285504248,0.7122323609035901,0.7091125963197363,0.7333684262058636,0.8843152849639996,1.005953227321634,0.9208507627140788,1.0275490771333236,0.9577802777977498,1.0587225779886509,1.5080641065294944,1.6349595998239606,1.6745195708836937,1.664956416932948,1.703318138005628,1.6953519614712167,1.7297450186760819,2.129742133905591,2.201690680605475,0.0,0.3594062490705189,0.16474554973149363,1.1448963055360424,1.067530270111316,1.1882904398451763,1.1047451679310283,2.477912100322398,2.4313601257709583,1.8551713926032456,1.5273484235408537
2.539826001593624,2.173794812388668,2.123133634045224,2.1276489653069537,2.076660648896057,2.1309572783457256,2.0821331601927584,2.0901081954842304,2.0073099895414295,2.059890836069611,1.9577081350974803,2.0222000201433943,2.008513485056998,1.8769826770660234,2.006998666431393,1.9289280496313475,1.2686495312264836,1.1365672377683098,1.1137476863234943,0.7647013933682193,1.1517184461908594,0.9775350226255242,1.019642273984588,0.8752983087773663,0.844558274508022,0.82004216407603,1.0880114715512805,1.1343442837743252,1.1672502026313445,1.2320462300493733,1.019676456586318,0.9269608369159377,0.8442773550924306,1.0439439295307118,0.8461655195066083,0.7388597517815323,0.9717147954960552,0.6948610668453419,0.7097776108556815,0.655626219570441,0.6064155379418784,0.5350814847855928,0.42681746008566995,0.6019298755094834,0.2798565527057748,1.071733998258615,1.2826853247984342,1.341528217788068,1.0922108754532815,1.4940984811637341,1.0533163273276231,1.4601060104955816,0.965770135364493,1.4005957150227906,0.7848253834468774,1.266564423892069,0.5778615755479496,0.8791441714143455,0.9162532889098182,0.60091467843025,0.6725390541626535,2.114995968172067,2.3283652573728357,2.3205482610485113,2.1897860458943477,2.156098893698525,2.507442611927791,2.4459930745162786,2.4817723536392626,2.673640195653602,2.719628138001206,2.740898503789891,0.2541431430830655,0.1637608014319737,0.7443889680636986,0.7782238199847,0.5027175342601609,0.26121131391090174,0.6093330253942006,0.4686981225720248,0.644007133457601,0.5130296309890893,0.8912351489316054,0.8949680628976302,0.9063324306522387,0.8380265001642556,0.9486005205162634,0.8740732224687545,0.9766617990014645,0.9081181355800809,1.4711455368583566,1.6215852830473259,1.5495345121327129,1.6540429413849418,1.5791567923554577,1.6837058996860474,1.6061546448415394,2.072038337229998,2.144370017094781,0.3594062490705189,0.0,0.5068598430733975,0.9998919242018738,1.076397541302767,1.0384733342507424,1.1116586951623253,2.5745208540273947,2.5314362632270284,2.001833816277865,1.7067921332323523
2.376079788144166,2.0053806637698943,1.991364567044424,1.9548887146198048,1.9235560030729244,1.990883557842547,1.936771662336337,1.9633030786466503,1.8649364794577108,1.9388933908472739,1.813013750677676,1.9039163186047672,1.8942192298142204,1.7483322917649378,1.9180212487663217,1.8411350585893704,1.552975721575891,1.3912107559584228,1.5279050085142802,1.2314139504562627,1.4017693761294228,1.230538881857875,1.310938428265855,1.1350597725551483,1.1133715596445555,1.1721775864726753,1.148491863647312,1.191034464127058,1.2220750599748091,1.2839029009819165,0.8997937883236687,1.1745244856109185,0.9911879204165853,0.8723885027604469,1.1082971200294929,0.8328634658242866,0.7598016389955969,0.8229869107852489,0.7096809997281864,0.6540830673787136,0.9154198860405434,0.4623503062187045,0.3562848515558342,0.2860455907778278,0.4017138705931702,1.126631179320473,1.1005854135648776,1.1268472874369728,0.864795712805079,1.121004747706742,0.8078066449170027,1.0767907533716377,0.7125708969122334,0.9984660876281729,0.4840171159281856,0.8240039751033927,0.45067454547150926,0.486117758587069,0.48789962960824906,0.33668410817132227,0.28079166925138044,1.8207199151582274,2.016901794100787,1.979475071795049,1.857472922632264,1.8140516081362124,2.198001185950147,2.1575298005667802,2.202580326872312,2.39484095620555,2.448588503457932,2.474263303963937,0.25835510483854496,0.35040435433186196,0.2529771863981973,0.299943257814815,0.2642226212248654,0.5727916885621372,0.4784378708830944,0.7200152600504426,0.5177956496518018,0.77135790062421,0.591540152590435,0.6240904077100714,0.8318001820503595,1.0348636358552559,0.8638279896060367,1.0488798699007493,0.9030791453124524,1.0775153264998072,1.4624593717652254,1.5768066026716356,1.6664979654818994,1.60528081160847,1.6944767708933806,1.635559176910247,1.7202515603532857,2.0852916538599824,2.1564290325836866,0.16474554973149363,0.5068598430733975,0.0,1.1580733286748834,1.0129047078934925,1.2023816724284064,1.0496876842258722,2.367583820210296,2.3199771857330473,1.7303364642953334,1.3936179201134813
3.49799095206441,3.1275667814023294,3.0931276164869956,3.0788860058799212,3.037143760909542,3.0975852657123806,3.0461368066405266,3.06182696749704,2.9720481158797263,3.033598677257218,2.921039762898322,2.9966341490454433,2.9842823749509506,2.8463006521796674,2.9908906640936666,2.9126185230439416,2.19300399393978,2.088433765040989,1.8952228496479357,1.491322049516104,2.105386685753969,1.9394127197378923,1.955768747734631,1.8403404812113509,1.8073036238210363,1.7262646693730803,2.087711952226348,2.1340622795724764,2.1669971045139254,2.231848705314001,1.9778592696126587,1.8944688985950977,1.841958328435176,1.979553121784816,1.8120639281269537,1.73791241896676,1.8828615797357522,1.6947471419400106,1.6932039301297415,1.635697072486855,1.5702967385348763,1.4789695152767828,1.3499161520461596,1.4207655551204779,1.2439418697109306,2.0711629393114013,2.2190289542556387,2.260383434325531,1.9978256279624829,2.2726677051188244,1.9461854405047383,2.225818558951286,1.850845464020165,2.1411521527120376,1.6289690193933202,1.9450905052026741,1.5035502780731986,1.6433810724832967,1.6364287476592116,1.4541431086832068,1.4374271584917495,2.978579595507026,3.1746145350945074,3.1329384093325316,3.0131859497502527,2.9680632207184794,3.3556476158434796,3.3154041780522636,3.3598965062614776,3.5523404375822665,3.6054385367107575,3.6306316299782795,1.0870959841563943,0.9864293739526951,1.2111860406700814,1.1910049945108792,0.9048378308132454,0.7396026725587773,0.714288300747812,0.5312038075934501,0.6870209742097391,0.48882382984755135,0.8885879852882401,0.8393942940503101,0.4960983918156372,0.167846655382262,0.5075884727075998,0.12594959789581212,0.4838225175812345,0.09181860823458195,0.5759815469638392,0.7488183322847534,0.5497200730913027,0.7814930805870217,0.5793519328182565,0.8058128217343036,0.6063479137883284,1.1028015057254144,1.1736645156914816,1.1448963055360424,0.9998919242018738,1.1580733286748834,0.0,0.46767797879606887,0.04444173862539017,0.4711327691255935,1.8348469535968241,1.8026561932413934,1.4507435601251164,1.3108576859995935
3.3848260200404283,3.0148976431717722,3.0041285094799837,2.9639796907346097,2.9351832597547616,3.003299684081652,2.948967380273513,2.9761851560177353,2.8774379081348234,2.9517877137055635,2.825487301953231,2.9167599536602253,2.906954814951578,2.761234437818728,2.9291211201547305,2.851864488087373,2.3435022311642006,2.2128220092837614,2.1299132486712047,1.7355497678974645,2.2278291616281654,2.053139180334471,2.095234345982858,1.9507852546908009,1.920477689030663,1.8872066697046275,2.103505141637656,2.148971601462707,2.181642376205668,2.2462253449433374,1.9072912668467805,2.00172407870837,1.8917413446281874,1.8849188249486502,1.9216314816345883,1.7583257045667846,1.7726009823149744,1.727987941558915,1.673514583858842,1.6144376767694448,1.6827911160860491,1.431768772137239,1.3032692302519004,1.298773113427978,1.2449324308604781,2.0837778891278984,2.113107432171811,2.1359108663118485,1.875595978640256,2.0499961114849468,1.8171765746235193,1.9984326105114796,1.7227826719314736,1.905071841080223,1.4939029094263625,1.6913435090257183,1.4386324782603883,1.4610870046539104,1.4322016848617478,1.3468175675285694,1.283801292742469,2.784613061146523,2.9634915151061345,2.900469633827078,2.7906637039159565,2.739481724225425,3.1420502376678026,3.1181272009870598,3.1685008400051298,3.3578943732753364,3.4158572093048503,3.4439000135649285,1.0518078483858393,0.9913083092493057,0.9668338589002704,0.928317646278566,0.7531549424936008,0.838962491927981,0.5406381079711001,0.6864218193671101,0.4994118176888054,0.6765330641386845,0.5397378610495981,0.4856750974498177,0.1832297759691793,0.524481876662296,0.1491050494909236,0.4817269859728815,0.11013317508646031,0.4735074743730379,0.4516187799773349,0.5674476200848919,0.7369538126690938,0.5974697880821896,0.7597853515493822,0.6278625486498669,0.781445371642969,1.073095737313561,1.1439223489876837,1.067530270111316,1.076397541302767,1.0129047078934925,0.46767797879606887,0.0,0.49393849082350283,0.03721549610205699,1.5180402169192044,1.4782950243365236,1.0312557341955462,0.8501157841409672
3.5406680356099898,3.170328674080502,3.135231992802605,3.1217199163415037,3.079645139076526,3.1398462885219645,3.0884994410069444,3.1038396883205057,3.0143630811001727,3.075502266118107,2.963400899888955,3.0384908050506243,3.0260623430257967,2.888380933471061,3.032143096401941,2.95387113718532,2.2234789968280575,2.1209582715274897,1.9189952373950212,1.515247928176858,2.1380178367688223,1.9729133521866822,1.9874613495358033,1.8742446226301683,1.8410967612180915,1.7568522604888857,2.1264768819852056,2.1728134152034935,2.205722868016308,2.2705158241560937,2.0200289347337903,1.9284750009450409,1.879402088824466,2.022381894328418,1.8460818929738443,1.7769665496874933,1.9261244978339693,1.7332790631584938,1.733993667646224,1.6766332316581607,1.6046893678516283,1.5210251411091762,1.3921764865905932,1.4646058363539636,1.2848668356165875,2.110094740064701,2.261985602372931,2.303739422616126,2.041267028773263,2.3171088627087264,1.9897854932242025,2.2702589699033044,1.8944815103421997,2.185571635606054,1.6728547052771519,1.9893795784597188,1.5460790562549351,1.6877484406422227,1.680868656086136,1.4977027101382314,1.4816493323823812,3.0228280598477175,3.2189798030315817,3.1773787200532593,3.0576094587469904,3.012500958334207,3.400018130541377,3.359652620899479,3.4040815121259334,3.5965412687020115,3.6495809124418113,3.674737534087777,1.1296187208137938,1.0280541060422013,1.2552645883023656,1.234787953288135,0.9492789755606881,0.7787980874906869,0.7584395275785292,0.569896958816081,0.7309116074363796,0.5262317497740258,0.928877586593624,0.8792046861501087,0.533405664013012,0.20200807985599276,0.5428517982873892,0.16506254110483082,0.5173152542952009,0.13160551250622166,0.5654120879722023,0.738436559983073,0.5123890070553089,0.7706729735706828,0.5420140049426495,0.7939624310130389,0.5689727565371738,1.0747732051249181,1.1451464028141833,1.1882904398451763,1.0384733342507424,1.2023816724284064,0.04444173862539017,0.49393849082350283,0.0,0.4945511539463401,1.8294461475206554,1.798241403300993,1.4608194031003503,1.3310196676345334
3.4210612314054307,3.051210325517929,3.0408205694558617,3.0002618048624217,2.971694835746083,3.039916841468177,2.9855509736229755,3.012926415909968,2.914072238094621,2.988581071618594,2.8621174990687415,2.953581775411877,2.943807563800705,2.7980176554299194,2.9661261445838463,2.8888863128008366,2.378231895152643,2.2481864964095677,2.161334610843235,1.7660644438141666,2.2632496678477647,2.0886723246337766,2.1301304970932393,1.9863315125320786,1.9559383896348765,1.9212904097441517,2.140566295305983,2.186046701488164,2.218724430616064,2.283318595346548,1.94437652520001,2.0373764246351285,1.9283846980190469,1.921792933775557,1.9571787992674243,1.7952618092351695,1.8093224410166289,1.7647734494571963,1.7106946468320041,1.6516149665713231,1.7180742219585605,1.4689832865978747,1.340473810297209,1.3356004836643145,1.2818058449550915,2.1208577829002975,2.1497629277467727,2.1722557936831484,1.9120902789465297,2.08354121266608,1.8535829118008404,2.0318224639165487,1.7592556192718563,1.9381661826537826,1.5303997830276517,1.7238365380892788,1.4758284506512904,1.4965684694039592,1.4670532042572146,1.3837792191103437,1.3201433643220235,2.8188433109928672,2.997005272270664,2.933095451009773,2.8237777708299654,2.772355508663773,3.1753984170209812,3.1521167197636846,3.202686190517311,3.391913606654575,3.450034590701678,3.4781695289231127,1.0888689801129925,1.0278406916794642,1.0011119804973698,0.961913656755358,0.7901934563237428,0.8726907283674653,0.5778068596049447,0.7167307366583849,0.536561443038415,0.7051753291244234,0.5700164291932928,0.5160854940587435,0.22044062562775682,0.5391816532147542,0.18587350361852806,0.49462368479339663,0.1472486968222538,0.4840047608044858,0.4158739613578398,0.5302370353545635,0.7110687463574062,0.5602560180056345,0.7332071349074001,0.5906485183892324,0.754306294918556,1.0367071881088188,1.107427262808913,1.1047451679310283,1.1116586951623253,1.0496876842258722,0.4711327691255935,0.03721549610205699,0.4945511539463401,0.0,1.4871064082045309,1.4478290513659016,1.0106089810111396,0.8410280683358156
4.562645010265832,4.211910319235371,4.241783729225447,4.159820434243926,4.1548968274158815,4.232318770374551,4.17596722850176,4.220624054986299,4.112391936020065,4.203502656245125,4.061696839029677,4.173214349595305,4.167837718977339,4.017562388840121,4.212405925330954,4.14013308384601,3.8408109620293334,3.6996921151732547,3.6478844128636956,3.2531511729165308,3.7134356442627854,3.5374743081995788,3.5910798881072195,3.4356036751270684,3.40733459476167,3.393725337229441,3.5159388385688914,3.5586145914258607,3.5896429894417925,3.651275282318669,3.239019123686257,3.4837392196404995,3.3408240988307645,3.187705828762329,3.406655841169489,3.191013697242457,3.064887240909394,3.1719927047675,3.0768234423088043,3.0204180713672053,3.1748163913337777,2.8287113593791564,2.7128173270465887,2.6327809689447466,2.695544515612453,3.4941581624283122,3.38071724395395,3.373233828328358,3.1406028187624013,3.112454865513894,3.0781904627889767,3.057416002197543,2.995460965497937,2.958095341386757,2.7846839456192174,2.739857139452387,2.8178729002090606,2.687206791607737,2.626919226674067,2.691253903897298,2.580733311429309,3.8350441408506666,3.959623089398576,3.848148283209962,3.7732199033435414,3.7115295793640595,4.118615183682562,4.1359350786405225,4.196615566456528,4.366656795608154,4.4326326283821125,4.46571993660761,2.495680533091703,2.4645471666867977,2.2021924316218096,2.145438133257506,2.155447816602832,2.351932411369517,1.979568577041506,2.2038238884816432,1.940640870334047,2.190786814843181,1.776061823405835,1.7460636089220272,1.672469103766784,1.969935067318459,1.6297355277863486,1.9190284045236503,1.605985683382974,1.894885501667919,1.2675159059494037,1.0967960915883967,1.5467657277831188,1.066544685648227,1.5348231239813144,1.0478464067113324,1.5250819115961882,1.0785758188016092,1.0656161817099188,2.477912100322398,2.5745208540273947,2.367583820210296,1.8348469535968241,1.5180402169192044,1.8294461475206554,1.4871064082045309,0.0,0.051465731738157286,0.6826910517694891,1.0425846518549322
4.511482044714201,4.160922615728182,4.191093846360728,4.108836959288014,4.1040832138939916,4.18155889293686,4.125205635806856,4.169999966981292,4.061714328651418,4.152951136969673,4.011044976185231,4.122717741555603,4.117387173929485,3.967113464462637,4.162186616576843,4.089996878570346,3.796993976932712,3.655150419964899,3.607694690596783,3.213795655851023,3.6688064863384398,3.492840514041533,3.5472298220913356,3.3910480248230046,3.3629214685110935,3.350960972302943,3.4684269494285784,3.5110006377668648,3.541966673925361,3.6034859874928435,3.1899600744674537,3.4389904689955615,3.294611326569761,3.138237104682468,3.3621272757966647,3.1443291623619163,3.0153662190703985,3.1257086360389783,3.029382266505348,2.973096304826785,3.130871499741952,2.7813510411669045,2.665913807616207,2.5843644867576834,2.6499392425367767,3.4466027159392882,3.330668888836777,3.3228668446060468,3.090677300629659,3.0611390830990324,3.028263850949321,3.00610552228594,2.945740762843899,2.9067977474041857,2.735405254816831,2.6886325436996183,2.770112351954897,2.637247421061182,2.576714589923925,2.6429465153904808,2.531795176418052,3.78359598540562,3.90816959115277,3.796756430279098,3.721768619281602,3.66008491243271,4.067197998474923,4.084473131788964,4.145150854801363,4.3152107406951,4.381181182794433,4.414265175573497,2.4500952435019956,2.420152124684142,2.1531057336474597,2.0962661364473467,2.109346585728139,2.31050897024333,1.9349430876213214,2.1645039608695926,1.8962120693276776,2.152250196224211,1.7285278951887835,1.699059077907852,1.630723631507471,1.935638759647749,1.5879696539672212,1.8848380438048116,1.5648528692460595,1.8611948561819969,1.2382562660110716,1.0686893617145452,1.527080101391891,1.039034378531699,1.5159886389576551,1.0213584942154248,1.507047798623202,1.0742397766037457,1.0647145969920284,2.4313601257709583,2.5314362632270284,2.3199771857330473,1.8026561932413934,1.4782950243365236,1.798241403300993,1.4478290513659016,0.051465731738157286,0.0,0.6313794612883907,0.9914448070331018
3.8804035067803073,3.5307405559506884,3.563023320717728,3.4786838603466337,3.475080270173101,3.5529470597415735,3.49658836723777,3.5424629003504826,3.4337629525094373,3.526021765124511,3.383310788042815,3.4962650960353625,3.4913376741122772,3.341119094187866,3.538224811442629,3.4668478289250615,3.248447161415988,3.098087208268004,3.1065460165665106,2.7268520173885475,3.1105866887187505,2.935329519259701,2.9994184999894733,2.8350215610305036,2.8088617090362242,2.8182306144882903,2.8752195888301606,2.9164591510974427,2.946605197374105,3.006642086410452,2.5790397709512063,2.8802712001502186,2.7180004377418676,2.5227569539383827,2.806593893849787,2.562379943967842,2.3994747164724535,2.548908629758029,2.4383722463712276,2.3837959905356847,2.5842351792732603,2.192371820542932,2.083449479291422,1.9827629671153304,2.0848033525732634,2.8529246497144523,2.708796510908809,2.697865199698304,2.4702823394837585,2.4297645282636484,2.4079203640421505,2.374727908841743,2.3277312452123575,2.2754187406584574,2.1228004114451675,2.057375931730436,2.1760783758952105,2.01702532401216,1.9539134894310046,2.04249760682549,1.923849333672016,3.1533288831419117,3.280736418826621,3.1722047492377583,3.0945235618531743,3.0332565589097467,3.4415724842142654,3.456299362835828,3.5165769814809225,3.688163629727456,3.7538011941254457,3.786658815122637,1.8869360785889662,1.8737502567714575,1.544733931869066,1.4870464993620978,1.5426928135278635,1.807570432543176,1.3928100403507206,1.6948923123663049,1.3578737240309582,1.694246309597849,1.1461100999445104,1.1253473541664913,1.1428113340434467,1.5465939369945514,1.1017581400209309,1.499649513498567,1.09003196258279,1.4844192599874964,0.9813836830297692,0.8583577822372487,1.3707230368248684,0.8437848908560548,1.3720328172018619,0.8449466893672253,1.3745503207828969,1.1670412173560762,1.1970971986364478,1.8551713926032456,2.001833816277865,1.7303364642953334,1.4507435601251164,1.0312557341955462,1.4608194031003503,1.0106089810111396,0.6826910517694891,0.6313794612883907,0.0,0.3611266424052055
3.520062736977363,3.1697860843153456,3.2019417800476613,3.1177194559160815,3.1139542770937605,3.1918265071742256,3.1354678777145955,3.1814488333434223,3.0726966036836156,3.165112069935631,3.022272957785129,3.1354552515716367,3.130621222628056,2.9804273011293247,3.178093831963731,3.1069960168875763,2.930706976939718,2.7756127935994397,2.8198191283955683,2.4527202834622575,2.787337599487992,2.613258723518314,2.6832439703489404,2.5143745257761405,2.4896194435325905,2.512872478397311,2.531187659946791,2.5715496329502985,2.6011541496631523,2.6602183096344603,2.2253314930896266,2.5576774843048096,2.384669482384944,2.166686493768946,2.4864081880382263,2.226245874848591,2.043316455203262,2.216153204574752,2.096907698114602,2.043626892179614,2.2712321401725077,1.8532305133540512,1.7493480223934958,1.6361127921611858,1.762913419413297,2.5086623210629826,2.3496169559618783,2.3375356419895144,2.1118553138476637,2.0707795861190696,2.0495553578721166,2.015679512672801,1.9705566902662788,1.9162176283180032,1.7688515036472854,1.6974341037161638,1.8336519753272946,1.6590316013301305,1.5947251911276386,1.6963766230895239,1.5732512079913559,2.797482804583049,2.9292220339352637,2.8244587229368467,2.7433898019983287,2.682732840697267,3.092284639305947,3.103667063404007,3.1633470070617986,3.336931897949025,3.4021042227972136,3.434648530576755,1.5684738237445721,1.5680545477906822,1.1954086742706285,1.1374180366172657,1.2264156042677181,1.5363116946366742,1.100967260747692,1.4525703242615464,1.0705287407175728,1.4609327348209646,0.8247530336856184,0.81326658608427,0.912982477152206,1.3727857163056845,0.8768544852279724,1.331459840449764,0.8768892363155933,1.3235652842120904,0.963583285940826,0.8965950463756848,1.3723387014106245,0.8953070008199365,1.3813159737543037,0.9085189282062347,1.3907186020675257,1.3281698381918972,1.3737785664494642,1.5273484235408537,1.7067921332323523,1.3936179201134813,1.3108576859995935,0.8501157841409672,1.3310196676345334,0.8410280683358156,1.0425846518549322,0.9914448070331018,0.3611266424052055,0.0
